Time	UTC	GPS_lat(deg)	GPS_long(deg)	GUIDANCE_MFC_ACC2ATT:att_sp_psi	GUIDANCE_MFC_ACC2ATT:att_sp_theta	GUIDANCE_MFC_ACC2ATT:att_sp_phi	GUIDANCE_MFC_ACC2ATT:vhaty_cd	GUIDANCE_MFC_ACC2ATT:cosphid	GUIDANCE_MFC_ACC2ATT:theta_d	GUIDANCE_MFC_ACC2ATT:phi_d	GUIDANCE_MFC_ACC2ATT:vhaty	GUIDANCE_MFC_ACC2ATT:vhatx	GUIDANCE_MFC_ACC2ATT:u1	GUIDANCE_MFC:sp_traj_z	GUIDANCE_MFC:sp_traj_y	GUIDANCE_MFC:sp_traj_x	GUIDANCE_MFC:cmd_z	GUIDANCE_MFC:cmd_y	GUIDANCE_MFC:cmd_x	GUIDANCE_MFC:fk_z	GUIDANCE_MFC:fk_y	GUIDANCE_MFC:fk_x	GUIDANCE_MFC:err_z	GUIDANCE_MFC:err_y	GUIDANCE_MFC:err_x	GUIDANCE_MFC:me_z	GUIDANCE_MFC:me_y	GUIDANCE_MFC:me_x	GUIDANCE_MFC:sp_z	GUIDANCE_MFC:sp_y	GUIDANCE_MFC:sp_x	STAB_MFC:sp_traj_psi	STAB_MFC:sp_traj_theta	STAB_MFC:sp_traj_phi	STAB_MFC:u3	STAB_MFC:u2	STAB_MFC:u1	STAB_MFC:u0	STAB_MFC:cmd_psi	STAB_MFC:cmd_theta	STAB_MFC:cmd_phi	STAB_MFC:fk_psi	STAB_MFC:fk_theta	STAB_MFC:fk_phi	STAB_MFC:err_psi	STAB_MFC:err_theta	STAB_MFC:err_phi	STAB_MFC:me_psi	STAB_MFC:me_theta	STAB_MFC:me_phi	STAB_MFC:sp_psi	STAB_MFC:sp_theta	STAB_MFC:sp_phi	ROTORCRAFT_FP:flight_time	ROTORCRAFT_FP:thrust	ROTORCRAFT_FP:carrot_psi	ROTORCRAFT_FP:carrot_up	ROTORCRAFT_FP:carrot_north	ROTORCRAFT_FP:carrot_east	ROTORCRAFT_FP:psi	ROTORCRAFT_FP:theta	ROTORCRAFT_FP:phi	ROTORCRAFT_FP:vup	ROTORCRAFT_FP:vnorth	ROTORCRAFT_FP:veast	ROTORCRAFT_FP:up	ROTORCRAFT_FP:north	ROTORCRAFT_FP:east
33.178	04:04:1.178	43.564119342	1.481280402	0.	-0.	-0.	-0.	1.	-0.	-0.	-0.	-0.	-8.	0.	0.	0.	-8.	0.	0.	39.999996	0.	0.	0.	0.	0.	0.	0.	0.	0.	0.	0.	0.	0.	0.	-9600.	-9600.	-9600.	-9600.	0.	0.	0.	0.	0.	0.	0.	0.	0.	0.	0.	0.	0.	0.	0.	0	0	0	76	0	0	0	0	0	0	0	0	0	0	0
33.428	04:04:1.428	43.564119342	1.481280402	0.	-0.	-0.	-0.	1.	-0.	-0.	-0.	-0.	-8.	0.	0.	0.	-8.	0.	0.	39.999996	0.	0.	0.	0.	0.	0.	0.	0.	0.	0.	0.	0.	0.	0.	-9600.	-9600.	-9600.	-9600.	0.	0.	0.	0.	0.	0.	0.	0.	0.	0.	0.	0.	0.	0.	0.	0	0	0	76	0	0	0	0	0	0	0	0	0	0	0
33.678	04:04:1.678	43.564119342	1.481280402	0.	-0.	-0.	-0.	1.	-0.	-0.	-0.	-0.	-8.	0.	0.	0.	-8.	0.	0.	39.999996	0.	0.	0.	0.	0.	0.	0.	0.	0.	0.	0.	0.	0.	0.	-9600.	-9600.	-9600.	-9600.	0.	0.	0.	0.	0.	0.	0.	0.	0.	0.	0.	0.	0.	0.	0.	0	0	0	76	0	0	0	0	0	0	0	0	0	0	0
33.928	04:04:1.928	43.564119342	1.481280402	0.	-0.	-0.	-0.	1.	-0.	-0.	-0.	-0.	-8.	0.	0.	0.	-8.	0.	0.	39.999996	0.	0.	0.	0.	0.	0.	0.	0.	0.	0.	0.	0.	0.	0.	-9600.	-9600.	-9600.	-9600.	0.	0.	0.	0.	0.	0.	0.	0.	0.	0.	0.	0.	0.	0.	0.	0	0	0	76	0	0	0	0	0	0	0	0	0	0	0
34.178	04:04:2.178	43.564119342	1.481280402	0.	-0.	-0.	-0.	1.	-0.	-0.	-0.	-0.	-8.	0.	0.	0.	-8.	0.	0.	39.999996	0.	0.	0.	0.	0.	0.	0.	0.	0.	0.	0.	0.	0.	0.	-9600.	-9600.	-9600.	-9600.	0.	0.	0.	0.	0.	0.	0.	0.	0.	0.	0.	0.	0.	0.	0.	0	0	0	76	0	0	0	0	0	0	0	0	0	0	0
34.428	04:04:2.428	43.564119342	1.481280402	0.	-0.	-0.	-0.	1.	-0.	-0.	-0.	-0.	-8.	0.	0.	0.	-8.	0.	0.	39.999996	0.	0.	0.	0.	0.	0.	0.	0.	0.	0.	0.	0.	0.	0.	-9600.	-9600.	-9600.	-9600.	0.	0.	0.	0.	0.	0.	0.	0.	0.	0.	0.	0.	0.	0.	0.	0	0	0	76	0	0	0	0	0	0	0	0	0	0	0
34.678	04:04:2.678	43.564119342	1.481280402	0.	-0.	-0.	-0.	1.	-0.	-0.	-0.	-0.	-8.	0.	0.	0.	-8.	0.	0.	39.999996	0.	0.	0.	0.	0.	0.	0.	0.	0.	0.	0.	0.	0.	0.	-9600.	-9600.	-9600.	-9600.	0.	0.	0.	0.	0.	0.	0.	0.	0.	0.	0.	0.	0.	0.	0.	0	0	0	76	0	0	0	0	0	0	0	0	0	0	0
34.928	04:04:2.928	43.564119342	1.481280402	0.	-0.	-0.	-0.	1.	-0.	-0.	-0.	-0.	-8.	0.	0.	0.	-8.	0.	0.	39.999996	0.	0.	0.	0.	0.	0.	0.	0.	0.	0.	0.	0.	0.	0.	-9600.	-9600.	-9600.	-9600.	0.	0.	0.	0.	0.	0.	0.	0.	0.	0.	0.	0.	0.	0.	0.	0	0	0	76	0	0	0	0	0	0	0	0	0	0	0
35.178	04:04:3.178	43.564119342	1.481280402	0.	-0.	-0.	-0.	1.	-0.	-0.	-0.	-0.	-8.	0.	0.	0.	-8.	0.	0.	39.999996	0.	0.	0.	0.	0.	0.	0.	0.	0.	0.	0.	0.	0.	0.	-9600.	-9600.	-9600.	-9600.	0.	0.	0.	0.	0.	0.	0.	0.	0.	0.	0.	0.	0.	0.	0.	0	0	0	76	0	0	0	0	0	0	0	0	0	0	0
35.428	04:04:3.428	43.564119342	1.481280402	0.	-0.	-0.	-0.	1.	-0.	-0.	-0.	-0.	-8.	0.	0.	0.	-8.	0.	0.	39.999996	0.	0.	0.	0.	0.	0.	0.	0.	0.	0.	0.	0.	0.	0.	-9600.	-9600.	-9600.	-9600.	0.	0.	0.	0.	0.	0.	0.	0.	0.	0.	0.	0.	0.	0.	0.	0	0	0	76	0	0	0	0	0	0	0	0	0	0	0
35.678	04:04:3.678	43.564119342	1.481280402	0.	-0.	-0.	-0.	1.	-0.	-0.	-0.	-0.	-8.	0.	0.	0.	-8.	0.	0.	39.999996	0.	0.	0.	0.	0.	0.	0.	0.	0.	0.	0.	0.	0.	0.	-9600.	-9600.	-9600.	-9600.	0.	0.	0.	0.	0.	0.	0.	0.	0.	0.	0.	0.	0.	0.	0.	0	0	0	76	0	0	0	0	0	0	0	0	0	0	0
35.928	04:04:3.928	43.564081618	1.481235631	0.	-0.	-0.	-0.	1.	-0.	-0.	-0.	-0.	-8.	0.	0.	0.	-8.	0.	0.	39.999996	0.	0.	0.	0.	0.	0.	0.	0.	0.	0.	0.	0.	0.	0.	-9600.	-9600.	-9600.	-9600.	0.	0.	0.	0.	0.	0.	0.	0.	0.	0.	0.	0.	0.	0.	0.	0	0	0	76	0	0	11978	-632	-3103	-110843	1237467	394717	239	-1073	-926
36.178	04:04:4.178	43.564085661	1.481237517	0.	-0.	-0.	-0.	1.	-0.	-0.	-0.	-0.	-8.	0.	0.	0.	-8.	0.	0.	39.999996	0.	0.	0.	0.	0.	0.	0.	0.	0.	0.	0.	0.	0.	0.	-9600.	-9600.	-9600.	-9600.	0.	0.	0.	0.	0.	0.	0.	0.	0.	0.	0.	0.	0.	0.	0.	0	0	0	76	0	0	11595	-1006	-3145	-14662	898579	467847	245	-958	-887
36.428	04:04:4.428	43.564088930	1.481239403	0.	-0.	-0.	-0.	1.	-0.	-0.	-0.	-0.	-8.	0.	0.	0.	-8.	0.	0.	39.999996	0.	0.	0.	0.	0.	0.	0.	0.	0.	0.	0.	0.	0.	0.	-9600.	-9600.	-9600.	-9600.	0.	0.	0.	0.	0.	0.	0.	0.	0.	0.	0.	0.	0.	0.	0.	0	0	0	76	0	0	11426	-1108	-2061	102741	573067	341118	267	-865	-848
36.678	04:04:4.678	43.564091848	1.481241675	0.	-0.	-0.	-0.	1.	-0.	-0.	-0.	-0.	-8.	0.	0.	0.	-8.	0.	0.	39.999996	0.	0.	0.	0.	0.	0.	0.	0.	0.	0.	0.	0.	0.	0.	-9600.	-9600.	-9600.	-9600.	0.	0.	0.	0.	0.	0.	0.	0.	0.	0.	0.	0.	0.	0.	0.	0	0	0	76	0	0	11693	-801	-1832	33460	310203	300830	279	-782	-801
36.928	04:04:4.928	43.564095048	1.481244624	0.	-0.	-0.	-0.	1.	-0.	-0.	-0.	-0.	-8.	0.	0.	0.	-8.	0.	0.	39.999996	0.	0.	0.	0.	0.	0.	0.	0.	0.	0.	0.	0.	0.	0.	-9600.	-9600.	-9600.	-9600.	0.	0.	0.	0.	0.	0.	0.	0.	0.	0.	0.	0.	0.	0.	0.	0	0	0	76	0	0	12035	-377	-2498	-173844	441055	386909	259	-691	-740
37.178	04:04:5.178	43.564100251	1.481248202	0.	-0.	-0.	-0.	1.	-0.	-0.	-0.	-0.	-8.	0.	0.	0.	-8.	0.	0.	39.999996	0.	0.	0.	0.	0.	0.	0.	0.	0.	0.	0.	0.	0.	0.	-9600.	-9600.	-9600.	-9600.	0.	0.	0.	0.	0.	0.	0.	0.	0.	0.	0.	0.	0.	0.	0.	0	0	0	76	0	0	11772	821	-4112	-484308	1336294	389947	201	-543	-666
37.428	04:04:5.428	43.564104716	1.481251200	0.	-0.	-0.	-0.	1.	-0.	-0.	-0.	-0.	-8.	0.	0.	0.	-8.	0.	0.	39.999996	0.	0.	0.	0.	0.	0.	0.	0.	0.	0.	0.	0.	0.	0.	-9600.	-9600.	-9600.	-9600.	0.	0.	0.	0.	0.	0.	0.	0.	0.	0.	0.	0.	0.	0.	0.	0	0	0	76	0	0	12037	575	-5217	-749559	1594194	609231	122	-416	-604
37.678	04:04:5.678	43.564107142	1.481254391	0.	-0.	-0.	-0.	1.	-0.	-0.	-0.	-0.	-8.	0.	0.	0.	-8.	0.	0.	39.999996	0.	0.	0.	0.	0.	0.	0.	0.	0.	0.	0.	0.	0.	0.	-9600.	-9600.	-9600.	-9600.	0.	0.	0.	0.	0.	0.	0.	0.	0.	0.	0.	0.	0.	0.	0.	0	0	0	76	0	0	12407	394	-2961	-436831	1428966	472181	63	-347	-538
37.928	04:04:5.928	43.564109040	1.481256711	0.	-0.	-0.	-0.	1.	-0.	-0.	-0.	-0.	-8.	0.	0.	0.	-8.	0.	0.	39.999996	0.	0.	0.	0.	0.	0.	0.	0.	0.	0.	0.	0.	0.	0.	-9600.	-9600.	-9600.	-9600.	0.	0.	0.	0.	0.	0.	0.	0.	0.	0.	0.	0.	0.	0.	0.	0	0	0	76	0	0	12965	276	-1623	-64848	917995	103389	38	-293	-490
38.178	04:04:6.178	43.564107564	1.481256905	0.	-0.	-0.	-0.	1.	-0.	-0.	-0.	-0.	-8.	0.	0.	0.	-8.	0.	0.	39.999996	0.	0.	0.	0.	0.	0.	0.	0.	0.	0.	0.	0.	0.	0.	-9600.	-9600.	-9600.	-9600.	0.	0.	0.	0.	0.	0.	0.	0.	0.	0.	0.	0.	0.	0.	0.	0	0	0	76	0	0	13219	325	-1220	-46619	-28016	-125605	33	-335	-486
38.428	04:04:6.428	43.564106755	1.481256373	0.	-0.	-0.	-0.	1.	-0.	-0.	-0.	-0.	-8.	0.	0.	0.	-8.	0.	0.	39.999996	0.	0.	0.	0.	0.	0.	0.	0.	0.	0.	0.	0.	0.	0.	-9600.	-9600.	-9600.	-9600.	0.	0.	0.	0.	0.	0.	0.	0.	0.	0.	0.	0.	0.	0.	0.	0	0	0	76	0	0	12858	465	-881	112174	-490308	-397949	25	-358	-497
38.678	04:04:6.678	43.564106931	1.481256711	0.	-0.	-0.	-0.	1.	-0.	-0.	-0.	-0.	-8.	0.	0.	0.	-8.	0.	0.	39.999996	0.	0.	0.	0.	0.	0.	0.	0.	0.	0.	0.	0.	0.	0.	-9600.	-9600.	-9600.	-9600.	0.	0.	0.	0.	0.	0.	0.	0.	0.	0.	0.	0.	0.	0.	0.	0	0	0	76	0	0	12902	149	-1801	109141	-403529	-166518	23	-353	-490
38.928	04:04:6.928	43.564106790	1.481257050	0.	-0.	-0.	-0.	1.	-0.	-0.	-0.	-0.	-8.	0.	0.	0.	-8.	0.	0.	39.999996	0.	0.	0.	0.	0.	0.	0.	0.	0.	0.	0.	0.	0.	0.	-9600.	-9600.	-9600.	-9600.	0.	0.	0.	0.	0.	0.	0.	0.	0.	0.	0.	0.	0.	0.	0.	0	0	0	76	0	0	12896	160	-1880	101616	-324247	-23515	25	-357	-483
39.178	04:04:7.178	43.564106685	1.481256905	0.	-0.	-0.	-0.	1.	-0.	-0.	-0.	-0.	-8.	0.	0.	0.	-8.	0.	0.	39.999996	0.	0.	0.	0.	0.	0.	0.	0.	0.	0.	0.	0.	0.	0.	-9600.	-9600.	-9600.	-9600.	0.	0.	0.	0.	0.	0.	0.	0.	0.	0.	0.	0.	0.	0.	0.	0	0	0	76	0	0	11958	-122	-1499	92569	-357121	-61802	26	-360	-486
39.428	04:04:7.428	43.564106826	1.481256856	0.	-0.	-0.	-0.	1.	-0.	-0.	-0.	-0.	-8.	0.	0.	0.	-8.	0.	0.	39.999996	0.	0.	0.	0.	0.	0.	0.	0.	0.	0.	0.	0.	0.	0.	-9600.	-9600.	-9600.	-9600.	0.	0.	0.	0.	0.	0.	0.	0.	0.	0.	0.	0.	0.	0.	0.	0	0	0	76	0	0	5878	25	-276	40788	-508908	62291	21	-356	-487
39.678	04:04:7.678	43.564106790	1.481258210	0.	-0.	-0.	-0.	1.	-0.	-0.	-0.	-0.	-8.	0.	0.	0.	-8.	0.	0.	39.999996	0.	0.	0.	0.	0.	0.	0.	0.	0.	0.	0.	0.	0.	0.	-9600.	-9600.	-9600.	-9600.	0.	0.	0.	0.	0.	0.	0.	0.	0.	0.	0.	0.	0.	0.	0.	0	0	0	76	0	0	1804	5	-327	21637	-202604	672247	21	-357	-459
39.928	04:04:7.928	43.564107951	1.481257001	0.	-0.	-0.	-0.	1.	-0.	-0.	-0.	-0.	-8.	0.	0.	0.	-8.	0.	0.	39.999996	0.	0.	0.	0.	0.	0.	0.	0.	0.	0.	0.	0.	0.	0.	-9600.	-9600.	-9600.	-9600.	0.	0.	0.	0.	0.	0.	0.	0.	0.	0.	0.	0.	0.	0.	0.	0	0	0	76	0	0	67	50	-1046	30674	249929	111329	20	-324	-484
40.178	04:04:8.178	43.564108337	1.481256808	0.	-0.	-0.	-0.	1.	-0.	-0.	-0.	-0.	-8.	0.	0.	0.	-8.	0.	0.	39.999996	0.	0.	0.	0.	0.	0.	0.	0.	0.	0.	0.	0.	0.	0.	-9600.	-9600.	-9600.	-9600.	0.	0.	0.	0.	0.	0.	0.	0.	0.	0.	0.	0.	0.	0.	0.	0	0	0	76	0	0	0	75	-1053	50529	312397	100086	22	-313	-488
40.428	04:04:8.428	43.564107951	1.481256663	0.	-0.	-0.	-0.	1.	-0.	-0.	-0.	-0.	-8.	0.	0.	0.	-8.	0.	0.	39.999996	0.	0.	0.	0.	0.	0.	0.	0.	0.	0.	0.	0.	0.	0.	-9600.	-9600.	-9600.	-9600.	0.	0.	0.	0.	0.	0.	0.	0.	0.	0.	0.	0.	0.	0.	0.	0	0	0	76	0	0	290	172	-1131	33088	145398	66500	20	-324	-491
40.678	04:04:8.678	43.564108021	1.481257001	0.	-0.	-0.	-0.	1.	-0.	-0.	-0.	-0.	-8.	0.	0.	0.	-8.	0.	0.	39.999996	0.	0.	0.	0.	0.	0.	0.	0.	0.	0.	0.	0.	0.	0.	-9600.	-9600.	-9600.	-9600.	0.	0.	0.	0.	0.	0.	0.	0.	0.	0.	0.	0.	0.	0.	0.	0	0	0	76	0	0	1021	155	-1111	53220	168271	150452	22	-322	-484
40.928	04:04:8.928	43.564107845	1.481256856	0.	-0.	-0.	-0.	1.	-0.	-0.	-0.	-0.	-8.	0.	0.	0.	-8.	0.	0.	39.999996	0.	0.	0.	0.	0.	0.	0.	0.	0.	0.	0.	0.	0.	0.	-9600.	-9600.	-9600.	-9600.	0.	0.	0.	0.	0.	0.	0.	0.	0.	0.	0.	0.	0.	0.	0.	0	0	0	76	0	0	943	156	-1210	36669	110881	75699	21	-327	-487
41.178	04:04:9.178	43.564107951	1.481256905	0.	-0.	-0.	-0.	1.	-0.	-0.	-0.	-0.	-8.	0.	0.	0.	-8.	0.	0.	39.999996	0.	0.	0.	0.	0.	0.	0.	0.	0.	0.	0.	0.	0.	0.	-9600.	-9600.	-9600.	-9600.	0.	0.	0.	0.	0.	0.	0.	0.	0.	0.	0.	0.	0.	0.	0.	0	0	0	76	0	0	915	146	-1241	44476	139742	81832	21	-324	-486
41.428	04:04:9.428	43.564108021	1.481256953	0.	-0.	-0.	-0.	1.	-0.	-0.	-0.	-0.	-8.	0.	0.	0.	-8.	0.	0.	39.999996	0.	0.	0.	0.	0.	0.	0.	0.	0.	0.	0.	0.	0.	0.	-9600.	-9600.	-9600.	-9600.	0.	0.	0.	0.	0.	0.	0.	0.	0.	0.	0.	0.	0.	0.	0.	0	0	0	76	0	0	892	137	-1264	51466	163439	89814	22	-322	-485
41.678	04:04:9.678	43.564107880	1.481256808	0.	-0.	-0.	-0.	1.	-0.	-0.	-0.	-0.	-8.	0.	0.	0.	-8.	0.	0.	39.999996	0.	0.	0.	0.	0.	0.	0.	0.	0.	0.	0.	0.	0.	0.	-9600.	-9600.	-9600.	-9600.	0.	0.	0.	0.	0.	0.	0.	0.	0.	0.	0.	0.	0.	0.	0.	0	0	0	76	0	0	859	133	-1264	37770	124808	64732	21	-326	-488
41.928	04:04:9.928	43.564108021	1.481256856	0.	-0.	-0.	-0.	1.	-0.	-0.	-0.	-0.	-8.	0.	0.	0.	-8.	0.	0.	39.999996	0.	0.	0.	0.	0.	0.	0.	0.	0.	0.	0.	0.	0.	0.	-9600.	-9600.	-9600.	-9600.	0.	0.	0.	0.	0.	0.	0.	0.	0.	0.	0.	0.	0.	0.	0.	0	0	0	76	0	0	855	126	-1293	44699	150469	70396	22	-322	-487
42.178	04:04:10.178	43.564107845	1.481256808	0.	-0.	-0.	-0.	1.	-0.	-0.	-0.	-0.	-8.	0.	0.	0.	-8.	0.	0.	39.999996	0.	0.	0.	0.	0.	0.	0.	0.	0.	0.	0.	0.	0.	0.	-9600.	-9600.	-9600.	-9600.	0.	0.	0.	0.	0.	0.	0.	0.	0.	0.	0.	0.	0.	0.	0.	0	0	0	76	0	0	828	127	-1265	31441	109750	51560	21	-327	-488
42.428	04:04:10.428	43.564107951	1.481256856	0.	-0.	-0.	-0.	1.	-0.	-0.	-0.	-0.	-8.	0.	0.	0.	-8.	0.	0.	39.999996	0.	0.	0.	0.	0.	0.	0.	0.	0.	0.	0.	0.	0.	0.	-9600.	-9600.	-9600.	-9600.	0.	0.	0.	0.	0.	0.	0.	0.	0.	0.	0.	0.	0.	0.	0.	0	0	0	76	0	0	821	123	-1268	39378	132591	64474	21	-324	-487
42.678	04:04:10.678	43.564107810	1.481256760	0.	-0.	-0.	-0.	1.	-0.	-0.	-0.	-0.	-8.	0.	0.	0.	-8.	0.	0.	39.999996	0.	0.	0.	0.	0.	0.	0.	0.	0.	0.	0.	0.	0.	0.	-9600.	-9600.	-9600.	-9600.	0.	0.	0.	0.	0.	0.	0.	0.	0.	0.	0.	0.	0.	0.	0.	0	0	0	76	0	0	811	125	-1262	26874	94389	42306	20	-328	-489
42.928	04:04:10.928	43.564107915	1.481256808	0.	-0.	-0.	-0.	1.	-0.	-0.	-0.	-0.	-8.	0.	0.	0.	-8.	0.	0.	39.999996	0.	0.	0.	0.	0.	0.	0.	0.	0.	0.	0.	0.	0.	0.	-9600.	-9600.	-9600.	-9600.	0.	0.	0.	0.	0.	0.	0.	0.	0.	0.	0.	0.	0.	0.	0.	0	0	0	76	0	0	806	123	-1263	34120	116836	54132	21	-325	-488
43.178	04:04:11.178	43.564107810	1.481256760	0.	-0.	-0.	-0.	1.	-0.	-0.	-0.	-0.	-8.	0.	0.	0.	-8.	0.	0.	39.999996	0.	0.	0.	0.	0.	0.	0.	0.	0.	0.	0.	0.	0.	0.	-9600.	-9600.	-9600.	-9600.	0.	0.	0.	0.	0.	0.	0.	0.	0.	0.	0.	0.	0.	0.	0.	0	0	0	76	0	0	800	125	-1255	23760	83591	36641	20	-328	-489
43.428	04:04:11.428	43.564107880	1.481256808	0.	-0.	-0.	-0.	1.	-0.	-0.	-0.	-0.	-8.	0.	0.	0.	-8.	0.	0.	39.999996	0.	0.	0.	0.	0.	0.	0.	0.	0.	0.	0.	0.	0.	0.	-9600.	-9600.	-9600.	-9600.	0.	0.	0.	0.	0.	0.	0.	0.	0.	0.	0.	0.	0.	0.	0.	0	0	0	76	0	0	798	124	-1254	30793	105052	48121	21	-326	-488
43.678	04:04:11.678	43.564107951	1.481256856	0.	-0.	-0.	-0.	1.	-0.	-0.	-0.	-0.	-8.	0.	0.	0.	-8.	0.	0.	39.999996	0.	0.	0.	0.	0.	0.	0.	0.	0.	0.	0.	0.	0.	0.	-9600.	-9600.	-9600.	-9600.	0.	0.	0.	0.	0.	0.	0.	0.	0.	0.	0.	0.	0.	0.	0.	0	0	0	76	0	0	796	123	-1253	36310	121368	56606	21	-324	-487
43.928	04:04:11.928	43.564107775	1.481256760	0.	-0.	-0.	-0.	1.	-0.	-0.	-0.	-0.	-8.	0.	0.	0.	-8.	0.	0.	39.999996	0.	0.	0.	0.	0.	0.	0.	0.	0.	0.	0.	0.	0.	0.	-9600.	-9600.	-9600.	-9600.	0.	0.	0.	0.	0.	0.	0.	0.	0.	0.	0.	0.	0.	0.	0.	0	0	0	76	0	0	791	127	-1239	25381	84693	40523	20	-329	-489
44.178	04:04:12.178	43.564107845	1.481256760	0.	-0.	-0.	-0.	1.	-0.	-0.	-0.	-0.	-8.	0.	0.	0.	-8.	0.	0.	39.999996	0.	0.	0.	0.	0.	0.	0.	0.	0.	0.	0.	0.	0.	0.	-9600.	-9600.	-9600.	-9600.	0.	0.	0.	0.	0.	0.	0.	0.	0.	0.	0.	0.	0.	0.	0.	0	0	0	76	0	0	790	127	-1239	27551	90683	43305	20	-327	-489
44.428	04:04:12.428	43.564107810	1.481256760	0.	-0.	-0.	-0.	1.	-0.	-0.	-0.	-0.	-8.	0.	0.	0.	-8.	0.	0.	39.999996	0.	0.	0.	0.	0.	0.	0.	0.	0.	0.	0.	0.	0.	0.	-9600.	-9600.	-9600.	-9600.	0.	0.	0.	0.	0.	0.	0.	0.	0.	0.	0.	0.	0.	0.	0.	0	0	0	76	0	0	788	129	-1230	23858	80244	37594	20	-328	-489
44.678	04:04:12.678	43.564107880	1.481256808	0.	-0.	-0.	-0.	1.	-0.	-0.	-0.	-0.	-8.	0.	0.	0.	-8.	0.	0.	39.999996	0.	0.	0.	0.	0.	0.	0.	0.	0.	0.	0.	0.	0.	0.	-9600.	-9600.	-9600.	-9600.	0.	0.	0.	0.	0.	0.	0.	0.	0.	0.	0.	0.	0.	0.	0.	0	0	0	76	0	0	788	128	-1229	30154	97683	47709	21	-326	-488
44.928	04:04:12.928	43.564107775	1.481256760	0.	-0.	-0.	-0.	1.	-0.	-0.	-0.	-0.	-8.	0.	0.	0.	-8.	0.	0.	39.999996	0.	0.	0.	0.	0.	0.	0.	0.	0.	0.	0.	0.	0.	0.	-9600.	-9600.	-9600.	-9600.	0.	0.	0.	0.	0.	0.	0.	0.	0.	0.	0.	0.	0.	0.	0.	0	0	0	76	0	0	786	130	-1223	20979	69325	31882	20	-329	-489
45.178	04:04:13.178	43.564107775	1.481256760	0.	-0.	-0.	-0.	1.	-0.	-0.	-0.	-0.	-8.	0.	0.	0.	-8.	0.	0.	39.999996	0.	0.	0.	0.	0.	0.	0.	0.	0.	0.	0.	0.	0.	0.	-9600.	-9600.	-9600.	-9600.	0.	0.	0.	0.	0.	0.	0.	0.	0.	0.	0.	0.	0.	0.	0.	0	0	0	76	0	0	786	130	-1222	22485	70811	33944	20	-329	-489
45.428	04:04:13.428	43.564107775	1.481256760	0.	-0.	-0.	-0.	1.	-0.	-0.	-0.	-0.	-8.	0.	0.	0.	-8.	0.	0.	39.999996	0.	0.	0.	0.	0.	0.	0.	0.	0.	0.	0.	0.	0.	0.	-9600.	-9600.	-9600.	-9600.	0.	0.	0.	0.	0.	0.	0.	0.	0.	0.	0.	0.	0.	0.	0.	0	0	0	76	0	0	785	131	-1214	18770	61553	28453	20	-329	-489
45.678	04:04:13.678	43.564107810	1.481256760	0.	-0.	-0.	-0.	1.	-0.	-0.	-0.	-0.	-8.	0.	0.	0.	-8.	0.	0.	39.999996	0.	0.	0.	0.	0.	0.	0.	0.	0.	0.	0.	0.	0.	0.	-9600.	-9600.	-9600.	-9600.	0.	0.	0.	0.	0.	0.	0.	0.	0.	0.	0.	0.	0.	0.	0.	0	0	0	76	0	0	785	131	-1213	24611	77527	37647	20	-328	-489
45.928	04:04:13.928	43.564107880	1.481256808	0.	-0.	-0.	-0.	1.	-0.	-0.	-0.	-0.	-8.	0.	0.	0.	-8.	0.	0.	39.999996	0.	0.	0.	0.	0.	0.	0.	0.	0.	0.	0.	0.	0.	0.	-9600.	-9600.	-9600.	-9600.	0.	0.	0.	0.	0.	0.	0.	0.	0.	0.	0.	0.	0.	0.	0.	0	0	0	76	0	0	785	130	-1213	29589	91704	45337	21	-326	-488
46.178	04:04:14.178	43.564107810	1.481256760	0.	-0.	-0.	-0.	1.	-0.	-0.	-0.	-0.	-8.	0.	0.	0.	-8.	0.	0.	39.999996	0.	0.	0.	0.	0.	0.	0.	0.	0.	0.	0.	0.	0.	0.	-9600.	-9600.	-9600.	-9600.	0.	0.	0.	0.	0.	0.	0.	0.	0.	0.	0.	0.	0.	0.	0.	0	0	0	76	0	0	784	132	-1206	21571	69091	33882	20	-328	-489
46.428	04:04:14.428	43.564107740	1.481256711	0.	-0.	-0.	-0.	1.	-0.	-0.	-0.	-0.	-8.	0.	0.	0.	-8.	0.	0.	39.999996	0.	0.	0.	0.	0.	0.	0.	0.	0.	0.	0.	0.	0.	0.	-9600.	-9600.	-9600.	-9600.	0.	0.	0.	0.	0.	0.	0.	0.	0.	0.	0.	0.	0.	0.	0.	0	0	0	76	0	0	784	133	-1209	16553	54032	24594	20	-330	-490
46.678	04:04:14.678	43.564107775	1.481256760	0.	-0.	-0.	-0.	1.	-0.	-0.	-0.	-0.	-8.	0.	0.	0.	-8.	0.	0.	39.999996	0.	0.	0.	0.	0.	0.	0.	0.	0.	0.	0.	0.	0.	0.	-9600.	-9600.	-9600.	-9600.	0.	0.	0.	0.	0.	0.	0.	0.	0.	0.	0.	0.	0.	0.	0.	0	0	0	76	0	0	783	134	-1197	19146	62449	30836	20	-329	-489
46.928	04:04:14.928	43.564107845	1.481256808	0.	-0.	-0.	-0.	1.	-0.	-0.	-0.	-0.	-8.	0.	0.	0.	-8.	0.	0.	39.999996	0.	0.	0.	0.	0.	0.	0.	0.	0.	0.	0.	0.	0.	0.	-9600.	-9600.	-9600.	-9600.	0.	0.	0.	0.	0.	0.	0.	0.	0.	0.	0.	0.	0.	0.	0.	0	0	0	76	0	0	784	133	-1197	24261	76170	39816	21	-327	-488
47.178	04:04:15.178	43.564107740	1.481256760	0.	-0.	-0.	-0.	1.	-0.	-0.	-0.	-0.	-8.	0.	0.	0.	-8.	0.	0.	39.999996	0.	0.	0.	0.	0.	0.	0.	0.	0.	0.	0.	0.	0.	0.	-9600.	-9600.	-9600.	-9600.	0.	0.	0.	0.	0.	0.	0.	0.	0.	0.	0.	0.	0.	0.	0.	0	0	0	76	0	0	783	135	-1192	17152	54756	26938	20	-330	-489
47.428	04:04:15.428	43.564107810	1.481256760	0.	-0.	-0.	-0.	1.	-0.	-0.	-0.	-0.	-8.	0.	0.	0.	-8.	0.	0.	39.999996	0.	0.	0.	0.	0.	0.	0.	0.	0.	0.	0.	0.	0.	0.	-9600.	-9600.	-9600.	-9600.	0.	0.	0.	0.	0.	0.	0.	0.	0.	0.	0.	0.	0.	0.	0.	0	0	0	76	0	0	783	134	-1192	22111	68304	35299	20	-328	-489
47.678	04:04:15.678	43.564107740	1.481256711	0.	-0.	-0.	-0.	1.	-0.	-0.	-0.	-0.	-8.	0.	0.	0.	-8.	0.	0.	39.999996	0.	0.	0.	0.	0.	0.	0.	0.	0.	0.	0.	0.	0.	0.	-9600.	-9600.	-9600.	-9600.	0.	0.	0.	0.	0.	0.	0.	0.	0.	0.	0.	0.	0.	0.	0.	0	0	0	76	0	0	783	136	-1186	15524	49198	24208	20	-330	-490
47.928	04:04:15.928	43.564107775	1.481256760	0.	-0.	-0.	-0.	1.	-0.	-0.	-0.	-0.	-8.	0.	0.	0.	-8.	0.	0.	39.999996	0.	0.	0.	0.	0.	0.	0.	0.	0.	0.	0.	0.	0.	0.	-9600.	-9600.	-9600.	-9600.	0.	0.	0.	0.	0.	0.	0.	0.	0.	0.	0.	0.	0.	0.	0.	0	0	0	76	0	0	783	135	-1186	20814	62536	32756	20	-329	-489
48.178	04:04:16.178	43.564107740	1.481256711	0.	-0.	-0.	-0.	1.	-0.	-0.	-0.	-0.	-8.	0.	0.	0.	-8.	0.	0.	39.999996	0.	0.	0.	0.	0.	0.	0.	0.	0.	0.	0.	0.	0.	0.	-9600.	-9600.	-9600.	-9600.	0.	0.	0.	0.	0.	0.	0.	0.	0.	0.	0.	0.	0.	0.	0.	0	0	0	76	0	0	783	136	-1188	17190	52137	25895	20	-330	-490
48.428	04:04:16.428	43.564107775	1.481256760	0.	-0.	-0.	-0.	1.	-0.	-0.	-0.	-0.	-8.	0.	0.	0.	-8.	0.	0.	39.999996	0.	0.	0.	0.	0.	0.	0.	0.	0.	0.	0.	0.	0.	0.	-9600.	-9600.	-9600.	-9600.	0.	0.	0.	0.	0.	0.	0.	0.	0.	0.	0.	0.	0.	0.	0.	0	0	0	76	0	0	782	136	-1179	17787	54699	28356	20	-329	-489
48.678	04:04:16.678	43.564107810	1.481256808	0.	-0.	-0.	-0.	1.	-0.	-0.	-0.	-0.	-8.	0.	0.	0.	-8.	0.	0.	39.999996	0.	0.	0.	0.	0.	0.	0.	0.	0.	0.	0.	0.	0.	0.	-9600.	-9600.	-9600.	-9600.	0.	0.	0.	0.	0.	0.	0.	0.	0.	0.	0.	0.	0.	0.	0.	0	0	0	76	0	0	782	136	-1179	22712	66659	36316	20	-328	-488
48.928	04:04:16.928	43.564107740	1.481256760	0.	-0.	-0.	-0.	1.	-0.	-0.	-0.	-0.	-8.	0.	0.	0.	-8.	0.	0.	39.999996	0.	0.	0.	0.	0.	0.	0.	0.	0.	0.	0.	0.	0.	0.	-9600.	-9600.	-9600.	-9600.	0.	0.	0.	0.	0.	0.	0.	0.	0.	0.	0.	0.	0.	0.	0.	0	0	0	76	0	0	782	137	-1175	16851	50155	26311	20	-330	-489
49.178	04:04:17.178	43.564107810	1.481256760	0.	-0.	-0.	-0.	1.	-0.	-0.	-0.	-0.	-8.	0.	0.	0.	-8.	0.	0.	39.999996	0.	0.	0.	0.	0.	0.	0.	0.	0.	0.	0.	0.	0.	0.	-9600.	-9600.	-9600.	-9600.	0.	0.	0.	0.	0.	0.	0.	0.	0.	0.	0.	0.	0.	0.	0.	0	0	0	76	0	0	782	136	-1175	21445	62437	33806	20	-328	-489
49.428	04:04:17.428	43.564107740	1.481256711	0.	-0.	-0.	-0.	1.	-0.	-0.	-0.	-0.	-8.	0.	0.	0.	-8.	0.	0.	39.999996	0.	0.	0.	0.	0.	0.	0.	0.	0.	0.	0.	0.	0.	0.	-9600.	-9600.	-9600.	-9600.	0.	0.	0.	0.	0.	0.	0.	0.	0.	0.	0.	0.	0.	0.	0.	0	0	0	76	0	0	782	137	-1172	14514	44487	22635	20	-330	-490
49.678	04:04:17.678	43.564107775	1.481256760	0.	-0.	-0.	-0.	1.	-0.	-0.	-0.	-0.	-8.	0.	0.	0.	-8.	0.	0.	39.999996	0.	0.	0.	0.	0.	0.	0.	0.	0.	0.	0.	0.	0.	0.	-9600.	-9600.	-9600.	-9600.	0.	0.	0.	0.	0.	0.	0.	0.	0.	0.	0.	0.	0.	0.	0.	0	0	0	76	0	0	782	137	-1171	19189	55971	29777	20	-329	-489
49.928	04:04:17.928	43.564107740	1.481256711	0.	-0.	-0.	-0.	1.	-0.	-0.	-0.	-0.	-8.	0.	0.	0.	-8.	0.	0.	39.999996	0.	0.	0.	0.	0.	0.	0.	0.	0.	0.	0.	0.	0.	0.	-9600.	-9600.	-9600.	-9600.	0.	0.	0.	0.	0.	0.	0.	0.	0.	0.	0.	0.	0.	0.	0.	0	0	0	76	0	0	782	138	-1167	13650	41064	21087	20	-330	-490
50.178	04:04:18.178	43.564107775	1.481256760	0.	-0.	-0.	-0.	1.	-0.	-0.	-0.	-0.	-8.	0.	0.	0.	-8.	0.	0.	39.999996	0.	0.	0.	0.	0.	0.	0.	0.	0.	0.	0.	0.	0.	0.	-9600.	-9600.	-9600.	-9600.	0.	0.	0.	0.	0.	0.	0.	0.	0.	0.	0.	0.	0.	0.	0.	0	0	0	76	0	0	782	137	-1166	17599	51530	27902	20	-329	-489
50.428	04:04:18.428	43.564107810	1.481256760	0.	-0.	-0.	-0.	1.	-0.	-0.	-0.	-0.	-8.	0.	0.	0.	-8.	0.	0.	39.999996	0.	0.	0.	0.	0.	0.	0.	0.	0.	0.	0.	0.	0.	0.	-9600.	-9600.	-9600.	-9600.	0.	0.	0.	0.	0.	0.	0.	0.	0.	0.	0.	0.	0.	0.	0.	0	0	0	76	0	0	782	137	-1167	20956	60382	33243	20	-328	-489
50.678	04:04:18.678	43.564107740	1.481256760	0.	-0.	-0.	-0.	1.	-0.	-0.	-0.	-0.	-8.	0.	0.	0.	-8.	0.	0.	39.999996	0.	0.	0.	0.	0.	0.	0.	0.	0.	0.	0.	0.	0.	0.	-9600.	-9600.	-9600.	-9600.	0.	0.	0.	0.	0.	0.	0.	0.	0.	0.	0.	0.	0.	0.	0.	0	0	0	76	0	0	782	138	-1163	15442	46335	24924	20	-330	-489
50.928	04:04:18.928	43.564107775	1.481256760	0.	-0.	-0.	-0.	1.	-0.	-0.	-0.	-0.	-8.	0.	0.	0.	-8.	0.	0.	39.999996	0.	0.	0.	0.	0.	0.	0.	0.	0.	0.	0.	0.	0.	0.	-9600.	-9600.	-9600.	-9600.	0.	0.	0.	0.	0.	0.	0.	0.	0.	0.	0.	0.	0.	0.	0.	0	0	0	76	0	0	782	138	-1162	18868	55065	31261	20	-329	-489
51.178	04:04:19.178	43.564107740	1.481256760	0.	-0.	-0.	-0.	1.	-0.	-0.	-0.	-0.	-8.	0.	0.	0.	-8.	0.	0.	39.999996	0.	0.	0.	0.	0.	0.	0.	0.	0.	0.	0.	0.	0.	0.	-9600.	-9600.	-9600.	-9600.	0.	0.	0.	0.	0.	0.	0.	0.	0.	0.	0.	0.	0.	0.	0.	0	0	0	76	0	0	782	138	-1159	14052	42482	22965	20	-330	-489
51.428	04:04:19.428	43.564107775	1.481256760	0.	-0.	-0.	-0.	1.	-0.	-0.	-0.	-0.	-8.	0.	0.	0.	-8.	0.	0.	39.999996	0.	0.	0.	0.	0.	0.	0.	0.	0.	0.	0.	0.	0.	0.	-9600.	-9600.	-9600.	-9600.	0.	0.	0.	0.	0.	0.	0.	0.	0.	0.	0.	0.	0.	0.	0.	0	0	0	76	0	0	782	138	-1159	17813	52448	29672	20	-329	-489
51.678	04:04:19.678	43.564107740	1.481256711	0.	-0.	-0.	-0.	1.	-0.	-0.	-0.	-0.	-8.	0.	0.	0.	-8.	0.	0.	39.999996	0.	0.	0.	0.	0.	0.	0.	0.	0.	0.	0.	0.	0.	0.	-9600.	-9600.	-9600.	-9600.	0.	0.	0.	0.	0.	0.	0.	0.	0.	0.	0.	0.	0.	0.	0.	0	0	0	76	0	0	782	138	-1156	12225	37420	20124	20	-330	-490
51.928	04:04:19.928	43.564107775	1.481256760	0.	-0.	-0.	-0.	1.	-0.	-0.	-0.	-0.	-8.	0.	0.	0.	-8.	0.	0.	39.999996	0.	0.	0.	0.	0.	0.	0.	0.	0.	0.	0.	0.	0.	0.	-9600.	-9600.	-9600.	-9600.	0.	0.	0.	0.	0.	0.	0.	0.	0.	0.	0.	0.	0.	0.	0.	0	0	0	76	0	0	782	138	-1156	16102	47525	26457	20	-329	-489
52.178	04:04:20.178	43.564107740	1.481256711	0.	-0.	-0.	-0.	1.	-0.	-0.	-0.	-0.	-8.	0.	0.	0.	-8.	0.	0.	39.999996	0.	0.	0.	0.	0.	0.	0.	0.	0.	0.	0.	0.	0.	0.	-9600.	-9600.	-9600.	-9600.	0.	0.	0.	0.	0.	0.	0.	0.	0.	0.	0.	0.	0.	0.	0.	0	0	0	76	0	0	782	139	-1153	11352	34905	18632	20	-330	-490
52.428	04:04:20.428	43.564107740	1.481256760	0.	-0.	-0.	-0.	1.	-0.	-0.	-0.	-0.	-8.	0.	0.	0.	-8.	0.	0.	39.999996	0.	0.	0.	0.	0.	0.	0.	0.	0.	0.	0.	0.	0.	0.	-9600.	-9600.	-9600.	-9600.	0.	0.	0.	0.	0.	0.	0.	0.	0.	0.	0.	0.	0.	0.	0.	0	0	0	76	0	0	782	138	-1152	14699	44033	24534	20	-330	-489
52.678	04:04:20.678	43.564107775	1.481256760	0.	-0.	-0.	-0.	1.	-0.	-0.	-0.	-0.	-8.	0.	0.	0.	-8.	0.	0.	39.999996	0.	0.	0.	0.	0.	0.	0.	0.	0.	0.	0.	0.	0.	0.	-9600.	-9600.	-9600.	-9600.	0.	0.	0.	0.	0.	0.	0.	0.	0.	0.	0.	0.	0.	0.	0.	0	0	0	76	0	0	782	138	-1153	17818	51775	29358	20	-329	-489
52.928	04:04:20.928	43.564107740	1.481256711	0.	-0.	-0.	-0.	1.	-0.	-0.	-0.	-0.	-8.	0.	0.	0.	-8.	0.	0.	39.999996	0.	0.	0.	0.	0.	0.	0.	0.	0.	0.	0.	0.	0.	0.	-9600.	-9600.	-9600.	-9600.	0.	0.	0.	0.	0.	0.	0.	0.	0.	0.	0.	0.	0.	0.	0.	0	0	0	76	0	0	782	139	-1149	12784	38354	21266	20	-330	-490
53.178	04:04:21.178	43.564107740	1.481256760	0.	-0.	-0.	-0.	1.	-0.	-0.	-0.	-0.	-8.	0.	0.	0.	-8.	0.	0.	39.999996	0.	0.	0.	0.	0.	0.	0.	0.	0.	0.	0.	0.	0.	0.	-9600.	-9600.	-9600.	-9600.	0.	0.	0.	0.	0.	0.	0.	0.	0.	0.	0.	0.	0.	0.	0.	0	0	0	76	0	0	782	139	-1149	14337	41892	24471	20	-330	-489
53.428	04:04:21.428	43.564107740	1.481256711	0.	-0.	-0.	-0.	1.	-0.	-0.	-0.	-0.	-8.	0.	0.	0.	-8.	0.	0.	39.999996	0.	0.	0.	0.	0.	0.	0.	0.	0.	0.	0.	0.	0.	0.	-9600.	-9600.	-9600.	-9600.	0.	0.	0.	0.	0.	0.	0.	0.	0.	0.	0.	0.	0.	0.	0.	0	0	0	76	0	0	782	139	-1145	12190	36695	20675	20	-330	-490
53.678	04:04:21.678	43.564107775	1.481256760	0.	-0.	-0.	-0.	1.	-0.	-0.	-0.	-0.	-8.	0.	0.	0.	-8.	0.	0.	39.999996	0.	0.	0.	0.	0.	0.	0.	0.	0.	0.	0.	0.	0.	0.	-9600.	-9600.	-9600.	-9600.	0.	0.	0.	0.	0.	0.	0.	0.	0.	0.	0.	0.	0.	0.	0.	0	0	0	76	0	0	782	139	-1145	15499	44969	26644	20	-329	-489
53.928	04:04:21.928	43.564107740	1.481256711	0.	-0.	-0.	-0.	1.	-0.	-0.	-0.	-0.	-8.	0.	0.	0.	-8.	0.	0.	39.999996	0.	0.	0.	0.	0.	0.	0.	0.	0.	0.	0.	0.	0.	0.	-9600.	-9600.	-9600.	-9600.	0.	0.	0.	0.	0.	0.	0.	0.	0.	0.	0.	0.	0.	0.	0.	0	0	0	76	0	0	781	139	-1144	10584	32778	18132	20	-330	-490
54.178	04:04:22.178	43.564107775	1.481256760	0.	-0.	-0.	-0.	1.	-0.	-0.	-0.	-0.	-8.	0.	0.	0.	-8.	0.	0.	39.999996	0.	0.	0.	0.	0.	0.	0.	0.	0.	0.	0.	0.	0.	0.	-9600.	-9600.	-9600.	-9600.	0.	0.	0.	0.	0.	0.	0.	0.	0.	0.	0.	0.	0.	0.	0.	0	0	0	76	0	0	782	138	-1150	15373	45247	24490	20	-329	-489
54.428	04:04:22.428	43.564107705	1.481256711	0.	-0.	-0.	-0.	1.	-0.	-0.	-0.	-0.	-8.	0.	0.	0.	-8.	0.	0.	39.999996	0.	0.	0.	0.	0.	0.	0.	0.	0.	0.	0.	0.	0.	0.	-9600.	-9600.	-9600.	-9600.	0.	0.	0.	0.	0.	0.	0.	0.	0.	0.	0.	0.	0.	0.	0.	0	0	0	76	0	0	781	140	-1138	9839	30601	17039	20	-331	-490
54.678	04:04:22.678	43.564107740	1.481256760	0.	-0.	-0.	-0.	1.	-0.	-0.	-0.	-0.	-8.	0.	0.	0.	-8.	0.	0.	39.999996	0.	0.	0.	0.	0.	0.	0.	0.	0.	0.	0.	0.	0.	0.	-9600.	-9600.	-9600.	-9600.	0.	0.	0.	0.	0.	0.	0.	0.	0.	0.	0.	0.	0.	0.	0.	0	0	0	76	0	0	781	139	-1139	12669	37715	22130	20	-330	-489
54.928	04:04:22.928	43.564107775	1.481256760	0.	-0.	-0.	-0.	1.	-0.	-0.	-0.	-0.	-8.	0.	0.	0.	-8.	0.	0.	39.999996	0.	0.	0.	0.	0.	0.	0.	0.	0.	0.	0.	0.	0.	0.	-9600.	-9600.	-9600.	-9600.	0.	0.	0.	0.	0.	0.	0.	0.	0.	0.	0.	0.	0.	0.	0.	0	0	0	76	0	0	782	139	-1140	15693	45377	27105	20	-329	-489
55.178	04:04:23.178	43.564107740	1.481256711	0.	-0.	-0.	-0.	1.	-0.	-0.	-0.	-0.	-8.	0.	0.	0.	-8.	0.	0.	39.999996	0.	0.	0.	0.	0.	0.	0.	0.	0.	0.	0.	0.	0.	0.	-9600.	-9600.	-9600.	-9600.	0.	0.	0.	0.	0.	0.	0.	0.	0.	0.	0.	0.	0.	0.	0.	0	0	0	76	0	0	781	139	-1136	12094	35109	21054	20	-330	-490
55.428	04:04:23.428	43.564107705	1.481256711	0.	-0.	-0.	-0.	1.	-0.	-0.	-0.	-0.	-8.	0.	0.	0.	-8.	0.	0.	39.999996	0.	0.	0.	0.	0.	0.	0.	0.	0.	0.	0.	0.	0.	0.	-9600.	-9600.	-9600.	-9600.	0.	0.	0.	0.	0.	0.	0.	0.	0.	0.	0.	0.	0.	0.	0.	0	0	0	76	0	0	781	140	-1139	8951	26956	14479	19	-331	-490
55.678	04:04:23.678	43.564107740	1.481256711	0.	-0.	-0.	-0.	1.	-0.	-0.	-0.	-0.	-8.	0.	0.	0.	-8.	0.	0.	39.999996	0.	0.	0.	0.	0.	0.	0.	0.	0.	0.	0.	0.	0.	0.	-9600.	-9600.	-9600.	-9600.	0.	0.	0.	0.	0.	0.	0.	0.	0.	0.	0.	0.	0.	0.	0.	0	0	0	76	0	0	781	140	-1133	10882	31994	18628	20	-330	-490
55.928	04:04:23.928	43.564107740	1.481256760	0.	-0.	-0.	-0.	1.	-0.	-0.	-0.	-0.	-8.	0.	0.	0.	-8.	0.	0.	39.999996	0.	0.	0.	0.	0.	0.	0.	0.	0.	0.	0.	0.	0.	0.	-9600.	-9600.	-9600.	-9600.	0.	0.	0.	0.	0.	0.	0.	0.	0.	0.	0.	0.	0.	0.	0.	0	0	0	76	0	0	781	140	-1134	13941	39281	23979	20	-330	-489
56.178	04:04:24.178	43.564107705	1.481256711	0.	-0.	-0.	-0.	1.	-0.	-0.	-0.	-0.	-8.	0.	0.	0.	-8.	0.	0.	39.999996	0.	0.	0.	0.	0.	0.	0.	0.	0.	0.	0.	0.	0.	0.	-9600.	-9600.	-9600.	-9600.	0.	0.	0.	0.	0.	0.	0.	0.	0.	0.	0.	0.	0.	0.	0.	0	0	0	76	0	0	781	140	-1132	9782	28906	16492	20	-331	-490
56.428	04:04:24.428	43.564107740	1.481256760	0.	-0.	-0.	-0.	1.	-0.	-0.	-0.	-0.	-8.	0.	0.	0.	-8.	0.	0.	39.999996	0.	0.	0.	0.	0.	0.	0.	0.	0.	0.	0.	0.	0.	0.	-9600.	-9600.	-9600.	-9600.	0.	0.	0.	0.	0.	0.	0.	0.	0.	0.	0.	0.	0.	0.	0.	0	0	0	76	0	0	781	139	-1133	12554	35682	20995	20	-330	-489
56.678	04:04:24.678	43.564107705	1.481256711	0.	-0.	-0.	-0.	1.	-0.	-0.	-0.	-0.	-8.	0.	0.	0.	-8.	0.	0.	39.999996	0.	0.	0.	0.	0.	0.	0.	0.	0.	0.	0.	0.	0.	0.	-9600.	-9600.	-9600.	-9600.	0.	0.	0.	0.	0.	0.	0.	0.	0.	0.	0.	0.	0.	0.	0.	0	0	0	76	0	0	781	140	-1131	9384	26798	15006	20	-331	-490
56.928	04:04:24.928	43.564107740	1.481256760	0.	-0.	-0.	-0.	1.	-0.	-0.	-0.	-0.	-8.	0.	0.	0.	-8.	0.	0.	39.999996	0.	0.	0.	0.	0.	0.	0.	0.	0.	0.	0.	0.	0.	0.	-9600.	-9600.	-9600.	-9600.	0.	0.	0.	0.	0.	0.	0.	0.	0.	0.	0.	0.	0.	0.	0.	0	0	0	76	0	0	781	139	-1131	12222	34062	20048	20	-330	-489
57.178	04:04:25.178	43.564107775	1.481256760	0.	-0.	-0.	-0.	1.	-0.	-0.	-0.	-0.	-8.	0.	0.	0.	-8.	0.	0.	39.999996	0.	0.	0.	0.	0.	0.	0.	0.	0.	0.	0.	0.	0.	0.	-9600.	-9600.	-9600.	-9600.	0.	0.	0.	0.	0.	0.	0.	0.	0.	0.	0.	0.	0.	0.	0.	0	0	0	76	0	0	781	139	-1131	14842	40273	24002	20	-329	-489
57.428	04:04:25.428	43.564107740	1.481256711	0.	-0.	-0.	-0.	1.	-0.	-0.	-0.	-0.	-8.	0.	0.	0.	-8.	0.	0.	39.999996	0.	0.	0.	0.	0.	0.	0.	0.	0.	0.	0.	0.	0.	0.	-9600.	-9600.	-9600.	-9600.	0.	0.	0.	0.	0.	0.	0.	0.	0.	0.	0.	0.	0.	0.	0.	0	0	0	76	0	0	781	139	-1129	11055	30920	17736	20	-330	-490
57.678	04:04:25.678	43.564107740	1.481256760	0.	-0.	-0.	-0.	1.	-0.	-0.	-0.	-0.	-8.	0.	0.	0.	-8.	0.	0.	39.999996	0.	0.	0.	0.	0.	0.	0.	0.	0.	0.	0.	0.	0.	0.	-9600.	-9600.	-9600.	-9600.	0.	0.	0.	0.	0.	0.	0.	0.	0.	0.	0.	0.	0.	0.	0.	0	0	0	76	0	0	781	139	-1130	13611	37951	22836	20	-330	-489
57.928	04:04:25.928	43.564107705	1.481256711	0.	-0.	-0.	-0.	1.	-0.	-0.	-0.	-0.	-8.	0.	0.	0.	-8.	0.	0.	39.999996	0.	0.	0.	0.	0.	0.	0.	0.	0.	0.	0.	0.	0.	0.	-9600.	-9600.	-9600.	-9600.	0.	0.	0.	0.	0.	0.	0.	0.	0.	0.	0.	0.	0.	0.	0.	0	0	0	76	0	0	781	139	-1128	10221	28809	16517	20	-331	-490
58.178	04:04:26.178	43.564107740	1.481256760	0.	-0.	-0.	-0.	1.	-0.	-0.	-0.	-0.	-8.	0.	0.	0.	-8.	0.	0.	39.999996	0.	0.	0.	0.	0.	0.	0.	0.	0.	0.	0.	0.	0.	0.	-9600.	-9600.	-9600.	-9600.	0.	0.	0.	0.	0.	0.	0.	0.	0.	0.	0.	0.	0.	0.	0.	0	0	0	76	0	0	781	139	-1127	13149	35544	21481	20	-330	-489
58.428	04:04:26.428	43.564107705	1.481256711	0.	-0.	-0.	-0.	1.	-0.	-0.	-0.	-0.	-8.	0.	0.	0.	-8.	0.	0.	39.999996	0.	0.	0.	0.	0.	0.	0.	0.	0.	0.	0.	0.	0.	0.	-9600.	-9600.	-9600.	-9600.	0.	0.	0.	0.	0.	0.	0.	0.	0.	0.	0.	0.	0.	0.	0.	0	0	0	76	0	0	781	139	-1126	9061	25607	14521	20	-331	-490
58.678	04:04:26.678	43.564107740	1.481256760	0.	-0.	-0.	-0.	1.	-0.	-0.	-0.	-0.	-8.	0.	0.	0.	-8.	0.	0.	39.999996	0.	0.	0.	0.	0.	0.	0.	0.	0.	0.	0.	0.	0.	0.	-9600.	-9600.	-9600.	-9600.	0.	0.	0.	0.	0.	0.	0.	0.	0.	0.	0.	0.	0.	0.	0.	0	0	0	76	0	0	781	139	-1126	11933	32512	19213	20	-330	-489
58.928	04:04:26.928	43.564107705	1.481256711	0.	-0.	-0.	-0.	1.	-0.	-0.	-0.	-0.	-8.	0.	0.	0.	-8.	0.	0.	39.999996	0.	0.	0.	0.	0.	0.	0.	0.	0.	0.	0.	0.	0.	0.	-9600.	-9600.	-9600.	-9600.	0.	0.	0.	0.	0.	0.	0.	0.	0.	0.	0.	0.	0.	0.	0.	0	0	0	76	0	0	781	139	-1124	8129	23567	13014	20	-331	-490
59.178	04:04:27.178	43.564107740	1.481256711	0.	-0.	-0.	-0.	1.	-0.	-0.	-0.	-0.	-8.	0.	0.	0.	-8.	0.	0.	39.999996	0.	0.	0.	0.	0.	0.	0.	0.	0.	0.	0.	0.	0.	0.	-9600.	-9600.	-9600.	-9600.	0.	0.	0.	0.	0.	0.	0.	0.	0.	0.	0.	0.	0.	0.	0.	0	0	0	76	0	0	781	139	-1124	11107	30808	18057	20	-330	-490
59.428	04:04:27.428	43.564107740	1.481256760	0.	-0.	-0.	-0.	1.	-0.	-0.	-0.	-0.	-8.	0.	0.	0.	-8.	0.	0.	39.999996	0.	0.	0.	0.	0.	0.	0.	0.	0.	0.	0.	0.	0.	0.	-9600.	-9600.	-9600.	-9600.	0.	0.	0.	0.	0.	0.	0.	0.	0.	0.	0.	0.	0.	0.	0.	0	0	0	76	0	0	781	139	-1125	13313	36198	21689	20	-330	-489
59.678	04:04:27.678	43.564107740	1.481256711	0.	-0.	-0.	-0.	1.	-0.	-0.	-0.	-0.	-8.	0.	0.	0.	-8.	0.	0.	39.999996	0.	0.	0.	0.	0.	0.	0.	0.	0.	0.	0.	0.	0.	0.	-9600.	-9600.	-9600.	-9600.	0.	0.	0.	0.	0.	0.	0.	0.	0.	0.	0.	0.	0.	0.	0.	0	0	0	76	0	0	781	139	-1128	9709	27729	15024	20	-330	-490
59.928	04:04:27.928	43.564107740	1.481256711	0.	-0.	-0.	-0.	1.	-0.	-0.	-0.	-0.	-8.	0.	0.	0.	-8.	0.	0.	39.999996	0.	0.	0.	0.	0.	0.	0.	0.	0.	0.	0.	0.	0.	0.	-9600.	-9600.	-9600.	-9600.	0.	0.	0.	0.	0.	0.	0.	0.	0.	0.	0.	0.	0.	0.	0.	0	0	0	76	0	0	781	139	-1126	11494	30857	17749	20	-330	-490
60.178	04:04:28.178	43.564107705	1.481256711	0.	-0.	-0.	-0.	1.	-0.	-0.	-0.	-0.	-8.	0.	0.	0.	-8.	0.	0.	39.999996	0.	0.	0.	0.	0.	0.	0.	0.	0.	0.	0.	0.	0.	0.	-9600.	-9600.	-9600.	-9600.	0.	0.	0.	0.	0.	0.	0.	0.	0.	0.	0.	0.	0.	0.	0.	0	0	0	76	0	0	781	139	-1118	8953	25703	15292	20	-331	-490
60.428	04:04:28.428	43.564107740	1.481256760	0.	-0.	-0.	-0.	1.	-0.	-0.	-0.	-0.	-8.	0.	0.	0.	-8.	0.	0.	39.999996	0.	0.	0.	0.	0.	0.	0.	0.	0.	0.	0.	0.	0.	0.	-9600.	-9600.	-9600.	-9600.	0.	0.	0.	0.	0.	0.	0.	0.	0.	0.	0.	0.	0.	0.	0.	0	0	0	76	0	0	781	139	-1119	11809	31781	20198	20	-330	-489
60.678	04:04:28.678	43.564107705	1.481256711	0.	-0.	-0.	-0.	1.	-0.	-0.	-0.	-0.	-8.	0.	0.	0.	-8.	0.	0.	39.999996	0.	0.	0.	0.	0.	0.	0.	0.	0.	0.	0.	0.	0.	0.	-9600.	-9600.	-9600.	-9600.	0.	0.	0.	0.	0.	0.	0.	0.	0.	0.	0.	0.	0.	0.	0.	0	0	0	76	0	0	781	140	-1118	8324	23076	13636	20	-331	-490
60.928	04:04:28.928	43.564107740	1.481256711	0.	-0.	-0.	-0.	1.	-0.	-0.	-0.	-0.	-8.	0.	0.	0.	-8.	0.	0.	39.999996	0.	0.	0.	0.	0.	0.	0.	0.	0.	0.	0.	0.	0.	0.	-9600.	-9600.	-9600.	-9600.	0.	0.	0.	0.	0.	0.	0.	0.	0.	0.	0.	0.	0.	0.	0.	0	0	0	76	0	0	781	140	-1118	10869	29465	18069	20	-330	-490
61.178	04:04:29.178	43.564107705	1.481256711	0.	-0.	-0.	-0.	1.	-0.	-0.	-0.	-0.	-8.	0.	0.	0.	-8.	0.	0.	39.999996	0.	0.	0.	0.	0.	0.	0.	0.	0.	0.	0.	0.	0.	0.	-9600.	-9600.	-9600.	-9600.	0.	0.	0.	0.	0.	0.	0.	0.	0.	0.	0.	0.	0.	0.	0.	0	0	0	76	0	0	781	140	-1117	7875	21937	12670	19	-331	-490
61.428	04:04:29.428	43.564107740	1.481256711	0.	-0.	-0.	-0.	1.	-0.	-0.	-0.	-0.	-8.	0.	0.	0.	-8.	0.	0.	39.999996	0.	0.	0.	0.	0.	0.	0.	0.	0.	0.	0.	0.	0.	0.	-9600.	-9600.	-9600.	-9600.	0.	0.	0.	0.	0.	0.	0.	0.	0.	0.	0.	0.	0.	0.	0.	0	0	0	76	0	0	781	139	-1117	10305	27886	16833	20	-330	-490
61.678	04:04:29.678	43.564107740	1.481256760	0.	-0.	-0.	-0.	1.	-0.	-0.	-0.	-0.	-8.	0.	0.	0.	-8.	0.	0.	39.999996	0.	0.	0.	0.	0.	0.	0.	0.	0.	0.	0.	0.	0.	0.	-9600.	-9600.	-9600.	-9600.	0.	0.	0.	0.	0.	0.	0.	0.	0.	0.	0.	0.	0.	0.	0.	0	0	0	76	0	0	781	139	-1117	12367	32772	20234	20	-330	-489
61.928	04:04:29.928	43.564107705	1.481256711	0.	-0.	-0.	-0.	1.	-0.	-0.	-0.	-0.	-8.	0.	0.	0.	-8.	0.	0.	39.999996	0.	0.	0.	0.	0.	0.	0.	0.	0.	0.	0.	0.	0.	0.	-9600.	-9600.	-9600.	-9600.	0.	0.	0.	0.	0.	0.	0.	0.	0.	0.	0.	0.	0.	0.	0.	0	0	0	76	0	0	781	139	-1116	9062	25033	15014	20	-331	-490
62.178	04:04:30.178	43.564107705	1.481256711	0.	-0.	-0.	-0.	1.	-0.	-0.	-0.	-0.	-8.	0.	0.	0.	-8.	0.	0.	39.999996	0.	0.	0.	0.	0.	0.	0.	0.	0.	0.	0.	0.	0.	0.	-9600.	-9600.	-9600.	-9600.	0.	0.	0.	0.	0.	0.	0.	0.	0.	0.	0.	0.	0.	0.	0.	0	0	0	76	0	0	781	140	-1118	7731	21599	12146	19	-331	-490
62.428	04:04:30.428	43.564107705	1.481256711	0.	-0.	-0.	-0.	1.	-0.	-0.	-0.	-0.	-8.	0.	0.	0.	-8.	0.	0.	39.999996	0.	0.	0.	0.	0.	0.	0.	0.	0.	0.	0.	0.	0.	0.	-9600.	-9600.	-9600.	-9600.	0.	0.	0.	0.	0.	0.	0.	0.	0.	0.	0.	0.	0.	0.	0.	0	0	0	76	0	0	781	140	-1114	8701	23483	13780	20	-331	-490
62.678	04:04:30.678	43.564107705	1.481256711	0.	-0.	-0.	-0.	1.	-0.	-0.	-0.	-0.	-8.	0.	0.	0.	-8.	0.	0.	39.999996	0.	0.	0.	0.	0.	0.	0.	0.	0.	0.	0.	0.	0.	0.	-9600.	-9600.	-9600.	-9600.	0.	0.	0.	0.	0.	0.	0.	0.	0.	0.	0.	0.	0.	0.	0.	0	0	0	76	0	0	781	140	-1115	8024	21538	12754	19	-331	-490
62.928	04:04:30.928	43.564107705	1.481256711	0.	-0.	-0.	-0.	1.	-0.	-0.	-0.	-0.	-8.	0.	0.	0.	-8.	0.	0.	39.999996	0.	0.	0.	0.	0.	0.	0.	0.	0.	0.	0.	0.	0.	0.	-9600.	-9600.	-9600.	-9600.	0.	0.	0.	0.	0.	0.	0.	0.	0.	0.	0.	0.	0.	0.	0.	0	0	0	76	0	0	781	140	-1112	7846	21140	12619	20	-331	-490
63.178	04:04:31.178	43.564107740	1.481256711	0.	-0.	-0.	-0.	1.	-0.	-0.	-0.	-0.	-8.	0.	0.	0.	-8.	0.	0.	39.999996	0.	0.	0.	0.	0.	0.	0.	0.	0.	0.	0.	0.	0.	0.	-9600.	-9600.	-9600.	-9600.	0.	0.	0.	0.	0.	0.	0.	0.	0.	0.	0.	0.	0.	0.	0.	0	0	0	76	0	0	781	140	-1113	10067	26200	16234	20	-330	-490
63.428	04:04:31.428	43.564107705	1.481256711	0.	-0.	-0.	-0.	1.	-0.	-0.	-0.	-0.	-8.	0.	0.	0.	-8.	0.	0.	39.999996	0.	0.	0.	0.	0.	0.	0.	0.	0.	0.	0.	0.	0.	0.	-9600.	-9600.	-9600.	-9600.	0.	0.	0.	0.	0.	0.	0.	0.	0.	0.	0.	0.	0.	0.	0.	0	0	0	76	0	0	781	140	-1111	7301	19833	11603	19	-331	-490
63.678	04:04:31.678	43.564107705	1.481256711	0.	-0.	-0.	-0.	1.	-0.	-0.	-0.	-0.	-8.	0.	0.	0.	-8.	0.	0.	39.999996	0.	0.	0.	0.	0.	0.	0.	0.	0.	0.	0.	0.	0.	0.	-9600.	-9600.	-9600.	-9600.	0.	0.	0.	0.	0.	0.	0.	0.	0.	0.	0.	0.	0.	0.	0.	0	0	0	76	0	0	781	139	-1112	9137	25572	15562	20	-331	-490
63.928	04:04:31.928	43.564107740	1.481256760	0.	-0.	-0.	-0.	1.	-0.	-0.	-0.	-0.	-8.	0.	0.	0.	-8.	0.	0.	39.999996	0.	0.	0.	0.	0.	0.	0.	0.	0.	0.	0.	0.	0.	0.	-9600.	-9600.	-9600.	-9600.	0.	0.	0.	0.	0.	0.	0.	0.	0.	0.	0.	0.	0.	0.	0.	0	0	0	76	0	0	781	138	-1113	11548	30387	18709	20	-330	-489
64.178	04:04:32.178	43.564107705	1.481256711	0.	-0.	-0.	-0.	1.	-0.	-0.	-0.	-0.	-8.	0.	0.	0.	-8.	0.	0.	39.999996	0.	0.	0.	0.	0.	0.	0.	0.	0.	0.	0.	0.	0.	0.	-9600.	-9600.	-9600.	-9600.	0.	0.	0.	0.	0.	0.	0.	0.	0.	0.	0.	0.	0.	0.	0.	0	0	0	76	0	0	781	139	-1111	8966	23419	13917	20	-331	-490
64.428	04:04:32.428	43.564107740	1.481256760	0.	-0.	-0.	-0.	1.	-0.	-0.	-0.	-0.	-8.	0.	0.	0.	-8.	0.	0.	39.999996	0.	0.	0.	0.	0.	0.	0.	0.	0.	0.	0.	0.	0.	0.	-9600.	-9600.	-9600.	-9600.	0.	0.	0.	0.	0.	0.	0.	0.	0.	0.	0.	0.	0.	0.	0.	0	0	0	76	0	0	781	139	-1111	11025	28363	17632	20	-330	-489
64.678	04:04:32.678	43.564107705	1.481256711	0.	-0.	-0.	-0.	1.	-0.	-0.	-0.	-0.	-8.	0.	0.	0.	-8.	0.	0.	39.999996	0.	0.	0.	0.	0.	0.	0.	0.	0.	0.	0.	0.	0.	0.	-9600.	-9600.	-9600.	-9600.	0.	0.	0.	0.	0.	0.	0.	0.	0.	0.	0.	0.	0.	0.	0.	0	0	0	76	0	0	781	139	-1110	7876	21990	13106	20	-331	-490
64.928	04:04:32.928	43.564107740	1.481256711	0.	-0.	-0.	-0.	1.	-0.	-0.	-0.	-0.	-8.	0.	0.	0.	-8.	0.	0.	39.999996	0.	0.	0.	0.	0.	0.	0.	0.	0.	0.	0.	0.	0.	0.	-9600.	-9600.	-9600.	-9600.	0.	0.	0.	0.	0.	0.	0.	0.	0.	0.	0.	0.	0.	0.	0.	0	0	0	76	0	0	781	139	-1110	10443	26970	16835	20	-330	-490
65.178	04:04:33.178	43.564107705	1.481256711	0.	-0.	-0.	-0.	1.	-0.	-0.	-0.	-0.	-8.	0.	0.	0.	-8.	0.	0.	39.999996	0.	0.	0.	0.	0.	0.	0.	0.	0.	0.	0.	0.	0.	0.	-9600.	-9600.	-9600.	-9600.	0.	0.	0.	0.	0.	0.	0.	0.	0.	0.	0.	0.	0.	0.	0.	0	0	0	76	0	0	780	140	-1109	7105	19400	11456	19	-331	-490
65.428	04:04:33.428	43.564107705	1.481256711	0.	-0.	-0.	-0.	1.	-0.	-0.	-0.	-0.	-8.	0.	0.	0.	-8.	0.	0.	39.999996	0.	0.	0.	0.	0.	0.	0.	0.	0.	0.	0.	0.190665	0.013291	-0.104912	-9600.	-9600.	-9600.	-9600.	1.155866	-0.667603	2.16964	-0.227448	1.789923	-7.928597	1.5e-05	0.021029	-0.16569	0.19068	0.03432	-0.270602	0.190721	-0.	0.	0	0	0	20	0	0	781	140	-1109	9394	24664	15286	20	-331	-490
65.678	04:04:33.678	43.564107705	1.481256711	0.	-0.	-0.	-0.	1.	-0.	-0.	-0.	-0.	-8.	0.	0.	0.	-8.	0.	0.	39.999996	0.	0.	0.	0.	0.	0.	0.	0.	0.	0.	0.	0.19071	0.00202	-0.015946	-9600.	-9600.	-9600.	-9600.	-0.212487	0.669782	-5.449074	0.042497	-1.211157	9.884869	4.3e-05	0.032126	-0.2548	0.190754	0.034147	-0.270746	0.190747	-0.	0.	0	0	0	19	0	0	781	140	-1108	6046	17367	9734	19	-331	-490
65.928	04:04:33.928	43.564107705	1.481256711	0.	-0.	-0.	-0.	1.	-0.	-0.	-0.	-0.	-8.	0.	0.	0.	-8.	0.	0.	39.999996	0.	0.	0.	0.	0.	0.	0.	0.	0.	0.	0.	0.190755	0.000246	-0.001941	-9600.	-9600.	-9600.	-9600.	-0.307168	0.316254	-2.392468	0.061434	-0.614115	4.639766	7.4e-05	0.033821	-0.268834	0.190828	0.034067	-0.270774	0.190822	-0.	0.	0	0	0	20	0	0	781	139	-1108	9022	23660	14289	20	-331	-490
66.178	04:04:34.178	43.564107740	1.481256760	0.	-0.	-0.	-0.	1.	-0.	-0.	-0.	-0.	-8.	0.	0.	0.	-8.	0.	0.	39.999996	0.	0.	0.	0.	0.	0.	0.	0.	0.	0.	0.	0.190806	2.7e-05	-0.000214	-9600.	-9600.	-9600.	-9600.	-0.007901	-0.417909	3.345855	0.005305	0.838003	-6.708968	2.4e-05	0.034095	-0.270199	0.19083	0.034122	-0.270412	0.190831	-0.	0.	0	0	0	20	0	0	781	139	-1109	10749	27907	16960	20	-330	-489
66.428	04:04:34.428	43.564107705	1.481256711	0.	-0.	-0.	-0.	1.	-0.	-0.	-0.	-0.	-8.	0.	0.	0.	-8.	0.	0.	39.999996	0.	0.	0.	0.	0.	0.	0.	0.	0.	0.	0.	0.190823	3e-06	-2.2e-05	-9600.	-9600.	-9600.	-9600.	-0.158165	-1.181317	9.547071	0.031633	2.362872	-19.096016	-3e-06	0.034064	-0.270402	0.19082	0.034067	-0.270424	0.19082	-0.	0.	0	0	0	20	0	0	781	139	-1107	8270	21824	13133	20	-331	-490
66.678	04:04:34.678	43.564107740	1.481256760	0.	-0.	-0.	-0.	1.	-0.	-0.	-0.	-0.	-8.	0.	0.	0.	-8.	0.	0.	39.999996	0.	0.	0.	0.	0.	0.	0.	0.	0.	0.	0.	0.190795	0.	-2e-06	-9600.	-9600.	-9600.	-9600.	-0.252246	-1.987638	15.700168	0.050449	3.975301	-31.400528	-2e-05	0.034091	-0.270145	0.190776	0.034091	-0.270147	0.190767	-0.	0.	0	0	0	20	0	0	781	139	-1107	10528	26675	16641	20	-330	-489
66.928	04:04:34.928	43.564107705	1.481256711	0.	-0.	-0.	-0.	1.	-0.	-0.	-0.	-0.	-8.	0.	0.	0.	-8.	0.	0.	39.999996	0.	0.	0.	0.	0.	0.	0.	0.	0.	0.	0.	0.190787	0.	-0.	-9600.	-9600.	-9600.	-9600.	-0.187203	-2.760625	21.9858	0.037441	5.521252	-43.971619	9e-06	0.034003	-0.270304	0.190796	0.034003	-0.270304	0.190791	-0.	0.	0	0	0	20	0	0	781	139	-1106	7771	20398	12130	20	-331	-490
67.178	04:04:35.178	43.564107740	1.481256711	0.	-0.	-0.	-0.	1.	-0.	-0.	-0.	-0.	-8.	0.	0.	0.	-8.	0.	0.	39.999996	0.	0.	0.	0.	0.	0.	0.	0.	0.	0.	0.	0.190789	0.	-0.	-9600.	-9600.	-9600.	-9600.	0.131374	-3.590471	27.980408	-0.03	7.180942	-55.960815	-1.5e-05	0.03407	-0.269911	0.190775	0.03407	-0.269911	0.190774	-0.	0.	0	0	0	20	0	0	781	139	-1106	10130	25050	15299	20	-330	-490
67.428	04:04:35.428	43.564107705	1.481256711	0.	-0.	-0.	-0.	1.	-0.	-0.	-0.	-0.	-8.	0.	0.	0.	-8.	0.	0.	39.999996	0.	0.	0.	0.	0.	0.	0.	0.	0.	0.	0.	0.190789	0.	-0.	-9600.	-9600.	-9600.	-9600.	-0.153915	-4.354806	34.377663	0.027058	8.709612	-68.755325	-1.6e-05	0.034142	-0.26985	0.190774	0.034142	-0.26985	0.190774	-0.	0.	0	0	0	19	0	0	781	139	-1105	7180	18174	10703	19	-331	-490
67.678	04:04:35.678	43.564107705	1.481256711	0.	-0.	-0.	-0.	1.	-0.	-0.	-0.	-0.	-8.	0.	0.	0.	-8.	0.	0.	39.999996	0.	0.	0.	0.	0.	0.	0.	0.	0.	0.	0.	0.190773	0.	-0.	-9600.	-9600.	-9600.	-9600.	2.095974	-5.526386	39.525253	-0.419195	11.052773	-79.050507	-3.5e-05	0.034172	-0.269671	0.190738	0.034172	-0.269671	0.190799	-0.	0.	0	0	0	20	0	0	781	139	-1105	9229	22959	14165	20	-331	-490
67.928	04:04:35.928	43.564107705	1.481256711	0.	-0.	-0.	-0.	1.	-0.	-0.	-0.	-0.	-8.	0.	0.	0.	-8.	0.	0.	39.999996	0.	0.	0.	0.	0.	0.	0.	0.	0.	0.	0.	0.190755	0.	3e-06	-9600.	-9600.	-9600.	-9600.	-0.178242	-5.922204	46.987541	0.039374	11.844408	-93.89846	2.4e-05	0.034023	-0.270076	0.19078	0.034023	-0.270073	0.190775	0.	0.0009	0	0	0	19	0	0	781	139	-1104	6678	16709	9591	19	-331	-490
68.178	04:04:36.178	43.564107705	1.481256711	0.	-0.	-0.	-0.	1.	-0.	-0.	-0.	-0.	-8.	0.	0.	0.	-8.	0.	0.	39.999996	0.	0.	0.	0.	0.	0.	0.	0.	0.	0.	0.	0.19075	0.	1.8e-05	-9600.	-9600.	-9600.	-9600.	-0.337478	-6.715758	53.09927	0.067496	13.431516	-106.198181	1.1e-05	0.03407	-0.269407	0.190761	0.03407	-0.269389	0.190753	-0.	0.	0	0	0	20	0	0	781	139	-1108	8693	21953	12409	20	-331	-490
68.428	04:04:36.428	43.564107740	1.481256760	0.	-0.	-0.	-0.	1.	-0.	-0.	-0.	-0.	-8.	0.	0.	0.	-8.	0.	0.	39.999996	0.	0.	0.	0.	0.	0.	0.	0.	0.	0.	0.	0.190731	0.	3e-06	-9600.	-9600.	-9600.	-9600.	-0.220599	-7.520844	59.267479	0.04412	15.041688	-118.534775	-4e-06	0.034145	-0.269237	0.190727	0.034145	-0.269234	0.190723	-0.	0.	0	0	0	20	0	0	781	139	-1103	10516	25844	16344	20	-330	-489
68.678	04:04:36.678	43.564107705	1.481256711	0.	-0.	-0.	-0.	1.	-0.	-0.	-0.	-0.	-8.	0.	0.	0.	-8.	0.	0.	39.999996	0.	0.	0.	0.	0.	0.	0.	0.	0.	0.	0.	0.190738	0.000181	0.	-9600.	-9600.	-9600.	-9600.	-0.150741	-8.277448	65.565346	0.030148	16.544527	-131.130661	7.6e-05	0.033833	-0.269721	0.190813	0.034014	-0.269721	0.190813	-0.	0.	0	0	0	20	0	0	781	139	-1102	7650	19351	11963	20	-331	-490
68.928	04:04:36.928	43.564107740	1.481256711	0.	-0.	-0.	-0.	1.	-0.	-0.	-0.	-0.	-8.	0.	0.	0.	-8.	0.	0.	39.999996	0.	0.	0.	0.	0.	0.	0.	0.	0.	0.	0.	0.190773	0.001356	8.4e-05	-9600.	-9600.	-9600.	-9600.	0.058344	-9.086053	71.624588	-0.011669	18.112123	-143.249008	-4.1e-05	0.032937	-0.268797	0.190732	0.034292	-0.268713	0.190731	-0.	0.	0	0	0	20	0	0	781	139	-1107	9830	24690	14241	20	-330	-490
69.178	04:04:37.178	43.564107705	1.481256711	0.	-0.	-0.	-0.	1.	-0.	-0.	-0.	-0.	-8.	0.	0.	0.	-8.	0.	0.	39.999996	0.	0.	0.	0.	0.	0.	0.	0.	0.	0.	0.	0.190749	0.000316	1.6e-05	-9600.	-9600.	-9600.	-9600.	-0.192798	-9.903636	77.85743	0.042285	19.822392	-155.714005	-1e-06	0.03391	-0.268928	0.190748	0.034226	-0.268912	0.190742	-0.	0.	0	0	0	20	0	0	781	140	-1100	7165	18552	11345	20	-331	-490
69.428	04:04:37.428	43.564107705	1.481256711	0.	-0.	-0.	-0.	1.	-0.	-0.	-0.	-0.	-8.	0.	0.	0.	-8.	0.	0.	39.999996	0.	0.	0.	0.	0.	0.	0.	0.	0.	0.	0.	0.190729	4.4e-05	2e-06	-9600.	-9600.	-9600.	-9600.	0.01422	-10.649085	83.826775	-0.002844	21.301138	-167.653412	-1.8e-05	0.034172	-0.268786	0.190712	0.034215	-0.268784	0.190707	-0.	0.	0	0	0	20	0	0	781	140	-1101	8785	21751	13868	20	-331	-490
69.678	04:04:37.678	43.564107705	1.481256711	0.	-0.	-0.	-0.	1.	-0.	-0.	-0.	-0.	-8.	0.	0.	0.	-8.	0.	0.	39.999996	0.	0.	0.	0.	0.	0.	0.	0.	0.	0.	0.	0.190743	5e-06	7.2e-05	-9600.	-9600.	-9600.	-9600.	0.063704	-11.388648	90.003662	-0.012741	22.777689	-180.026489	6e-06	0.034217	-0.26889	0.190749	0.034222	-0.268818	0.190749	-0.	0.	0	0	0	19	0	0	781	140	-1100	6312	16955	10273	19	-331	-490
69.928	04:04:37.928	43.564107705	1.481256711	0.	-0.	-0.	-0.	1.	-0.	-0.	-0.	-0.	-8.	0.	0.	0.	-8.	0.	0.	39.999996	0.	0.	0.	0.	0.	0.	0.	0.	0.	0.	0.	0.190722	1e-06	3.3e-05	-9600.	-9600.	-9600.	-9600.	0.855434	-12.363697	95.318748	-0.171087	24.72744	-190.636398	-3.1e-05	0.034353	-0.268604	0.190691	0.034353	-0.268571	0.190691	-0.	0.	0	0	0	20	0	0	781	140	-1101	8598	21230	13433	20	-331	-490
70.178	04:04:38.178	43.564107705	1.481256711	0.	-0.	-0.	-0.	1.	-0.	-0.	-0.	-0.	-8.	0.	0.	0.	-8.	0.	0.	39.999996	0.	0.	0.	0.	0.	0.	0.	0.	0.	0.	0.	0.190699	0.	5e-06	-9600.	-9600.	-9600.	-9600.	-0.029434	-12.939539	102.053398	0.005887	25.879084	-204.106476	-3.2e-05	0.034334	-0.26857	0.190666	0.034334	-0.268565	0.190663	-0.	0.	0	0	0	19	0	0	781	140	-1100	6057	15502	9272	19	-331	-490
70.428	04:04:38.428	43.564107705	1.481256711	0.	-0.	-0.	-0.	1.	-0.	-0.	-0.	-0.	-8.	0.	0.	0.	-8.	0.	0.	39.999996	0.	0.	0.	0.	0.	0.	0.	0.	0.	0.	0.	0.190675	0.	1e-06	-9600.	-9600.	-9600.	-9600.	-0.107858	-13.716307	108.128212	0.025297	27.432613	-216.256378	4.9e-05	0.034247	-0.268653	0.190725	0.034247	-0.268653	0.190723	-0.	0.	0	0	0	20	0	0	781	140	-1100	7839	20117	12578	20	-331	-490
70.678	04:04:38.678	43.564107740	1.481256711	0.	-0.	-0.	-0.	1.	-0.	-0.	-0.	-0.	-8.	0.	0.	0.	-8.	0.	0.	39.999996	0.	0.	0.	0.	0.	0.	0.	0.	0.	0.	0.	0.190734	0.	0.	-9600.	-9600.	-9600.	-9600.	0.015527	-14.476205	114.246994	-0.003105	28.95241	-228.493988	7.5e-05	0.034069	-0.269167	0.190809	0.034069	-0.269167	0.190811	-0.	0.	0	0	0	20	0	0	781	139	-1100	9458	23960	15247	20	-330	-490
70.928	04:04:38.928	43.564107705	1.481256711	0.	-0.	-0.	-0.	1.	-0.	-0.	-0.	-0.	-8.	0.	0.	0.	-8.	0.	0.	39.999996	0.	0.	0.	0.	0.	0.	0.	0.	0.	0.	0.	0.190694	0.	0.	-9600.	-9600.	-9600.	-9600.	-0.337997	-15.235871	120.209343	0.071325	30.471743	-240.418686	-1.7e-05	0.034161	-0.268339	0.190677	0.034161	-0.268339	0.190677	-0.	0.	0	0	0	19	0	0	780	140	-1097	7531	17766	12016	19	-331	-490
71.178	04:04:39.178	43.564107705	1.481256711	0.	-0.	-0.	-0.	1.	-0.	-0.	-0.	-0.	-8.	0.	0.	0.	-8.	0.	0.	39.999996	0.	0.	0.	0.	0.	0.	0.	0.	0.	0.	0.	0.190669	0.	0.	-9600.	-9600.	-9600.	-9600.	-0.149793	-16.016096	126.198044	0.029959	32.032192	-252.396088	-5e-06	0.034235	-0.267914	0.190664	0.034235	-0.267914	0.190657	-0.	0.	0	0	0	19	0	0	780	140	-1099	6553	16552	10162	19	-331	-490
71.428	04:04:39.428	43.564107705	1.481256711	0.	-0.	-0.	-0.	1.	-0.	-0.	-0.	-0.	-8.	0.	0.	0.	-8.	0.	0.	39.999996	0.	0.	0.	0.	0.	0.	0.	0.	0.	0.	0.	0.190669	0.	0.	-9600.	-9600.	-9600.	-9600.	-0.132278	-16.774656	132.306442	0.026456	33.549313	-264.612885	2.6e-05	0.034111	-0.268172	0.190695	0.034111	-0.268172	0.190688	-0.	0.	0	0	0	20	0	0	780	140	-1097	6906	17478	10924	20	-331	-490
71.678	04:04:39.678	43.564107705	1.481256711	0.	-0.	-0.	-0.	1.	-0.	-0.	-0.	-0.	-8.	0.	0.	0.	-8.	0.	0.	39.999996	0.	0.	0.	0.	0.	0.	0.	0.	0.	0.	0.	0.190681	0.	0.	-9600.	-9600.	-9600.	-9600.	0.177117	-17.591759	138.201645	-0.035423	35.183517	-276.40329	1.2e-05	0.034142	-0.268081	0.190692	0.034142	-0.268081	0.190688	-0.	0.	0	0	0	20	0	0	781	139	-1098	8797	21442	13913	20	-331	-490
71.928	04:04:39.928	43.564107705	1.481256711	0.	-0.	-0.	-0.	1.	-0.	-0.	-0.	-0.	-8.	0.	0.	0.	-8.	0.	0.	39.999996	0.	0.	0.	0.	0.	0.	0.	0.	0.	0.	0.	0.190702	0.	0.	-9600.	-9600.	-9600.	-9600.	-0.080105	-18.335138	144.408096	0.016021	36.670277	-288.816193	1.1e-05	0.03418	-0.268135	0.190713	0.03418	-0.268135	0.190711	-0.	0.	0	0	0	19	0	0	781	139	-1098	5965	15680	9368	19	-331	-490
72.178	04:04:40.178	43.564107705	1.481256711	0.	-0.	-0.	-0.	1.	-0.	-0.	-0.	-0.	-8.	0.	0.	0.	-8.	0.	0.	39.999996	0.	0.	0.	0.	0.	0.	0.	0.	0.	0.	0.	0.190718	0.	0.	-9600.	-9600.	-9600.	-9600.	0.933566	-19.214249	149.870193	-0.190439	38.428497	-299.740387	-1.1e-05	0.034188	-0.267931	0.190707	0.034188	-0.267931	0.190707	-0.	0.	0	0	0	20	0	0	781	139	-1097	8104	20155	12667	20	-331	-490
72.428	04:04:40.428	43.564107705	1.481256711	0.	-0.	-0.	-0.	1.	-0.	-0.	-0.	-0.	-8.	0.	0.	0.	-8.	0.	0.	39.999996	0.	0.	0.	0.	0.	0.	0.	0.	0.	0.	0.	0.190728	0.	0.	-9600.	-9600.	-9600.	-9600.	0.07747	-19.827835	156.30719	-0.019219	39.65567	-312.61438	-1e-06	0.034122	-0.267974	0.190727	0.034122	-0.267974	0.190727	-0.	0.	0	0	0	19	0	0	781	139	-1097	5545	14896	8791	19	-331	-490
72.678	04:04:40.678	43.564107705	1.481256711	0.	-0.	-0.	-0.	1.	-0.	-0.	-0.	-0.	-8.	0.	0.	0.	-8.	0.	0.	39.999996	0.	0.	0.	0.	0.	0.	0.	0.	0.	0.	0.	0.190728	0.	0.	-9600.	-9600.	-9600.	-9600.	0.07747	-19.827835	156.30719	-0.019219	39.65567	-312.61438	-1e-06	0.034122	-0.267974	0.190727	0.034122	-0.267974	0.190727	-0.	0.	0	0	0	20	0	0	781	140	-1097	7643	18742	11780	20	-331	-490
72.928	04:04:40.928	43.564107740	1.481256711	0.	-0.	-0.	-0.	1.	-0.	-0.	-0.	-0.	-8.	0.	0.	0.	-8.	0.	0.	39.999996	0.	0.	0.	0.	0.	0.	0.	0.	0.	0.	0.	0.190728	0.	0.	-9600.	-9600.	-9600.	-9600.	0.07747	-19.827835	156.30719	-0.019219	39.65567	-312.61438	-1e-06	0.034122	-0.267974	0.190727	0.034122	-0.267974	0.190727	-0.	0.	0	0	0	20	0	0	781	140	-1097	9091	22152	14233	20	-330	-490
73.178	04:04:41.178	43.564107705	1.481256711	0.	-0.	-0.	-0.	1.	-0.	-0.	-0.	-0.	-8.	0.	0.	0.	-8.	0.	0.	39.999996	0.	0.	0.	0.	0.	0.	0.	0.	0.	0.	0.	0.190791	0.034167	-0.267976	-9600.	-9600.	-9600.	-9600.	0.	-1.642853	12.882052	0.	0.	0.	0.	1.3e-05	-0.000103	0.190791	0.034181	-0.26808	0.190791	-0.	0.	0	0	0	20	0	0	781	140	-1096	6708	16718	10523	20	-331	-490
73.428	04:04:41.428	43.564107705	1.481256711	0.	-0.	-0.	-0.	1.	-0.	-0.	-0.	-0.	-8.	0.	0.	0.	-8.	0.	0.	39.999996	0.	0.	0.	0.	0.	0.	0.	0.	0.	0.	0.	0.19074	0.009785	-0.076743	-9600.	-9600.	-9600.	-9600.	-0.597919	-0.130854	1.680405	0.119584	0.67638	-6.612989	-6.6e-05	0.024616	-0.190498	0.190674	0.034401	-0.267241	0.190674	-0.	0.	0	0	0	19	0	0	781	140	-1097	6439	15991	9754	19	-331	-490
73.678	04:04:41.678	43.564107705	1.481256711	0.	-0.	-0.	-0.	1.	-0.	-0.	-0.	-0.	-8.	0.	0.	0.	-8.	0.	0.	39.999996	0.	0.	0.	0.	0.	0.	0.	0.	0.	0.	0.	0.190705	0.001405	-0.011017	-9600.	-9600.	-9600.	-9600.	-0.588804	0.633861	-4.338046	0.121486	-1.174706	7.946633	6e-06	0.032996	-0.256348	0.190711	0.034401	-0.267365	0.190705	-0.	0.	0	0	0	19	0	0	781	140	-1094	6330	15916	10110	19	-331	-490
73.928	04:04:41.928	43.564107705	1.481256711	0.	-0.	-0.	-0.	1.	-0.	-0.	-0.	-0.	-8.	0.	0.	0.	-8.	0.	0.	39.999996	0.	0.	0.	0.	0.	0.	0.	0.	0.	0.	0.	0.190675	0.000167	-0.001311	5.869687	0.	0.	7.172399	-5.071398	0.18259	-0.018242	1.018005	-0.352457	-0.063284	-1.3e-05	0.033948	-0.266865	0.190661	0.034115	-0.268176	0.190588	-0.	0.	0	0	0	20	0	0	781	140	-1094	8260	19775	13323	20	-331	-490
74.178	04:04:42.178	43.564107705	1.481256711	0.	-0.	-0.	-0.	1.	-0.	-0.	-0.	-0.	-8.	0.	0.	0.	-8.	0.	0.	39.999996	0.	0.	0.	0.	0.	0.	0.	0.	0.	0.	0.	0.190675	1.8e-05	-0.000143	152.737427	226.760559	4e-06	6.1e-05	-0.242401	-1.036329	5.313104	0.04103	2.07414	-10.637828	-2.8e-05	0.034303	-0.267508	0.190647	0.034321	-0.267651	0.190634	-0.	0.	0	-330	0	19	0	0	779	140	-1102	5366	13376	7295	19	-331	-490
74.428	04:04:42.428	43.564107705	1.481256711	0.	-0.	-0.	-0.	1.	-0.	-0.	-0.	-0.	-8.	0.	0.	0.	-8.	0.	0.	39.999996	0.	0.	0.	0.	0.	0.	0.	0.	0.	0.	0.	0.190746	2e-06	-1.5e-05	295.425171	421.143707	5e-06	0.000123	-1.453941	-1.760061	10.032203	0.294514	3.52028	-20.065655	0.000134	0.034548	-0.263272	0.19088	0.03455	-0.263287	0.19088	-0.	0.	0	102	0	20	0	0	781	139	-1092	10951	17916	10353	20	-331	-490
74.678	04:04:42.678	43.564107705	1.481256711	0.	-0.	-0.	-0.	1.	-0.	-0.	-0.	-0.	-8.	0.	0.	0.	-8.	0.	0.	39.999996	0.	0.	0.	0.	0.	0.	0.	0.	0.	0.	0.	0.190845	1e-06	-4e-06	424.280579	539.04364	0.	1.8e-05	1.186605	-1.606685	13.486873	-0.226145	3.213416	-26.974115	0.000212	0.034434	-0.26088	0.191057	0.034435	-0.260884	0.191155	-0.	0.	0	202	0	20	0	0	782	141	-1069	12103	15985	10711	20	-331	-490
74.928	04:04:42.928	43.564107705	1.481256711	0.	-0.	-0.	-0.	1.	-0.	-0.	-0.	-0.	-8.	0.	0.	0.	-8.	0.	0.	39.999996	0.	0.	0.	0.	0.	0.	0.	0.	0.	0.	0.	0.190845	1e-06	-4e-06	424.280579	539.04364	0.	1.8e-05	1.186605	-1.606685	13.486873	-0.226145	3.213416	-26.974115	0.000212	0.034434	-0.26088	0.191057	0.034435	-0.260884	0.191155	-0.	0.	0	0	0	20	0	0	781	141	-1104	14027	19225	10487	20	-331	-490
75.178	04:04:43.178	43.564107740	1.481256711	0.	-0.	-0.	-0.	1.	-0.	-0.	-0.	-0.	-8.	0.	0.	0.	-8.	0.	0.	39.999996	0.	0.	0.	0.	0.	0.	0.	0.	0.	0.	0.	0.190845	1e-06	-4e-06	424.280579	539.04364	0.	1.8e-05	1.186605	-1.606685	13.486873	-0.226145	3.213416	-26.974115	0.000212	0.034434	-0.26088	0.191057	0.034435	-0.260884	0.191155	-0.	0.	0	0	0	20	0	0	781	140	-1100	14233	21346	11145	20	-330	-490
75.428	04:04:43.428	43.564107705	1.481256711	0.	-0.	-0.	-0.	1.	-0.	-0.	-0.	-0.	-8.	0.	0.	0.	-8.	0.	0.	39.999996	0.	0.	0.	0.	0.	0.	0.	0.	0.	0.	0.	0.190845	1e-06	-4e-06	424.280579	539.04364	0.	1.8e-05	1.186605	-1.606685	13.486873	-0.226145	3.213416	-26.974115	0.000212	0.034434	-0.26088	0.191057	0.034435	-0.260884	0.191155	-0.	0.	0	0	0	20	0	0	781	138	-1097	10153	16747	9281	20	-331	-490
75.678	04:04:43.678	43.564107705	1.481256711	0.	-0.	-0.	-0.	1.	-0.	-0.	-0.	-0.	-8.	0.	0.	0.	-8.	0.	0.	39.999996	0.	0.	0.	0.	0.	0.	0.	0.	0.	0.	0.	0.190999	0.02316	-0.18947	168.792831	178.042542	0.000161	3.4e-05	5.532494	-0.129497	4.855803	-1.080422	0.325118	-10.251774	0.000268	0.009869	-0.077656	0.191267	0.033029	-0.267126	0.191286	-0.	0.	0	0	0	20	0	0	782	135	-1097	10722	20925	11871	20	-331	-490
75.928	04:04:43.928	43.564107705	1.481256711	0.	-0.	-0.	-0.	1.	-0.	-0.	-0.	-0.	-8.	0.	0.	0.	-8.	0.	0.	39.999996	0.	0.	0.	0.	0.	0.	0.	0.	0.	0.	0.	0.190969	0.004268	-0.034917	0.	1.2e-05	83.554428	133.636093	3.218315	0.701142	-3.04073	-0.651114	-1.164681	4.138721	-8.8e-05	0.028774	-0.232285	0.190881	0.033042	-0.267202	0.190794	-0.	0.	0	89	0	20	0	0	781	134	-1094	6812	16808	8678	20	-331	-490
76.178	04:04:44.178	43.564107705	1.481256711	0.	-0.	-0.	-0.	1.	-0.	-0.	-0.	-0.	-8.	0.	0.	0.	-8.	0.	0.	39.999996	0.	0.	0.	0.	0.	0.	0.	0.	0.	0.	0.	0.190839	0.000554	-0.004534	0.000165	0.	110.051979	142.31839	8.51428	0.451731	-3.533253	-1.710307	-0.863953	6.743454	-0.000261	0.032756	-0.266199	0.190578	0.03331	-0.270733	0.190626	-0.	0.	0	63	0	20	0	0	780	135	-1103	9510	21501	11030	20	-331	-490
76.428	04:04:44.428	43.564107740	1.481256711	0.	-0.	-0.	-0.	1.	-0.	-0.	-0.	-0.	-8.	0.	0.	0.	-8.	0.	0.	39.999996	0.	0.	0.	0.	0.	0.	0.	0.	0.	0.	0.	0.190719	6.3e-05	-0.000516	65.662964	47.533295	0.000106	7.2e-05	7.517137	0.25381	1.584778	-1.503427	-0.502652	-3.21017	-0.000102	0.03329	-0.268088	0.190618	0.033353	-0.268604	0.190644	-0.	0.	0	42	0	20	0	0	781	136	-1107	12480	19687	6277	20	-330	-490
76.678	04:04:44.678	43.564107705	1.481256711	0.	-0.	-0.	-0.	1.	-0.	-0.	-0.	-0.	-8.	0.	0.	0.	-8.	0.	0.	39.999996	0.	0.	0.	0.	0.	0.	0.	0.	0.	0.	0.	0.190771	7e-06	-5.5e-05	207.225098	1088.829102	25.165527	838.781006	1.53045	-0.951843	6.049514	-0.283738	1.904242	-12.103576	0.000451	0.033702	-0.265596	0.191222	0.033709	-0.265651	0.191222	-0.	0.	0	159	0	20	0	0	782	137	-1096	12376	15732	8232	20	-331	-490
76.928	04:04:44.928	43.564107705	1.481256711	0.	-0.	-0.	-0.	1.	-0.	-0.	-0.	-0.	-8.	0.	0.	0.	-8.	0.	0.	39.999996	0.	0.	0.	0.	0.	0.	0.	0.	0.	0.	0.	0.191154	1e-06	-6e-06	983.807129	500.043976	632.538208	0.000149	-3.130404	-2.082849	11.918377	0.61863	4.165757	-23.837231	0.000233	0.034125	-0.259982	0.191387	0.034126	-0.259988	0.191297	-0.	0.	0	521	0	20	0	0	782	138	-1075	7791	16075	6560	20	-331	-490
77.178	04:04:45.178	43.564107705	1.481256711	0.	-0.	-0.	-0.	1.	-0.	-0.	-0.	-0.	-8.	0.	0.	0.	-8.	0.	0.	39.999996	0.	0.	0.	0.	0.	0.	0.	0.	0.	0.	0.	0.191241	-3.6e-05	0.054217	946.984802	901.033752	268.2005	0.000112	-1.483064	-3.111495	22.117449	0.304063	6.261459	-53.867565	0.000715	0.035158	-0.290038	0.191956	0.035122	-0.235821	0.191297	-0.0009	1e-06	0	528	0	20	0	0	782	139	-1049	14992	21087	15978	20	-331	-490
77.428	04:04:45.428	43.564107740	1.481256808	0.	-0.	-0.	-0.	1.	-0.	-0.	-0.	-0.	-8.	0.	0.	0.	-8.	0.	0.	39.999996	0.	0.	0.	0.	0.	0.	0.	0.	0.	0.	0.	0.191279	-0.000142	0.020132	773.140747	1142.573975	0.	200.710571	2.838354	-2.362119	24.010059	-0.563945	4.721131	-47.399857	0.002146	0.034356	-0.250624	0.193425	0.034215	-0.230492	0.191297	-0.	0.	0	548	0	20	0	0	791	161	-824	25054	48598	57497	20	-330	-488
77.678	04:04:45.678	43.564107775	1.481256856	0.	-0.	-0.	-0.	1.	-0.	-0.	-0.	-0.	-8.	0.	0.	0.	-8.	0.	0.	39.999996	0.	0.	0.	0.	0.	0.	0.	0.	0.	0.	0.	0.19052	-0.004215	0.144142	561.671387	0.	1504.377075	50.940216	-7.203524	-12.484715	-13.911036	1.511485	25.315998	4.546459	0.006074	0.055258	-0.253299	0.196594	0.051043	-0.109158	0.191318	-0.000463	-0.087538	0	627	0	20	0	0	792	140	-975	22712	45858	44495	20	-329	-487
77.928	04:04:45.928	43.564107810	1.481257001	0.	-0.	-0.	-0.	1.	-0.	-0.	-0.	-0.	-8.	0.	0.	0.	-8.	0.	0.	39.999996	0.	0.	0.	0.	0.	0.	0.	0.	0.	0.	0.	0.191082	-0.001233	0.031617	936.868286	1379.762939	0.	245.457764	12.002801	-2.764117	28.996422	-2.408011	5.478058	-55.994225	0.005158	0.074295	-0.11928	0.19624	0.073062	-0.087663	0.191297	3.2e-05	0.005727	1	597	0	20	0	0	792	404	-51	29831	137886	189278	20	-328	-484
78.178	04:04:46.178	43.564107810	1.481257195	0.	-0.	-0.	-0.	1.	-0.	-0.	-0.	-0.	-8.	0.	0.	0.	-8.	0.	0.	39.999996	0.	0.	0.	0.	0.	0.	0.	0.	0.	0.	0.	0.191268	-0.000174	0.004999	1562.958252	906.57666	1432.04248	0.	-10.485139	-10.859254	14.524898	2.093302	21.706783	-28.755846	0.005819	0.040478	-0.205778	0.197087	0.040304	-0.200779	0.191297	-0.	0.	1	829	0	20	0	0	801	136	-846	31497	145541	183519	20	-328	-480
78.428	04:04:46.428	43.564107915	1.481257001	0.	-0.	-0.	-0.	1.	-0.	-0.	-0.	-0.	-8.	0.	0.	0.	-8.	0.	0.	39.999996	0.	0.	0.	0.	0.	0.	0.	0.	0.	0.	0.	0.191295	-2e-05	0.000633	2774.869629	1221.85791	2492.734619	9.7e-05	-11.630615	-13.156115	21.05591	2.326123	26.310663	-42.065849	0.011245	0.071308	-0.108377	0.20254	0.071287	-0.107744	0.191297	-0.	0.	1	1197	0	21	0	0	805	256	-548	42994	133084	86709	21	-325	-484
78.678	04:04:46.678	43.564107810	1.481257146	0.	-0.	-0.	-0.	1.	-0.	-0.	-0.	-0.	-8.	0.	0.	0.	-8.	0.	0.	39.999996	0.	0.	0.	0.	0.	0.	0.	0.	0.	0.	0.	0.191296	-2e-06	7.1e-05	0.	4132.586914	228.391754	3069.034424	17.280001	-18.087215	11.692243	-6.104138	36.174252	-23.378834	0.009784	0.081317	-0.085374	0.20108	0.081315	-0.085303	0.191297	-0.	0.	1	1604	0	21	0	0	824	290	-450	48855	135927	176763	21	-328	-481
78.928	04:04:46.928	43.564107986	1.481257485	0.	-0.	-0.	-0.	1.	-0.	-0.	-0.	-0.	-8.	0.	0.	0.	-8.	0.	0.	39.999996	0.	0.	0.	0.	0.	0.	0.	0.	0.	0.	0.	0.191296	-0.	7e-06	2943.237549	1935.969727	2551.37207	0.	-17.280001	-21.617466	32.589699	4.171606	43.234913	-65.178772	0.011255	0.101205	-0.040544	0.202551	0.101205	-0.040536	0.191297	-0.	0.	2	1846	0	22	0	0	822	394	-215	47562	193177	271730	22	-323	-474
79.178	04:04:47.178	43.564107845	1.481257340	0.	-0.	-0.	-0.	1.	-0.	-0.	-0.	-0.	-8.	0.	0.	0.	-8.	0.	0.	39.999996	0.	0.	0.	0.	0.	0.	0.	0.	0.	0.	0.	0.191297	-5.1e-05	-0.004545	0.000138	3765.484375	851.069458	2811.855469	7.424936	-25.265772	1.435833	-1.484987	50.50087	-5.432279	0.011366	0.103557	-0.026844	0.202663	0.103506	-0.031389	0.191321	-0.000741	-0.064464	2	1856	0	21	0	0	831	410	-184	28584	183809	246477	21	-327	-477
79.428	04:04:47.428	43.564108056	1.481257727	0.	-0.	-0.	-0.	1.	-0.	-0.	-0.	-0.	-8.	0.	0.	0.	-8.	0.	0.	39.999996	0.	0.	0.	0.	0.	0.	0.	0.	0.	0.	0.	0.191304	-0.000203	-0.020401	2825.717285	1553.08374	3050.830566	0.	-12.808649	-24.894766	18.591587	2.56173	49.787621	-37.354538	0.004441	0.096943	-0.037232	0.195745	0.09674	-0.057633	0.191297	-0.	0.	2	1857	0	22	0	0	809	420	-139	52094	277914	347633	22	-321	-469
79.678	04:04:47.678	43.564108337	1.481258065	0.	-0.	-0.	-0.	1.	-0.	-0.	-0.	-0.	-8.	0.	0.	0.	-8.	0.	0.	39.999996	0.	0.	0.	0.	0.	0.	0.	0.	0.	0.	0.	0.191307	-0.000215	-0.066671	2768.989746	1528.115112	3133.333008	0.	-17.247004	-26.494417	16.29282	3.449401	52.959438	-31.047094	-0.001841	0.098022	0.004643	0.189466	0.097807	-0.062028	0.19132	-0.000783	-0.058661	2	1856	0	23	0	0	794	403	-137	66298	329138	383553	23	-313	-462
79.928	04:04:47.928	43.564107986	1.481257533	0.	-0.	-0.	-0.	1.	-0.	-0.	-0.	-0.	-8.	0.	0.	0.	-8.	0.	0.	39.999996	0.	0.	0.	0.	0.	0.	0.	0.	0.	0.	0.	0.19131	-0.000494	-0.069459	7.5e-05	4352.671387	373.350555	2702.992188	11.583277	-28.322418	17.868593	-2.316655	56.685806	-36.318333	-0.00941	0.085082	-0.021939	0.1819	0.084587	-0.091399	0.191337	-0.001303	-0.061538	3	1857	0	21	0	0	758	369	-303	45198	286514	287639	21	-323	-473
80.178	04:04:48.178	43.564108197	1.481257630	0.	-0.	-0.	-0.	1.	-0.	-0.	-0.	-0.	-8.	0.	0.	0.	-8.	0.	0.	39.999996	0.	0.	0.	0.	0.	0.	0.	0.	0.	0.	0.	0.191284	-2.7e-05	-0.09194	0.	3713.737793	1074.648071	2640.97998	12.225127	-30.063681	-0.026475	-2.445025	60.119755	-0.287914	-0.009427	0.086684	0.018668	0.181857	0.086657	-0.073272	0.191211	0.001214	-0.14243	3	1856	0	22	0	0	754	352	-359	70390	311494	274124	22	-317	-471
80.428	04:04:48.428	43.564108056	1.481257485	0.	-0.	-0.	-0.	1.	-0.	-0.	-0.	-0.	-8.	0.	0.	0.	-8.	0.	0.	39.999996	0.	0.	0.	0.	0.	0.	0.	0.	0.	0.	0.	0.191212	0.001214	-0.127878	2801.260254	1616.886597	3010.882324	1.4e-05	-9.413296	-25.571123	19.701715	1.886384	51.131069	-39.585972	-0.010644	0.061752	-0.043218	0.180568	0.062966	-0.171096	0.191177	0.001656	-0.145289	3	1857	0	21	0	0	736	333	-451	51797	294148	240694	21	-321	-474
80.678	04:04:48.678	43.564108267	1.481257485	0.	-0.	-0.	-0.	1.	-0.	-0.	-0.	-0.	-8.	0.	0.	0.	-8.	0.	0.	39.999996	0.	0.	0.	0.	0.	0.	0.	0.	0.	0.	0.	0.191243	0.000858	-0.112629	0.	4173.228516	696.498169	2536.412598	17.094488	-32.666397	13.164445	-3.418898	65.351158	-27.304916	-0.011955	0.063439	-0.03126	0.179289	0.064297	-0.14389	0.191279	0.000348	-0.105868	3	1856	0	23	0	0	738	237	-734	79753	303884	170970	23	-315	-474
80.928	04:04:48.928	43.564107915	1.481257195	0.	-0.	-0.	-0.	1.	-0.	-0.	-0.	-0.	-8.	0.	0.	0.	-8.	0.	0.	39.999996	0.	0.	0.	0.	0.	0.	0.	0.	0.	0.	0.	0.191206	0.001524	-0.114563	0.	4052.081543	803.689148	2574.082764	15.371206	-31.943632	9.440331	-3.070516	63.882084	-18.614304	-0.022161	0.068218	0.039517	0.169045	0.069742	-0.075046	0.191146	0.002568	-0.117373	4	1853	0	21	0	0	718	295	-355	48972	238501	157392	21	-325	-480
81.178	04:04:49.178	43.564108126	1.481257533	0.	-0.	-0.	-0.	1.	-0.	-0.	-0.	-0.	-8.	0.	0.	0.	-8.	0.	0.	39.999996	0.	0.	0.	0.	0.	0.	0.	0.	0.	0.	0.	0.191175	0.002101	-0.114	2636.437988	1885.80957	2956.306641	0.000103	-17.280001	-30.879494	21.923182	4.399093	61.730057	-42.438202	-0.025056	0.055618	-0.011367	0.166119	0.057719	-0.125368	0.191215	0.002033	-0.080805	4	1856	0	21	0	0	688	269	-368	44766	331601	271636	21	-319	-473
81.428	04:04:49.428	43.564107915	1.481257195	0.	-0.	-0.	-0.	1.	-0.	-0.	-0.	-0.	-8.	0.	0.	0.	-8.	0.	0.	39.999996	0.	0.	0.	0.	0.	0.	0.	0.	0.	0.	0.	0.191254	0.000928	-0.042946	0.000237	3883.459961	1160.926758	2505.916016	17.280001	-35.538589	3.03264	-5.550733	71.102585	-7.387757	-0.025779	0.066315	0.01475	0.165475	0.067243	-0.028197	0.191297	-0.	0.	4	1869	0	20	0	0	683	237	-502	44697	212984	114456	20	-325	-480
81.678	04:04:49.678	43.564108197	1.481257630	0.	-0.	-0.	-0.	1.	-0.	-0.	-0.	-0.	-8.	0.	0.	0.	-8.	0.	0.	39.999996	0.	0.	0.	0.	0.	0.	0.	0.	0.	0.	0.	0.191291	0.000148	-0.006678	5.4e-05	3764.263672	1220.797852	2493.272949	17.280001	-34.885044	0.702685	-8.373178	69.779175	-1.823069	-0.041591	0.05219	0.072802	0.1497	0.052337	0.066124	0.191297	-0.	0.	4	1879	0	21	0	0	655	244	322	33478	365223	323522	21	-317	-471
81.928	04:04:49.928	43.564108865	1.481258452	0.	-0.	-0.	-0.	1.	-0.	-0.	-0.	-0.	-8.	0.	0.	0.	-8.	0.	0.	39.999996	0.	0.	0.	0.	0.	0.	0.	0.	0.	0.	0.	0.191298	1.8e-05	-0.00082	0.	3907.73877	1162.265625	2500.295654	17.280001	-35.975922	3.43247	-5.63165	71.953194	-6.925883	-0.064119	0.054211	0.037947	0.127178	0.054229	0.037127	0.191297	-0.	0.	5	1869	0	18	0	0	567	228	231	-23909	593821	494625	18	-298	-454
82.178	04:04:50.178	43.564108443	1.481257823	0.	-0.	-0.	-0.	1.	-0.	-0.	-0.	-0.	-8.	0.	0.	0.	-8.	0.	0.	39.999996	0.	0.	0.	0.	0.	0.	0.	0.	0.	0.	0.	0.19121	0.001764	-0.023621	5e-05	3021.116211	1986.346191	2543.114746	17.280001	-34.50087	-21.116819	-3.928237	69.519409	35.660831	-0.077086	0.0473	0.050639	0.114123	0.049064	0.027018	0.189934	0.014453	-0.188029	5	1886	0	18	0	0	500	216	120	-7048	487332	329130	18	-310	-467
82.428	04:04:50.428	43.564108548	1.481257920	0.	-0.	-0.	-0.	1.	-0.	-0.	-0.	-0.	-8.	0.	0.	0.	-8.	0.	0.	39.999996	0.	0.	0.	0.	0.	0.	0.	0.	0.	0.	0.	0.18942	0.016169	-0.186126	2.8e-05	4717.191406	132.665695	2700.104492	17.280001	-30.096542	26.381901	-3.426888	59.956528	-49.928856	-0.087005	0.043709	0.015333	0.102416	0.059879	-0.170793	0.18912	0.019581	-0.221434	5	1886	0	18	0	0	441	230	-32	-2813	551748	348514	18	-307	-465
82.678	04:04:50.678	43.564108267	1.481257292	0.	-0.	-0.	-0.	1.	-0.	-0.	-0.	-0.	-8.	0.	0.	0.	-8.	0.	0.	39.999996	0.	0.	0.	0.	0.	0.	0.	0.	0.	0.	0.	0.189264	0.018332	-0.214151	2598.799316	1667.792969	3181.407471	99.996094	-3.62233	-30.105669	13.792646	0.802697	59.798298	-21.364058	-0.076615	0.001198	-0.088373	0.112649	0.01953	-0.302524	0.190476	0.012878	-0.127341	5	1887	0	20	0	0	440	0	-1293	36987	298461	47426	20	-315	-478
82.928	04:04:50.928	43.564108724	1.481256470	0.	-0.	-0.	-0.	1.	-0.	-0.	-0.	-0.	-8.	0.	0.	0.	-8.	0.	0.	39.999996	0.	0.	0.	0.	0.	0.	0.	0.	0.	0.	0.	0.19051	0.010488	-0.122927	3.3e-05	3993.093994	1186.992065	2388.44873	7.623536	-39.08292	5.84715	-1.550784	78.367706	-13.767425	-0.078521	0.044352	0.020322	0.111989	0.05484	-0.102605	0.190807	0.008813	-0.111245	6	1886	0	23	0	0	479	100	-906	62430	327956	-141566	23	-302	-495
83.178	04:04:51.178	43.564107951	1.481257146	0.	-0.	-0.	-0.	1.	-0.	-0.	-0.	-0.	-8.	0.	0.	0.	-8.	0.	0.	39.999996	0.	0.	0.	0.	0.	0.	0.	0.	0.	0.	0.	0.190691	0.009722	-0.119165	0.	4615.255371	978.798035	3107.370117	13.867567	-34.813564	7.407221	-2.784689	69.704659	-15.730864	-0.082119	0.028818	0.045735	0.108572	0.03854	-0.07343	0.190399	0.012146	-0.147667	6	1985	0	20	0	0	450	198	-244	36850	252838	177636	20	-324	-481
83.428	04:04:51.428	43.564108372	1.481257582	0.	-0.	-0.	-0.	1.	-0.	-0.	-0.	-0.	-8.	0.	0.	0.	-8.	0.	0.	39.999996	0.	0.	0.	0.	0.	0.	0.	0.	0.	0.	0.	0.190464	0.011499	-0.142662	0.000168	5232.782227	541.311401	3535.710449	17.280001	-31.337357	16.180641	-8.718212	62.622326	-31.634851	-0.077018	0.005412	-0.043102	0.113447	0.016911	-0.185764	0.190564	0.010669	-0.137197	6	2181	0	20	0	0	450	160	-540	31718	376741	216034	20	-312	-472
83.678	04:04:51.678	43.564107951	1.481257001	0.	-0.	-0.	-0.	1.	-0.	-0.	-0.	-0.	-8.	0.	0.	0.	-8.	0.	0.	39.999996	0.	0.	0.	0.	0.	0.	0.	0.	0.	0.	0.	0.190674	0.009547	-0.128368	4056.545898	1334.12207	4885.744629	6e-06	-9.144719	-30.286488	7.06892	1.817768	60.792767	-13.489639	-0.065921	-9.5e-05	0.006641	0.124752	0.009452	-0.121727	0.190804	0.009699	-0.1016	6	2450	0	20	0	0	484	66	-714	27056	177928	15230	20	-324	-484
83.928	04:04:51.928	43.564108162	1.481257146	0.	-0.	-0.	-0.	1.	-0.	-0.	-0.	-0.	-8.	0.	0.	0.	-8.	0.	0.	39.999996	0.	0.	0.	0.	0.	0.	0.	0.	0.	0.	0.	0.190937	0.007471	-0.093107	1660.537354	3531.309082	2782.463379	2321.684082	1.272931	-32.641716	1.227788	-0.262037	65.392044	-3.388762	-0.067958	-0.006076	0.041169	0.122979	0.001396	-0.051939	0.190907	0.008848	-0.088125	7	2569	0	20	0	0	516	16	-377	33879	297016	112716	20	-318	-481
84.178	04:04:52.178	43.564108548	1.481257533	0.	-0.	-0.	-0.	1.	-0.	-0.	-0.	-0.	-8.	0.	0.	0.	-8.	0.	0.	39.999996	0.	0.	0.	0.	0.	0.	0.	0.	0.	0.	0.	0.189594	0.040953	-0.084219	4456.668945	933.198486	4955.895508	0.	-17.280001	-20.053944	6.075616	7.19418	41.766571	-11.672533	-0.097255	-0.022155	0.0456	0.092339	0.018798	-0.038619	0.186597	0.119692	-0.078412	7	2573	0	20	0	0	454	-5	-119	29378	439821	223772	20	-307	-473
84.428	04:04:52.428	43.564108267	1.481257388	0.	-0.	-0.	-0.	1.	-0.	-0.	-0.	-0.	-8.	0.	0.	0.	-8.	0.	0.	39.999996	0.	0.	0.	0.	0.	0.	0.	0.	0.	0.	0.	0.1874	0.091643	-0.081748	4755.952637	485.413818	5528.175781	0.00021	-17.280001	-17.606911	-4.015337	7.631783	35.044319	7.646968	-0.116199	-0.03544	0.02543	0.071201	0.056203	-0.056318	0.183212	0.127197	-0.126786	7	2582	0	19	0	0	338	187	-245	21320	354502	186725	19	-315	-476
84.678	04:04:52.678	43.564108478	1.481257630	0.	-0.	-0.	-0.	1.	-0.	-0.	-0.	-0.	-8.	0.	0.	0.	-8.	0.	0.	39.999996	0.	0.	0.	0.	0.	0.	0.	0.	0.	0.	0.	0.182747	0.12622	-0.130684	5350.639648	537.789734	5443.893066	0.00014	-11.050287	-8.834597	6.223518	2.191431	17.769775	-12.23842	-0.119993	-0.08403	-7.2e-05	0.062754	0.042189	-0.130756	0.177619	0.156411	-0.174108	7	2694	0	21	0	0	257	231	-374	60835	373791	234900	21	-309	-471
84.928	04:04:52.928	43.564108056	1.481257195	0.	-0.	-0.	-0.	1.	-0.	-0.	-0.	-0.	-8.	0.	0.	0.	-8.	0.	0.	39.999996	0.	0.	0.	0.	0.	0.	0.	0.	0.	0.	0.	0.180865	0.136829	-0.150033	0.	6265.199707	319.909119	5476.164062	17.280001	-15.525231	6.567768	-9.576865	31.035563	-11.719925	-0.105979	-0.105124	-0.013264	0.074887	0.031705	-0.163297	0.184075	0.12781	-0.112736	8	2834	0	21	0	0	275	132	-718	45920	231425	82313	21	-321	-480
85.178	04:04:53.178	43.564108126	1.481257050	0.	-0.	-0.	-0.	1.	-0.	-0.	-0.	-0.	-8.	0.	0.	0.	-8.	0.	0.	39.999996	0.	0.	0.	0.	0.	0.	0.	0.	0.	0.	0.	0.183407	0.127625	-0.122497	0.	5827.580078	879.66333	5614.172852	17.280001	-15.302987	-9.327596	-12.823512	30.535194	17.958563	-0.108707	-0.073463	0.067482	0.074699	0.054162	-0.055015	0.184227	0.118002	-0.119548	8	3033	0	22	0	0	314	196	-458	49495	237182	72278	22	-319	-483
85.428	04:04:53.428	43.564107951	1.481257243	0.	-0.	-0.	-0.	1.	-0.	-0.	-0.	-0.	-8.	0.	0.	0.	-8.	0.	0.	39.999996	0.	0.	0.	0.	0.	0.	0.	0.	0.	0.	0.	0.183559	0.121062	-0.127371	0.	6390.35791	382.185486	5640.691895	17.280001	-15.84593	5.144734	-8.617672	31.794306	-9.928115	-0.125515	-0.068356	0.024084	0.058044	0.052707	-0.103287	0.183051	0.123037	-0.133681	8	3082	0	20	0	0	275	214	-261	36458	251248	176133	20	-324	-479
85.678	04:04:53.678	43.564108197	1.481257388	0.	-0.	-0.	-0.	1.	-0.	-0.	-0.	-0.	-8.	0.	0.	0.	-8.	0.	0.	39.999996	0.	0.	0.	0.	0.	0.	0.	0.	0.	0.	0.	0.183513	0.12085	-0.128418	9.5e-05	6462.38623	628.817322	5842.02832	17.280001	-17.488453	-0.118425	-6.088818	34.978767	0.344883	-0.124264	-0.064204	0.020201	0.059249	0.056647	-0.108217	0.184005	0.118662	-0.122603	8	3177	0	21	0	0	230	194	-492	56688	281542	154405	21	-317	-476
85.928	04:04:53.928	43.564107880	1.481257098	0.	-0.	-0.	-0.	1.	-0.	-0.	-0.	-0.	-8.	0.	0.	0.	-8.	0.	0.	39.999996	0.	0.	0.	0.	0.	0.	0.	0.	0.	0.	0.	0.18456	0.111661	-0.119989	3672.517578	3049.838623	4099.683594	2509.951904	-1.997322	-13.538742	1.578085	0.392014	27.073759	-3.213912	-0.11975	-0.052353	0.025807	0.06481	0.059308	-0.094181	0.185786	0.098296	-0.111936	9	3230	0	20	0	0	260	235	-422	46695	189997	100110	20	-326	-482
86.178	04:04:54.178	43.564108056	1.481257292	0.	-0.	-0.	-0.	1.	-0.	-0.	-0.	-0.	-8.	0.	0.	0.	-8.	0.	0.	39.999996	0.	0.	0.	0.	0.	0.	0.	0.	0.	0.	0.	0.185444	0.102027	-0.114349	0.	6786.445312	1161.257568	6041.527344	17.280001	-26.686455	-5.828765	-5.822228	53.289089	11.773015	-0.133845	-0.041476	0.058669	0.051599	0.060551	-0.05568	0.185657	0.099943	-0.112661	9	3325	0	21	0	0	255	260	-295	40950	251306	174273	21	-321	-478
86.428	04:04:54.428	43.564108372	1.481257630	0.	-0.	-0.	-0.	1.	-0.	-0.	-0.	-0.	-8.	0.	0.	0.	-8.	0.	0.	39.999996	0.	0.	0.	0.	0.	0.	0.	0.	0.	0.	0.	0.185637	0.097044	-0.11631	0.	6678.67627	830.79425	6623.628906	17.280001	-12.401785	-10.860456	-10.696701	25.397753	21.247799	-0.1751	-0.043495	0.081745	0.010537	0.053549	-0.034565	0.184186	0.10515	-0.134933	9	3486	0	22	0	0	145	246	-196	46185	355448	245389	22	-312	-471
86.678	04:04:54.678	43.564108162	1.481257485	0.	-0.	-0.	-0.	1.	-0.	-0.	-0.	-0.	-8.	0.	0.	0.	-8.	0.	0.	39.999996	0.	0.	0.	0.	0.	0.	0.	0.	0.	0.	0.	0.183386	0.107558	-0.145451	0.000137	7038.736816	457.138977	6801.070312	17.280001	-9.727282	-3.072618	-4.257356	19.681807	5.728004	-0.245278	-0.049155	0.054388	-0.061891	0.058402	-0.091063	0.181107	0.118135	-0.171888	9	3552	0	21	0	0	-59	195	-196	19772	341658	197156	21	-318	-474
86.928	04:04:54.928	43.564108232	1.481257437	0.	-0.	-0.	-0.	1.	-0.	-0.	-0.	-0.	-8.	0.	0.	0.	-8.	0.	0.	39.999996	0.	0.	0.	0.	0.	0.	0.	0.	0.	0.	0.	0.182231	0.114025	-0.158148	4578.296387	3101.813721	4569.345703	2514.536621	-3.18798	-8.09657	8.347182	0.686025	15.764731	-16.373989	-0.288804	-0.039205	-0.006035	-0.106573	0.07482	-0.164183	0.182973	0.110004	-0.150909	10	3573	0	21	0	0	-350	311	-520	63983	333313	157603	21	-316	-475
87.178	04:04:55.178	43.564107915	1.481257195	0.	-0.	-0.	-0.	1.	-0.	-0.	-0.	-0.	-8.	0.	0.	0.	-8.	0.	0.	39.999996	0.	0.	0.	0.	0.	0.	0.	0.	0.	0.	0.	0.184108	0.103045	-0.138093	0.000122	7484.506836	551.310913	6965.044434	17.280001	-14.99082	-0.445879	-5.364199	29.929485	0.571383	-0.296538	-0.028161	-0.001168	-0.11243	0.074884	-0.139261	0.18565	0.090809	-0.124124	10	3694	0	22	0	0	-461	280	-685	68036	157152	61020	22	-325	-480
87.428	04:04:55.428	43.564108408	1.481257485	0.	-0.	-0.	-0.	1.	-0.	-0.	-0.	-0.	-8.	0.	0.	0.	-8.	0.	0.	39.999996	0.	0.	0.	0.	0.	0.	0.	0.	0.	0.	0.	0.185675	0.089279	-0.125132	0.	7055.38623	919.432495	7286.121094	17.280001	-9.641758	-16.102341	-8.840161	19.415764	31.958813	-0.28928	-0.01667	0.056166	-0.103606	0.072609	-0.068966	0.186217	0.081567	-0.12433	10	3772	0	27	0	0	-430	312	-433	114938	291921	147313	28	-311	-474
87.678	04:04:55.678	43.564107810	1.481257195	0.	-0.	-0.	-0.	1.	-0.	-0.	-0.	-0.	-8.	0.	0.	0.	-8.	0.	0.	39.999996	0.	0.	0.	0.	0.	0.	0.	0.	0.	0.	0.	0.185904	0.08407	-0.128	7385.	11.011173	8264.561523	0.00015	-17.280001	-12.468025	-12.159703	3.470874	25.101826	24.401363	-0.308026	-0.021845	0.059449	-0.122122	0.062226	-0.068551	0.185615	0.086545	-0.131055	10	3839	0	21	0	0	-439	280	-254	31798	210847	117871	21	-328	-480
87.928	04:04:55.928	43.564108232	1.481257533	0.	-0.	-0.	-0.	1.	-0.	-0.	-0.	-0.	-8.	0.	0.	0.	-8.	0.	0.	39.999996	0.	0.	0.	0.	0.	0.	0.	0.	0.	0.	0.	0.185593	0.08784	-0.129565	689.264587	8271.131836	0.	7076.338867	17.280001	-7.077394	26.376814	-4.860286	14.428597	-52.921265	-0.361721	-0.035684	0.049586	-0.176128	0.052156	-0.079978	0.184958	0.096374	-0.131257	11	3932	0	23	0	0	-597	215	-280	47655	311443	167514	23	-316	-473
88.178	04:04:56.178	43.564107951	1.481257388	0.	-0.	-0.	-0.	1.	-0.	-0.	-0.	-0.	-8.	0.	0.	0.	-8.	0.	0.	39.999996	0.	0.	0.	0.	0.	0.	0.	0.	0.	0.	0.	0.185095	0.095435	-0.129632	8157.374512	0.000134	8428.722656	178.345932	-17.280001	-1.302025	-6.295711	10.344657	4.604531	11.276394	-0.40539	-0.046555	0.048828	-0.220295	0.04888	-0.080804	0.182145	0.12423	-0.14689	11	4035	0	21	0	0	-816	220	-287	51108	250637	102907	22	-324	-476
88.428	04:04:56.428	43.564108197	1.481257678	0.	-0.	-0.	-0.	1.	-0.	-0.	-0.	-0.	-8.	0.	0.	0.	-8.	0.	0.	39.999996	0.	0.	0.	0.	0.	0.	0.	0.	0.	0.	0.	0.180776	0.127386	-0.160852	8098.930176	662.319824	8331.299805	8.6e-05	-17.280001	-12.525646	6.019315	11.282756	23.862925	-11.334551	-0.413398	-0.051906	-0.026252	-0.232623	0.07548	-0.187104	0.181771	0.120995	-0.156959	11	4214	0	23	0	0	-949	208	-515	49117	290545	123897	23	-317	-470
88.678	04:04:56.678	43.564108126	1.481258017	0.	-0.	-0.	-0.	1.	-0.	-0.	-0.	-0.	-8.	0.	0.	0.	-8.	0.	0.	39.999996	0.	0.	0.	0.	0.	0.	0.	0.	0.	0.	0.	0.182217	0.116488	-0.154261	8158.004395	142.994995	9147.318359	0.	-17.280001	-15.852324	-11.84846	10.657568	31.564951	23.499479	-0.384242	-0.037539	0.020393	-0.202025	0.078949	-0.133868	0.1839	0.098281	-0.150138	11	4295	0	26	0	0	-908	330	-706	78796	218489	80085	26	-319	-463
88.928	04:04:56.928	43.564107423	1.481258307	0.	-0.	-0.	-0.	1.	-0.	-0.	-0.	-0.	-8.	0.	0.	0.	-8.	0.	0.	39.999996	0.	0.	0.	0.	0.	0.	0.	0.	0.	0.	0.	0.183826	0.09688	-0.153773	0.	8589.557617	609.676025	8765.154297	17.280001	-6.077116	-10.993822	-6.31054	12.34236	21.924314	-0.338096	-0.082057	0.016551	-0.15427	0.014823	-0.137222	0.184456	0.086113	-0.15847	12	4405	0	25	0	0	-755	197	-571	44315	111537	85043	25	-339	-457
89.178	04:04:57.178	43.564107177	1.481258500	0.	-0.	-0.	-0.	1.	-0.	-0.	-0.	-0.	-8.	0.	0.	0.	-8.	0.	0.	39.999996	0.	0.	0.	0.	0.	0.	0.	0.	0.	0.	0.	0.184633	0.085271	-0.155952	8557.138672	0.000124	8700.910156	1318.471313	-17.280001	16.445803	-20.471382	7.757183	-32.664364	40.991192	-0.299897	-0.048094	0.031584	-0.115265	0.037177	-0.124368	0.185102	0.079961	-0.154573	12	4498	0	28	0	0	-519	123	-556	109156	176432	70840	28	-346	-453
89.428	04:04:57.428	43.564106579	1.481258500	0.	-0.	-0.	-0.	1.	-0.	-0.	-0.	-0.	-8.	0.	0.	0.	-8.	0.	0.	39.999996	0.	0.	0.	0.	0.	0.	0.	0.	0.	0.	0.	0.185348	0.077723	-0.152541	154.073044	8907.610352	430.10553	9600.	17.280001	5.829009	-13.557907	-7.909791	-11.838694	27.141891	-0.267305	-0.027797	0.0395	-0.081956	0.049926	-0.113041	0.18626	0.067908	-0.148029	12	4655	0	29	0	0	-417	179	-505	77135	98881	68067	30	-363	-453
89.678	04:04:57.678	43.564106263	1.481258597	0.	-0.	-0.	-0.	1.	-0.	-0.	-0.	-0.	-8.	0.	0.	0.	-8.	0.	0.	39.999996	0.	0.	0.	0.	0.	0.	0.	0.	0.	0.	0.	0.18727	0.057151	-0.137979	1066.689941	9600.	319.221954	9469.835938	17.280001	8.642257	12.286845	-4.701036	-17.294758	-24.555063	-0.220388	-0.025536	0.030837	-0.033118	0.031615	-0.107142	0.189276	0.033452	-0.120694	12	4788	0	32	0	0	-248	242	-436	12106	110621	101717	32	-372	-451
89.928	04:04:57.928	43.564105665	1.481258259	0.	-0.	-0.	-0.	1.	-0.	-0.	-0.	-0.	-8.	0.	0.	0.	-8.	0.	0.	39.999996	0.	0.	0.	0.	0.	0.	0.	0.	0.	0.	0.	0.189196	0.033636	-0.122635	8775.910156	690.547485	9600.	1461.046387	-17.280001	-0.750273	-22.324234	10.872456	1.726858	44.208885	-0.159768	-0.022259	0.055148	0.029427	0.011378	-0.067487	0.189855	0.024033	-0.122833	13	5111	0	34	0	0	-32	17	-382	129669	88590	41692	34	-389	-458
90.178	04:04:58.178	43.564105665	1.481258259	0.	-0.	-0.	-0.	1.	-0.	-0.	-0.	-0.	-8.	0.	0.	0.	-8.	0.	0.	39.999996	0.	0.	0.	0.	0.	0.	0.	0.	0.	0.	0.	0.189751	0.025188	-0.124845	1413.303711	7531.208984	3326.313477	8185.163574	9.909535	-17.626764	-35.9375	-2.000534	35.51849	71.709221	-0.140725	-0.007249	0.026982	0.049026	0.017939	-0.097863	0.189734	0.024431	-0.130653	13	5127	0	44	0	0	177	-6	-346	94387	192541	90965	44	-389	-458
90.428	04:04:58.428	43.564105630	1.481258113	0.	-0.	-0.	-0.	1.	-0.	-0.	-0.	-0.	-8.	0.	0.	0.	-8.	0.	0.	39.999996	0.	0.	0.	0.	0.	0.	0.	0.	0.	0.	0.	0.189825	0.024361	-0.117295	1050.499512	9199.816406	605.342346	9600.	17.280001	11.834772	0.629624	-5.693088	-23.67001	-1.782652	-0.121018	0.003124	0.009679	0.068807	0.027486	-0.107616	0.190503	0.016307	-0.101697	13	5117	0	50	0	0	237	138	-415	34683	199258	57926	50	-390	-461
90.678	04:04:58.678	43.564106052	1.481258113	0.	-0.	-0.	-0.	1.	-0.	-0.	-0.	-0.	-8.	0.	0.	0.	-8.	0.	0.	39.999996	0.	0.	0.	0.	0.	0.	0.	0.	0.	0.	0.	0.190655	0.014379	-0.085901	9200.179688	902.489258	9600.	1388.883911	-17.280001	1.21203	-12.407009	6.944623	-2.189134	24.199345	-0.100771	-0.004069	0.039297	0.089884	0.01031	-0.046604	0.190952	0.010363	-0.073368	13	5119	0	50	0	0	337	81	-230	-44726	279440	87918	50	-378	-461
90.928	04:04:58.928	43.564106650	1.481258404	0.	-0.	-0.	-0.	1.	-0.	-0.	-0.	-0.	-8.	0.	0.	0.	-8.	0.	0.	39.999996	0.	0.	0.	0.	0.	0.	0.	0.	0.	0.	0.	0.190933	0.009926	-0.078447	9091.749023	1763.154053	9600.	1928.734375	-15.445221	-4.797392	-9.433636	3.085319	9.646705	18.813255	-0.10892	0.003933	-0.000525	0.082013	0.013859	-0.078972	0.190976	0.008889	-0.080341	14	5465	0	42	0	0	346	61	-232	-34551	355682	177819	42	-361	-455
91.178	04:04:59.178	43.564106826	1.481258259	0.	-0.	-0.	-0.	1.	-0.	-0.	-0.	-0.	-8.	0.	0.	0.	-8.	0.	0.	39.999996	0.	0.	0.	0.	0.	0.	0.	0.	0.	0.	0.	0.190965	0.009231	-0.079488	1068.560547	9523.518555	2191.364258	9600.	17.280001	-14.648519	-16.789997	-12.362574	29.176432	33.647049	-0.118727	0.002537	-0.002206	0.072237	0.011767	-0.081695	0.190966	0.009361	-0.078311	14	5594	0	42	0	0	319	31	-274	100241	321310	131076	42	-356	-458
91.428	04:04:59.428	43.564107494	1.481258549	0.	-0.	-0.	-0.	1.	-0.	-0.	-0.	-0.	-8.	0.	0.	0.	-8.	0.	0.	39.999996	0.	0.	0.	0.	0.	0.	0.	0.	0.	0.	0.	0.191098	0.007962	-0.049307	880.378662	9600.	1004.129028	9535.167969	17.280001	-2.640146	-0.824853	-16.214508	5.24979	1.565886	-0.125017	0.025692	0.019583	0.066081	0.033654	-0.029723	0.191333	0.002842	0.000349	14	5499	0	49	0	0	275	72	-319	82383	337990	107339	49	-337	-452
91.678	04:04:59.678	43.564109076	1.481259516	0.	-0.	-0.	-0.	1.	-0.	-0.	-0.	-0.	-8.	0.	0.	0.	-8.	0.	0.	39.999996	0.	0.	0.	0.	0.	0.	0.	0.	0.	0.	0.	0.19129	0.001863	-0.009104	8552.990234	1565.650513	9600.	1112.739624	-17.280001	-20.998884	-8.317397	6.640121	42.086651	16.12862	-0.137954	0.018155	0.029575	0.053336	0.020018	0.020472	0.191333	-0.	0.	14	5244	0	75	0	0	240	107	40	151500	487959	257984	75	-292	-432
91.928	04:04:59.928	43.564110025	1.481260531	0.	-0.	-0.	-0.	1.	-0.	-0.	-0.	-0.	-8.	0.	0.	0.	-8.	0.	0.	39.999996	0.	0.	0.	0.	0.	0.	0.	0.	0.	0.	0.	0.190752	0.009875	-0.058108	1162.767212	9600.	1068.139038	9304.671875	17.280001	-2.809788	5.459378	-11.699204	5.11736	-7.92176	-0.143507	0.025408	-0.002172	0.047245	0.035283	-0.06028	0.190505	0.016931	-0.097664	15	5226	0	84	0	0	200	114	2	71918	457337	357432	84	-265	-411
92.178	04:05:0.178	43.564111220	1.481262368	0.	-0.	-0.	-0.	1.	-0.	-0.	-0.	-0.	-8.	0.	0.	0.	-8.	0.	0.	39.999996	0.	0.	0.	0.	0.	0.	0.	0.	0.	0.	0.	0.190605	0.014597	-0.088818	9477.966797	857.748779	9600.	1199.92041	-17.280001	3.081946	-6.498876	15.578471	-6.313602	13.923486	-0.144377	0.028031	-0.059201	0.046228	0.042628	-0.148019	0.190967	0.010394	-0.070415	15	5288	0	87	0	0	173	248	-664	7597	487005	428733	87	-231	-373
92.428	04:05:0.428	43.564112591	1.481264060	0.	-0.	-0.	-0.	1.	-0.	-0.	-0.	-0.	-8.	0.	0.	0.	-8.	0.	0.	39.999996	0.	0.	0.	0.	0.	0.	0.	0.	0.	0.	0.	0.190862	0.011621	-0.078006	8890.478516	1494.298462	9600.	1198.65686	-17.280001	-14.072289	-5.794322	8.825758	28.219549	11.091318	-0.139611	0.007606	0.008393	0.051251	0.019227	-0.069613	0.190826	0.011946	-0.084822	15	5291	0	81	0	0	207	130	-317	-41344	501678	346310	81	-192	-338
92.678	04:05:0.678	43.564113365	1.481265076	0.	-0.	-0.	-0.	1.	-0.	-0.	-0.	-0.	-8.	0.	0.	0.	-8.	0.	0.	39.999996	0.	0.	0.	0.	0.	0.	0.	0.	0.	0.	0.	0.190817	0.012004	-0.085825	2395.797119	9600.	2479.408203	9319.9375	17.280001	-5.091437	2.750325	-5.440279	10.163083	-5.297622	-0.135061	0.001764	-0.002508	0.055756	0.013768	-0.088333	0.190799	0.012039	-0.088691	15	5295	0	65	0	0	216	83	-321	-122563	424921	269207	65	-170	-317
92.928	04:05:0.928	43.564114560	1.481266429	0.	-0.	-0.	-0.	1.	-0.	-0.	-0.	-0.	-8.	0.	0.	0.	-8.	0.	0.	39.999996	0.	0.	0.	0.	0.	0.	0.	0.	0.	0.	0.	0.19081	0.011771	-0.088328	2284.860352	9082.584961	2827.618896	9600.	17.280001	-0.354817	-14.842431	-9.115331	0.794384	29.105579	-0.133328	-0.007462	0.008973	0.057482	0.004309	-0.079355	0.19061	0.013887	-0.103963	16	5918	0	51	0	0	229	73	-390	-16176	478635	313482	51	-136	-289
93.178	04:05:1.178	43.564115826	1.481267880	0.	-0.	-0.	-0.	1.	-0.	-0.	-0.	-0.	-8.	0.	0.	0.	-8.	0.	0.	39.999996	0.	0.	0.	0.	0.	0.	0.	0.	0.	0.	0.	0.190627	0.013754	-0.101675	5831.193359	5736.148438	6232.724609	5971.921875	-0.321262	-2.320602	-8.922274	0.049351	4.778341	16.948616	-0.136219	0.002797	-0.000177	0.054408	0.01655	-0.101852	0.190318	0.016745	-0.121081	16	5946	0	55	0	0	223	11	-363	160230	536603	332919	55	-100	-259
93.428	04:05:1.428	43.564116810	1.481269040	0.	-0.	-0.	-0.	1.	-0.	-0.	-0.	-0.	-8.	0.	0.	0.	-8.	0.	0.	39.999996	0.	0.	0.	0.	0.	0.	0.	0.	0.	0.	0.	0.188171	0.054153	-0.116634	5622.17334	6377.69873	5690.731934	6081.383789	1.034727	-5.108233	3.188596	-0.128714	9.199462	-5.699189	-0.147277	0.022705	-0.014859	0.040894	0.076858	-0.131493	0.187992	0.084724	-0.078768	16	5943	0	77	0	0	205	104	-437	286965	499260	299495	77	-72	-235
93.678	04:05:1.678	43.564118181	1.481270297	0.	-0.	-0.	-0.	1.	-0.	-0.	-0.	-0.	-8.	0.	0.	0.	-8.	0.	0.	39.999996	0.	0.	0.	0.	0.	0.	0.	0.	0.	0.	0.	0.187632	0.082276	-0.091618	2253.198242	9036.370117	2905.479248	9600.	17.280001	-1.241135	-17.022753	-3.794168	1.845245	33.652489	-0.140586	0.022781	0.053739	0.047046	0.105057	-0.037878	0.187497	0.083156	-0.092128	16	5944	0	119	0	0	161	476	-343	440116	476838	279627	119	-33	-209
93.928	04:05:1.928	43.564117935	1.481270346	0.	-0.	-0.	-0.	1.	-0.	-0.	-0.	-0.	-8.	0.	0.	0.	-8.	0.	0.	39.999996	0.	0.	0.	0.	0.	0.	0.	0.	0.	0.	0.	0.188357	0.05801	-0.109749	8341.374023	2699.268799	9600.	3130.179199	-17.280001	-11.588011	-23.653519	9.294411	23.5411	46.923332	-0.133081	-0.007701	0.021301	0.055277	0.050308	-0.088447	0.189689	0.023344	-0.140575	17	5944	0	132	0	0	210	359	-364	143312	126031	73639	132	-40	-208
94.178	04:05:2.178	43.564119342	1.481273005	0.	-0.	-0.	-0.	1.	-0.	-0.	-0.	-0.	-8.	0.	0.	0.	-8.	0.	0.	39.999996	0.	0.	0.	0.	0.	0.	0.	0.	0.	0.	0.	0.188853	0.04561	-0.111098	8.4e-05	9403.654297	1741.664307	9263.038086	17.280001	-26.351923	-22.414665	-15.197948	52.46077	44.879623	-0.126103	-0.021374	-0.027171	0.06275	0.024236	-0.138269	0.189664	0.034563	-0.09648	17	5842	0	242	0	0	256	-15	-654	849904	432546	458111	243	0	-153
94.428	04:05:2.428	43.564120221	1.481274359	0.	-0.	-0.	-0.	1.	-0.	-0.	-0.	-0.	-8.	0.	0.	0.	-8.	0.	0.	39.999996	0.	0.	0.	0.	0.	0.	0.	0.	0.	0.	0.	0.189495	0.037142	-0.098366	9133.047852	923.590515	9600.	727.00946	-17.280001	-9.28946	-3.785181	10.960886	18.668327	7.233224	-0.107819	-0.014508	0.011707	0.081676	0.022633	-0.086659	0.189735	0.032903	-0.097057	17	5120	0	322	0	0	296	168	-304	679865	447051	358777	323	25	-125
94.678	04:05:2.678	43.564119764	1.481274117	0.	-0.	-0.	-0.	1.	-0.	-0.	-0.	-0.	-8.	0.	0.	0.	-8.	0.	0.	39.999996	0.	0.	0.	0.	0.	0.	0.	0.	0.	0.	0.	0.169147	0.033014	-0.10003	3096.012695	5657.243652	4554.524414	6468.208984	4.039844	-9.06564	-31.772678	-2.182601	18.429304	63.6329	-0.100216	-0.002694	0.022502	0.068931	0.03032	-0.077528	0.111722	0.032393	-0.103579	17	5092	0	333	0	0	349	97	-438	32827	212251	111836	333	12	-130
94.928	04:05:2.928	43.564120748	1.481275616	0.	-0.	-0.	-0.	1.	-0.	-0.	-0.	-0.	-8.	0.	0.	0.	-8.	0.	0.	39.999996	0.	0.	0.	0.	0.	0.	0.	0.	0.	0.	0.	0.08314	0.030593	-0.097877	683.375183	9087.952148	1576.211426	9600.	17.280001	-5.331033	-19.668375	-7.43106	10.616897	39.32185	-0.098878	-0.004365	-0.008327	-0.015739	0.026228	-0.106204	-0.01296	0.025897	-0.090423	18	5100	0	402	0	0	149	112	-467	337102	347215	249573	403	40	-99
95.178	04:05:3.178	43.564121627	1.481276438	0.	-0.	-0.	-0.	1.	-0.	-0.	-0.	-0.	-8.	0.	0.	0.	-8.	0.	0.	39.999996	0.	0.	0.	0.	0.	0.	0.	0.	0.	0.	0.	-0.062123	0.023777	-0.090952	6099.522461	4239.279785	6819.755859	4169.431152	-4.07204	-11.061154	-9.105385	-0.266857	22.148386	18.408211	-0.090166	-0.00392	-0.000288	-0.152289	0.019857	-0.09124	-0.218602	0.018168	-0.085147	18	5228	0	421	0	0	-269	113	-318	151120	385837	223484	421	65	-82
95.428	04:05:3.428	43.564122506	1.481277163	0.	-0.	-0.	-0.	1.	-0.	-0.	-0.	-0.	-8.	0.	0.	0.	-8.	0.	0.	39.999996	0.	0.	0.	0.	0.	0.	0.	0.	0.	0.	0.	-0.279735	0.016988	-0.083631	996.103943	9600.	1512.039917	9335.393555	17.280001	-10.9276	-3.518607	-4.387329	21.745304	7.201128	-0.097831	-0.004086	-0.004121	-0.377566	0.012902	-0.087753	-0.4867	0.011224	-0.07287	18	5324	0	421	0	0	-986	29	-411	18076	441965	210513	421	90	-67
95.678	04:05:3.678	43.564122963	1.481277501	0.	-0.	-0.	-0.	1.	-0.	-0.	-0.	-0.	-8.	0.	0.	0.	-8.	0.	0.	39.999996	0.	0.	0.	0.	0.	0.	0.	0.	0.	0.	0.	-0.545299	0.011135	-0.069848	9157.410156	1332.497925	9600.	1377.566528	-17.280001	-5.565301	-6.827209	10.474854	11.293818	13.481191	-0.085711	-0.022111	-0.006832	-0.63101	-0.010976	-0.07668	-0.774525	0.010512	-0.061777	18	5358	0	412	0	0	-1984	-21	-325	-57698	405733	122874	412	103	-60
95.928	04:05:3.928	43.564123174	1.481277646	0.	-0.	-0.	-0.	1.	-0.	-0.	-0.	-0.	-8.	0.	0.	0.	-8.	0.	0.	39.999996	0.	0.	0.	0.	0.	0.	0.	0.	0.	0.	0.	-0.82083	0.009933	-0.06535	301.417206	9600.	2052.265625	9537.914062	17.280001	-25.381088	-23.642672	-8.759525	49.955418	47.350536	-0.046156	-0.004097	0.01013	-0.866986	0.005836	-0.05522	-0.954543	-0.002336	-0.065521	19	5366	0	406	0	0	-2985	-12	-266	-53834	286166	-8814	406	109	-57
96.178	04:05:4.178	43.564124334	1.481278130	0.	-0.	-0.	-0.	1.	-0.	-0.	-0.	-0.	-8.	0.	0.	0.	-8.	0.	0.	39.999996	0.	0.	0.	0.	0.	0.	0.	0.	0.	0.	0.	-0.934342	0.003364	-0.069589	582.010193	9600.	1788.740356	9520.84082	17.280001	-18.002449	-15.785998	-5.144783	36.145935	31.465826	-0.001077	-0.023948	-0.006498	-0.935419	-0.020584	-0.076087	-0.955054	0.004139	-0.077087	19	5371	0	383	0	0	-3748	-13	-287	-141068	428604	12970	383	142	-47
96.428	04:05:4.428	43.564125248	1.481278178	0.	-0.	-0.	-0.	1.	-0.	-0.	-0.	-0.	-8.	0.	0.	0.	-8.	0.	0.	39.999996	0.	0.	0.	0.	0.	0.	0.	0.	0.	0.	0.	-0.952538	0.00458	-0.078332	1250.586426	9275.100586	1365.822998	9600.	17.280001	2.935276	-6.16191	-3.455231	-5.787314	12.226963	-0.000386	0.004053	0.000715	-0.952925	0.008633	-0.077617	-0.955171	0.006462	-0.085677	19	5371	0	362	0	0	-3861	-25	-312	-170833	440836	-90189	362	168	-46
96.678	04:05:4.678	43.564125459	1.481278033	0.	-0.	-0.	-0.	1.	-0.	-0.	-0.	-0.	-8.	0.	0.	0.	-8.	0.	0.	39.999996	0.	0.	0.	0.	0.	0.	0.	0.	0.	0.	0.	-0.954799	0.003642	-0.079201	8305.714844	1908.680176	9600.	1676.793945	-17.280001	-21.366413	-14.873606	7.113982	41.875313	30.648731	-0.008671	0.009756	0.001675	-0.96347	0.013397	-0.077526	-0.954424	-0.020715	-0.045345	19	5372	0	336	0	0	-3904	48	-317	-180984	336201	-110978	336	174	-49
96.928	04:05:4.928	43.564126022	1.481277453	0.	-0.	-0.	-0.	1.	-0.	-0.	-0.	-0.	-8.	0.	0.	0.	-8.	0.	0.	39.999996	0.	0.	0.	0.	0.	0.	0.	0.	0.	0.	0.	-0.95448	-0.020275	-0.050669	982.604858	9419.676758	1489.275879	9600.	17.280001	-4.568874	-9.617911	-7.487811	8.744264	19.539434	-0.027645	-0.012535	0.040754	-0.982125	-0.032811	-0.009915	-0.954226	-0.038496	-0.034703	20	5370	0	305	0	0	-3981	0	-170	-312059	308698	-199153	305	190	-61
97.178	04:05:5.178	43.564126443	1.481276969	0.	-0.	-0.	-0.	1.	-0.	-0.	-0.	-0.	-8.	0.	0.	0.	-8.	0.	0.	39.999996	0.	0.	0.	0.	0.	0.	0.	0.	0.	0.	0.	-0.954622	-0.020794	-0.037494	7887.127441	2236.65332	9600.	1791.265137	-17.280001	-30.215647	-17.744781	4.800129	57.693672	35.761509	-0.044146	0.025273	-0.000467	-0.998768	0.004479	-0.037961	-0.95469	-0.076825	-0.005315	20	5367	0	268	0	0	-4070	-120	-107	-332757	360169	-185409	268	202	-71
97.428	04:05:5.428	43.564127533	1.481276051	0.	-0.	-0.	-0.	1.	-0.	-0.	-0.	-0.	-8.	0.	0.	0.	-8.	0.	0.	39.999996	0.	0.	0.	0.	0.	0.	0.	0.	0.	0.	0.	-0.954778	-0.038393	-0.009423	8948.305664	1228.654419	9600.	1714.440918	-17.280001	-2.322719	-15.924735	6.890405	5.015173	31.481365	-0.055315	-0.025814	0.027424	-1.010092	-0.064207	0.018001	-0.954894	-0.001879	-0.000105	20	5374	0	225	0	0	-4113	-38	-26	-367798	437634	-242213	224	233	-90
97.678	04:05:5.678	43.564128869	1.481274939	0.	-0.	-0.	-0.	1.	-0.	-0.	-0.	-0.	-8.	0.	0.	0.	-8.	0.	0.	39.999996	0.	0.	0.	0.	0.	0.	0.	0.	0.	0.	0.	-0.954835	-0.017172	-0.001924	70.255608	9600.	2351.111328	9470.207031	17.280001	-33.749073	-30.114887	-6.270676	62.515106	59.877151	-0.055642	0.086514	0.011648	-1.010477	0.069342	0.009724	-0.954448	-0.125875	-0.00707	20	5372	0	174	0	0	-4149	40	14	-469718	546894	-332531	174	271	-113
97.928	04:05:5.928	43.564130346	1.481274455	0.	-0.	-0.	-0.	1.	-0.	-0.	-0.	-0.	-8.	0.	0.	0.	-8.	0.	0.	39.999996	0.	0.	0.	0.	0.	0.	0.	0.	0.	0.	0.	-0.954342	-0.133022	-0.006733	3147.368652	8648.717773	2350.841797	9600.	17.280001	24.469324	-2.166584	-8.099732	-45.723724	4.470304	-0.04984	-0.101322	-0.028493	-1.004182	-0.234343	-0.035226	-0.954411	-0.139319	-0.006917	21	5372	0	122	0	0	-4121	-130	1	-469629	644394	-181674	121	313	-123
98.178	04:05:6.178	43.564131963	1.481273585	0.	-0.	-0.	-0.	1.	-0.	-0.	-0.	-0.	-8.	0.	0.	0.	-8.	0.	0.	39.999996	0.	0.	0.	0.	0.	0.	0.	0.	0.	0.	0.	-0.954323	-0.12553	-0.008008	8210.579102	3171.630859	9600.	2904.549072	-17.280001	-23.191038	-15.712739	10.05346	47.134586	31.324429	-0.079748	0.038125	-0.016034	-1.034071	-0.087405	-0.024042	-0.954494	-0.078299	-0.010209	21	5861	0	74	0	0	-4175	-762	-85	-417566	689209	-401062	73	359	-141
98.428	04:05:6.428	43.564134846	1.481271023	0.	-0.	-0.	-0.	1.	-0.	-0.	-0.	-0.	-8.	0.	0.	0.	-8.	0.	0.	39.999996	0.	0.	0.	0.	0.	0.	0.	0.	0.	0.	0.	-0.954645	-0.036015	-0.003677	3036.884033	9600.	4904.677734	6300.571289	17.280001	-72.341125	20.042887	-9.449673	146.246872	-39.434315	-0.218744	-0.037047	0.000575	-1.173389	-0.073062	-0.003102	-0.954276	0.075128	0.016446	21	5961	0	20	0	0	-4509	-1599	829	24799	766543	-886871	20	441	-194
98.678	04:05:6.678	43.564137799	1.481268702	0.	-0.	-0.	-0.	1.	-0.	-0.	-0.	-0.	-8.	0.	0.	0.	-8.	0.	0.	39.999996	0.	0.	0.	0.	0.	0.	0.	0.	0.	0.	0.	-0.954319	0.051299	0.013785	8313.705078	2785.505371	9600.	3143.591309	-17.280001	-12.994935	-23.021332	9.650419	27.06089	46.36071	-0.261343	0.134636	0.046155	-1.215663	0.185935	0.059941	-0.952995	0.118857	0.031907	21	5963	0	48	0	0	-4958	804	-190	215255	930618	-629938	49	525	-242
98.928	04:05:6.928	43.564140436	1.481267735	0.	-0.	-0.	-0.	1.	-0.	-0.	-0.	-0.	-8.	0.	0.	0.	-8.	0.	0.	39.999996	0.	0.	0.	0.	0.	0.	0.	0.	0.	0.	0.	-0.953822	0.106161	0.020402	7943.8125	2922.430908	9600.	3376.771973	-15.444824	-16.825853	-29.547409	2.984657	34.946243	57.288517	-0.257536	0.08853	-0.036198	-1.211357	0.194691	-0.015796	-0.957021	0.162749	-0.026081	22	5967	0	108	0	0	-4965	660	-36	467225	846705	-273089	109	600	-262
99.178	04:05:7.178	43.564143565	1.481267155	0.	-0.	-0.	-0.	1.	-0.	-0.	-0.	-0.	-8.	0.	0.	0.	-8.	0.	0.	39.999996	0.	0.	0.	0.	0.	0.	0.	0.	0.	0.	0.	-0.969202	0.198546	-0.120416	2257.228516	9600.	3890.160645	8139.34668	17.280001	-43.3102	-2.411895	-6.929391	81.453423	5.796091	-0.255898	0.077191	-0.118661	-1.2251	0.275737	-0.239077	-0.976893	0.15774	-0.276589	22	5963	0	166	0	0	-4954	781	-131	555785	882661	-108531	166	689	-274
99.428	04:05:7.428	43.564145569	1.481268267	0.	-0.	-0.	-0.	1.	-0.	-0.	-0.	-0.	-8.	0.	0.	0.	-8.	0.	0.	39.999996	0.	0.	0.	0.	0.	0.	0.	0.	0.	0.	0.	-0.970538	0.136745	-0.234394	9600.	1715.571533	9571.618164	3000.782959	-13.129186	18.390314	-17.595619	2.745046	-37.123356	35.574944	-0.214937	-0.083683	-0.128864	-1.185475	0.053062	-0.363258	-0.963925	0.067713	-0.265081	22	5969	0	225	0	0	-4987	1087	-1567	560014	464574	179435	225	746	-251
99.678	04:05:7.678	43.564146307	1.481269669	0.	-0.	-0.	-0.	1.	-0.	-0.	-0.	-0.	-8.	0.	0.	0.	-8.	0.	0.	39.999996	0.	0.	0.	0.	0.	0.	0.	0.	0.	0.	0.	-0.9658	0.083577	-0.26417	5622.257324	5569.088867	6777.613281	5875.02832	-0.862814	-11.891838	-20.458145	0.112958	24.508245	41.489986	-0.216514	-0.092132	-0.004637	-1.182314	-0.008555	-0.268807	-0.964479	0.07361	-0.258857	22	5963	0	291	0	0	-4829	-66	-1258	620140	133112	75841	291	767	-222
99.928	04:05:7.928	43.564145499	1.481270297	0.	-0.	-0.	-0.	1.	-0.	-0.	-0.	-0.	-8.	0.	0.	0.	-8.	0.	0.	39.999996	0.	0.	0.	0.	0.	0.	0.	0.	0.	0.	0.	-0.963971	0.074876	-0.23954	2177.587891	9562.234375	2547.385986	9600.	17.280001	-4.648456	-5.705896	-8.118333	9.162801	11.430418	-0.207338	-0.045154	0.061946	-1.171309	0.029722	-0.177594	-0.96076	0.064212	-0.182148	23	5965	0	355	0	0	-4831	29	-937	614635	-122077	-77674	356	744	-209
100.178	04:05:8.178	43.564143284	1.481270104	0.	-0.	-0.	-0.	1.	-0.	-0.	-0.	-0.	-8.	0.	0.	0.	-8.	0.	0.	39.999996	0.	0.	0.	0.	0.	0.	0.	0.	0.	0.	0.	-0.958997	0.045568	-0.159578	941.024597	8842.308594	2224.014404	9600.	17.280001	-7.354173	-28.56954	-9.27945	15.201947	55.7719	-0.187875	-0.050857	0.127326	-1.146872	-0.005289	-0.032252	-0.956523	0.026612	-0.122276	23	5839	0	426	0	0	-4753	150	-459	679994	-366696	-138140	427	681	-213
100.428	04:05:8.428	43.564141421	1.481269137	0.	-0.	-0.	-0.	1.	-0.	-0.	-0.	-0.	-8.	0.	0.	0.	-8.	0.	0.	39.999996	0.	0.	0.	0.	0.	0.	0.	0.	0.	0.	0.	-0.956884	0.029348	-0.12738	6197.189941	3867.540039	7305.674805	4237.584473	-4.872949	-10.338161	-20.699421	0.959689	20.841631	41.067291	-0.179752	-0.020752	0.089055	-1.136637	0.008596	-0.038325	-0.956441	0.025844	-0.119539	23	5411	0	503	0	0	-4680	-127	-92	604604	-251854	-254710	503	628	-233
100.678	04:05:8.678	43.564140928	1.481268798	0.	-0.	-0.	-0.	1.	-0.	-0.	-0.	-0.	-8.	0.	0.	0.	-8.	0.	0.	39.999996	0.	0.	0.	0.	0.	0.	0.	0.	0.	0.	0.	-0.956189	0.023422	-0.106754	550.062317	8741.376953	2715.875977	9600.	17.280001	-18.300665	-42.342117	-3.643791	37.768742	85.831627	-0.164902	0.014141	0.030127	-1.12109	0.037563	-0.076628	-0.9557	0.029559	-0.054526	23	5387	0	516	0	0	-4626	115	-115	72342	86963	-137261	516	614	-240
100.928	04:05:8.928	43.564138432	1.481266333	0.	-0.	-0.	-0.	1.	-0.	-0.	-0.	-0.	-8.	0.	0.	0.	-8.	0.	0.	39.999996	0.	0.	0.	0.	0.	0.	0.	0.	0.	0.	0.	-0.96037	0.098763	-0.10296	3092.792969	7209.76416	4169.821777	7135.609863	6.394133	-16.116562	-14.040246	-1.085111	27.297115	27.177109	-0.139409	0.051948	0.119754	-1.099779	0.150711	0.016794	-0.958824	0.083456	-0.094056	24	5397	0	631	0	0	-4556	183	236	692982	-284841	-405309	631	543	-291
101.178	04:05:9.178	43.564137377	1.481265511	0.	-0.	-0.	-0.	1.	-0.	-0.	-0.	-0.	-8.	0.	0.	0.	-8.	0.	0.	39.999996	0.	0.	0.	0.	0.	0.	0.	0.	0.	0.	0.	-0.957458	0.049106	-0.096355	1336.732422	8570.555664	2099.971191	9600.	17.280001	3.726893	-25.097569	-12.746662	-5.255866	45.912918	-0.122048	-0.018381	0.040425	-1.079507	0.030725	-0.05593	-0.955753	0.014137	-0.121415	24	5401	0	676	0	0	-4464	811	-221	397623	-89976	-144630	676	513	-308
101.428	04:05:9.428	43.564136745	1.481265076	0.	-0.	-0.	-0.	1.	-0.	-0.	-0.	-0.	-8.	0.	0.	0.	-8.	0.	0.	39.999996	0.	0.	0.	0.	0.	0.	0.	0.	0.	0.	0.	-0.95764	0.028654	-0.180943	9543.600586	1268.076904	9600.	1171.908325	-17.280001	-2.135966	0.556761	7.472903	4.182991	2.04925	-0.136154	-0.015331	-0.006937	-1.093794	0.013323	-0.18788	-0.957986	0.029233	-0.210724	24	5400	0	710	0	0	-4434	-202	-235	259187	-15672	-172176	710	495	-317
101.678	04:05:9.678	43.564135866	1.481264544	0.	-0.	-0.	-0.	1.	-0.	-0.	-0.	-0.	-8.	0.	0.	0.	-8.	0.	0.	39.999996	0.	0.	0.	0.	0.	0.	0.	0.	0.	0.	0.	-0.958346	0.031865	-0.213581	1370.938477	8327.180664	2309.059326	9600.	17.274763	4.685779	-30.953163	-3.440052	-9.495423	62.371986	-0.139702	0.005669	0.038153	-1.098048	0.037534	-0.175428	-0.958746	0.034469	-0.222556	24	5399	0	735	0	0	-4505	203	-1052	202438	-124380	-190277	735	470	-328
101.928	04:05:9.928	43.564134670	1.481263335	0.	-0.	-0.	-0.	1.	-0.	-0.	-0.	-0.	-8.	0.	0.	0.	-8.	0.	0.	39.999996	0.	0.	0.	0.	0.	0.	0.	0.	0.	0.	0.	-0.958843	0.034271	-0.229342	9442.90918	1351.349854	9600.	1213.288452	-17.280001	-4.132131	-0.266423	11.223328	8.097554	1.140067	-0.118508	0.018487	0.031454	-1.077351	0.052759	-0.197887	-0.95829	0.030309	-0.223151	25	5398	0	753	0	0	-4469	190	-671	139130	-195098	-308241	753	436	-353
102.178	04:05:10.178	43.564133018	1.481261691	0.	-0.	-0.	-0.	1.	-0.	-0.	-0.	-0.	-8.	0.	0.	0.	-8.	0.	0.	39.999996	0.	0.	0.	0.	0.	0.	0.	0.	0.	0.	0.	-0.957729	0.026679	-0.201005	389.436981	9600.	1737.577148	9244.573242	17.280001	-23.849947	-13.897981	-10.378299	47.426086	30.463268	-0.104647	0.007737	0.06559	-1.062376	0.034415	-0.135415	-0.955249	0.008723	-0.081347	25	5396	0	763	0	0	-4387	171	-718	100382	-302072	-378315	763	389	-387
102.428	04:05:10.428	43.564130838	1.481259951	0.	-0.	-0.	-0.	1.	-0.	-0.	-0.	-0.	-8.	0.	0.	0.	-8.	0.	0.	39.999996	0.	0.	0.	0.	0.	0.	0.	0.	0.	0.	0.	-0.955594	0.00978	-0.085392	2518.464111	8990.939453	3365.51709	9600.	17.280001	-3.331894	-20.385582	-9.210012	6.808376	40.139729	-0.094042	0.005237	0.161242	-1.049636	0.015018	0.07585	-0.954939	0.00291	-0.030624	25	5701	0	760	0	0	-4321	103	-213	-17974	-381433	-383282	760	327	-423
102.678	04:05:10.678	43.564129186	1.481257872	0.	-0.	-0.	-0.	1.	-0.	-0.	-0.	-0.	-8.	0.	0.	0.	-8.	0.	0.	39.999996	0.	0.	0.	0.	0.	0.	0.	0.	0.	0.	0.	-0.954972	0.003387	-0.033858	1578.537964	9600.	1881.65332	9419.202148	17.280001	-6.774793	-1.71245	-9.977168	13.648771	2.511273	-0.087327	0.016123	0.076336	-1.042299	0.01951	0.042478	-0.954719	0.001568	-0.018177	25	6088	0	757	0	0	-4289	64	278	67156	-142511	-370317	757	280	-466
102.928	04:05:10.928	43.564128377	1.481256373	0.	-0.	-0.	-0.	1.	-0.	-0.	-0.	-0.	-8.	0.	0.	0.	-8.	0.	0.	39.999996	0.	0.	0.	0.	0.	0.	0.	0.	0.	0.	0.	-0.954708	0.001561	-0.017233	3639.282959	6948.760254	4365.591797	7526.352051	5.841163	-2.08204	-18.254606	-1.168233	4.1738	36.432842	-0.083137	0.014376	0.051455	-1.037845	0.015937	0.034222	-0.954635	0.000319	-0.003832	26	5628	0	767	0	0	-4271	80	-354	125862	-118827	-450466	767	257	-497
103.178	04:05:11.178	43.564127568	1.481254101	0.	-0.	-0.	-0.	1.	-0.	-0.	-0.	-0.	-8.	0.	0.	0.	-8.	0.	0.	39.999996	0.	0.	0.	0.	0.	0.	0.	0.	0.	0.	0.	-0.954659	0.000418	-0.004791	7706.748047	2240.491455	9600.	2931.585693	-17.280001	-16.830208	-36.180851	9.381639	33.672859	72.228409	-0.078006	0.028614	-0.012724	-1.032665	0.029032	-0.017515	-0.954634	0.	0.	26	5619	0	780	0	0	-4242	74	58	138174	25844	-479571	780	234	-544
103.428	04:05:11.428	43.564127709	1.481252843	0.	-0.	-0.	-0.	1.	-0.	-0.	-0.	-0.	-8.	0.	0.	0.	-8.	0.	0.	39.999996	0.	0.	0.	0.	0.	0.	0.	0.	0.	0.	0.	-0.954578	6.5e-05	-0.00076	8449.944336	2275.025146	9600.	2154.102295	-17.280001	-17.793703	-14.407857	5.92626	35.59148	28.768843	-0.076047	0.028439	-0.03114	-1.030625	0.028505	-0.0319	-0.953223	0.	0.	26	5611	0	797	0	0	-4223	97	-91	148872	181136	-315957	797	238	-570
103.678	04:05:11.678	43.564128166	1.481251877	0.	-0.	-0.	-0.	1.	-0.	-0.	-0.	-0.	-8.	0.	0.	0.	-8.	0.	0.	39.999996	0.	0.	0.	0.	0.	0.	0.	0.	0.	0.	0.	-0.949681	8e-06	-9.4e-05	9529.929688	1076.598511	9600.	1261.070679	-17.280001	1.601617	-3.563592	4.752431	-3.202637	7.120243	-0.075824	0.014603	-0.044672	-1.025505	0.014611	-0.044766	-0.932221	0.	0.	26	5619	0	808	0	0	-4206	86	-128	121433	271451	-245518	808	251	-590
103.928	04:05:11.928	43.564128940	1.481250184	0.	-0.	-0.	-0.	1.	-0.	-0.	-0.	-0.	-8.	0.	0.	0.	-8.	0.	0.	39.999996	0.	0.	0.	0.	0.	0.	0.	0.	0.	0.	0.	-0.928246	0.003365	0.000294	572.259094	9600.	1983.646851	9359.62793	17.280001	-23.124636	-16.394222	-10.135522	47.924603	32.928207	-0.07738	0.026024	-0.038939	-1.005627	0.029389	-0.038645	-0.91723	0.044011	0.003851	27	5383	0	826	0	0	-4168	69	-154	149578	337352	-319183	826	273	-625
104.178	04:05:12.178	43.564129994	1.481248782	0.	-0.	-0.	-0.	1.	-0.	-0.	-0.	-0.	-8.	0.	0.	0.	-8.	0.	0.	39.999996	0.	0.	0.	0.	0.	0.	0.	0.	0.	0.	0.	-0.917931	0.135368	0.011723	7896.014648	2314.855469	9600.	1680.182129	-17.280001	-32.741207	-14.970354	11.122588	62.997643	29.747692	-0.082123	0.103204	-0.022701	-1.000053	0.238572	-0.010978	-0.915485	0.205909	0.017707	27	5373	0	835	0	0	-4100	203	-120	29610	385717	-318682	835	303	-654
104.428	04:05:12.428	43.564131014	1.481247767	0.	-0.	-0.	-0.	1.	-0.	-0.	-0.	-0.	-8.	0.	0.	0.	-8.	0.	0.	39.999996	0.	0.	0.	0.	0.	0.	0.	0.	0.	0.	0.	-0.916322	0.18989	0.012175	9600.	1046.318481	8984.558594	1860.536255	-17.280001	20.015226	-2.782882	4.772103	-40.38063	4.18764	-0.068318	0.0291	-0.036192	-0.98464	0.21899	-0.024017	-0.919042	0.194802	-0.017681	27	5372	0	834	0	0	-4103	1342	19	-28956	382691	-122683	834	332	-675
104.678	04:05:12.678	43.564131365	1.481248250	0.	-0.	-0.	-0.	1.	-0.	-0.	-0.	-0.	-8.	0.	0.	0.	-8.	0.	0.	39.999996	0.	0.	0.	0.	0.	0.	0.	0.	0.	0.	0.	-0.919663	0.198309	-0.023145	9472.288086	1365.363647	9600.	1053.92334	-17.280001	-6.148134	2.572195	9.224981	11.666695	-4.142288	-0.068146	-0.028276	-0.052657	-0.987809	0.170033	-0.075802	-0.9203	0.182467	-0.032622	27	5372	0	820	0	0	-4026	622	-253	-140278	237264	83768	820	342	-665
104.928	04:05:12.928	43.564131647	1.481249459	0.	-0.	-0.	-0.	1.	-0.	-0.	-0.	-0.	-8.	0.	0.	0.	-8.	0.	0.	39.999996	0.	0.	0.	0.	0.	0.	0.	0.	0.	0.	0.	-0.918619	0.157638	-0.014558	2990.846191	7306.303711	3614.605469	7580.231934	7.475951	-4.897634	-12.567619	-1.510091	10.469544	24.800661	-0.063868	-0.096259	-0.018599	-0.982488	0.061379	-0.033158	-0.917567	0.133146	-0.003779	28	5372	0	797	0	0	-4041	599	-310	-178119	214428	203141	797	350	-640
105.178	04:05:13.178	43.564131401	1.481251103	0.	-0.	-0.	-0.	1.	-0.	-0.	-0.	-0.	-8.	0.	0.	0.	-8.	0.	0.	39.999996	0.	0.	0.	0.	0.	0.	0.	0.	0.	0.	0.	-0.918406	0.127309	-0.017951	2019.581299	8444.148438	2057.537109	8970.720703	12.040997	6.840634	-7.90338	-2.438002	-13.189529	15.594884	-0.065506	-0.072902	-0.024253	-0.983912	0.054407	-0.042204	-0.919524	0.106718	-0.041358	28	5372	0	765	0	0	-4033	142	22	-346545	174029	324592	765	343	-606
105.428	04:05:13.428	43.564131401	1.481251586	0.	-0.	-0.	-0.	1.	-0.	-0.	-0.	-0.	-8.	0.	0.	0.	-8.	0.	0.	39.999996	0.	0.	0.	0.	0.	0.	0.	0.	0.	0.	0.	-0.924318	0.145352	-0.08713	9507.262695	1195.478271	9600.	1188.846313	-17.280001	-1.391167	-1.205486	6.617778	2.827037	3.102014	-0.069308	-0.062612	-0.017916	-0.993625	0.08274	-0.105045	-0.932988	0.198916	-0.156744	28	5372	0	749	0	0	-4042	224	-327	-142798	167471	-11085	749	343	-596
105.678	04:05:13.678	43.564131365	1.481254826	0.	-0.	-0.	-0.	1.	-0.	-0.	-0.	-0.	-8.	0.	0.	0.	-8.	0.	0.	39.999996	0.	0.	0.	0.	0.	0.	0.	0.	0.	0.	0.	-0.931443	0.17951	-0.153238	1013.105652	8695.905273	2182.307129	9600.	17.280001	-3.711491	-29.026152	-11.399818	6.841837	59.110287	-0.078867	-0.004177	-0.042008	-1.010311	0.175333	-0.195246	-0.933222	0.17402	-0.181865	28	5372	0	671	0	0	-4097	642	-908	-493970	85118	346067	670	342	-529
105.928	04:05:13.928	43.564130908	1.481256615	0.	-0.	-0.	-0.	1.	-0.	-0.	-0.	-0.	-8.	0.	0.	0.	-8.	0.	0.	39.999996	0.	0.	0.	0.	0.	0.	0.	0.	0.	0.	0.	-0.930366	0.157144	-0.164527	1689.231445	9219.957031	982.302979	9600.	17.280001	15.217597	4.576396	-6.9275	-30.442644	-9.536497	-0.085659	-0.084214	-0.003267	-1.016026	0.07293	-0.167795	-0.928462	0.128445	-0.172904	29	5372	0	616	0	0	-4154	513	-718	-456600	-35842	295322	616	329	-492
106.178	04:05:14.178	43.564129608	1.481258210	0.	-0.	-0.	-0.	1.	-0.	-0.	-0.	-0.	-8.	0.	0.	0.	-8.	0.	0.	39.999996	0.	0.	0.	0.	0.	0.	0.	0.	0.	0.	0.	-0.924732	0.089426	-0.139655	4219.584961	6056.563965	4943.010254	6272.828125	2.858907	-7.100255	-13.155654	-0.631386	15.057325	25.543898	-0.09274	-0.072494	0.023207	-1.017472	0.016932	-0.116448	-0.917627	0.007945	-0.078467	29	5372	0	551	0	0	-4185	261	-522	-538515	-207729	233504	550	292	-459
106.428	04:05:14.428	43.564128342	1.481259612	0.	-0.	-0.	-0.	1.	-0.	-0.	-0.	-0.	-8.	0.	0.	0.	-8.	0.	0.	39.999996	0.	0.	0.	0.	0.	0.	0.	0.	0.	0.	0.	-0.918642	0.015913	-0.070229	8794.569336	2181.772949	9600.	2134.806152	-17.280001	-11.933576	-10.618508	5.668225	24.709066	21.773458	-0.113898	-0.110739	0.102926	-1.03254	-0.094826	0.032697	-0.917314	0.00243	-0.028709	29	5372	0	479	0	0	-4166	-326	-130	-576331	-141901	158354	478	256	-430
106.678	04:05:14.678	43.564127533	1.481260289	0.	-0.	-0.	-0.	1.	-0.	-0.	-0.	-0.	-8.	0.	0.	0.	-8.	0.	0.	39.999996	0.	0.	0.	0.	0.	0.	0.	0.	0.	0.	0.	-0.91749	0.002786	-0.020255	8812.423828	2110.095703	9600.	2564.572754	-17.280001	-4.663383	-17.388752	7.778708	9.477989	33.998451	-0.129768	-0.004294	0.05962	-1.047258	-0.001507	0.039365	-0.917279	0.	0.	29	5720	0	398	0	0	-4254	-135	41	-678516	67102	18609	398	233	-416
106.928	04:05:14.928	43.564127287	1.481260918	0.	-0.	-0.	-0.	1.	-0.	-0.	-0.	-0.	-8.	0.	0.	0.	-8.	0.	0.	39.999996	0.	0.	0.	0.	0.	0.	0.	0.	0.	0.	0.	-0.917305	0.000366	-0.00299	9306.571289	2198.456299	9600.	2358.164062	-17.280001	-1.872092	-6.343906	5.592819	3.77005	12.493749	-0.146602	0.028734	0.008883	-1.063908	0.0291	0.005893	-0.917279	0.	0.	30	5831	0	321	0	0	-4318	13	162	-592489	212855	27311	320	226	-403
107.178	04:05:15.178	43.564128061	1.481261304	0.	-0.	-0.	-0.	1.	-0.	-0.	-0.	-0.	-8.	0.	0.	0.	-8.	0.	0.	39.999996	0.	0.	0.	0.	0.	0.	0.	0.	0.	0.	0.	-0.917276	4.2e-05	-0.00036	8334.665039	2678.611084	8968.558594	3482.151367	-10.059119	2.375055	-20.12409	2.011824	-4.746828	40.221027	-0.155154	0.029754	0.012464	-1.07243	0.029795	0.012104	-0.917279	0.	0.	30	5864	0	255	0	0	-4373	148	-23	-479284	371684	23946	255	248	-395
107.428	04:05:15.428	43.564129115	1.481261981	0.	-0.	-0.	-0.	1.	-0.	-0.	-0.	-0.	-8.	0.	0.	0.	-8.	0.	0.	39.999996	0.	0.	0.	0.	0.	0.	0.	0.	0.	0.	0.	-0.917276	4e-06	-3.9e-05	2346.751465	9063.373047	2432.990234	9600.	17.280001	6.305433	-8.720125	-10.694808	-12.610497	17.437056	-0.158625	0.009459	-0.054126	-1.075901	0.009463	-0.054165	-0.917279	0.	0.	30	5862	0	203	0	0	-4392	119	-99	-534763	538072	80354	202	278	-381
107.678	04:05:15.678	43.564130908	1.481262562	0.	-0.	-0.	-0.	1.	-0.	-0.	-0.	-0.	-8.	0.	0.	0.	-8.	0.	0.	39.999996	0.	0.	0.	0.	0.	0.	0.	0.	0.	0.	0.	-0.920742	0.	-4e-06	2111.650391	9600.	2300.252686	9451.336914	17.280001	-4.721711	-0.559149	-7.379803	9.443461	1.117953	-0.165934	0.017586	-0.042493	-1.086676	0.017586	-0.042497	-0.924102	0.	0.	30	5860	0	150	0	0	-4423	83	-148	-385734	580888	-6734	149	329	-369
107.928	04:05:15.928	43.564132280	1.481263142	0.	-0.	-0.	-0.	1.	-0.	-0.	-0.	-0.	-8.	0.	0.	0.	-8.	0.	0.	39.999996	0.	0.	0.	0.	0.	0.	0.	0.	0.	0.	0.	-0.92355	0.	-0.	4716.637207	8609.09375	4955.181641	8855.074219	7.03475	0.104108	-6.783345	-1.392049	-0.208212	13.566655	-0.164747	0.009253	-0.041223	-1.088296	0.009254	-0.041223	-0.924102	0.	0.	31	6425	0	119	0	0	-4466	57	-157	-197305	540929	-145	119	368	-357
108.178	04:05:16.178	43.564134213	1.481263432	0.	-0.	-0.	-0.	1.	-0.	-0.	-0.	-0.	-8.	0.	0.	0.	-8.	0.	0.	39.999996	0.	0.	0.	0.	0.	0.	0.	0.	0.	0.	0.	-0.924046	0.	-0.	9036.03125	3944.280518	9600.	3870.294434	-17.280001	-8.931362	-6.859746	6.456595	17.862724	13.719487	-0.156282	0.030556	-0.022398	-1.080328	0.030556	-0.022398	-0.925132	0.	0.	31	6772	0	110	0	0	-4440	71	-151	106330	621569	-46488	111	423	-351
108.428	04:05:16.428	43.564136041	1.481263915	0.	-0.	-0.	-0.	1.	-0.	-0.	-0.	-0.	-8.	0.	0.	0.	-8.	0.	0.	39.999996	0.	0.	0.	0.	0.	0.	0.	0.	0.	0.	0.	-0.969341	0.	-0.	3792.017578	9600.	3721.279785	8961.344727	17.280001	-7.950862	9.93151	-7.795846	15.901724	-19.86302	-0.166812	0.035063	-0.039353	-1.136154	0.035063	-0.039353	-1.093823	0.	0.	31	6595	0	139	0	0	-4435	142	-106	403806	627210	-6586	139	475	-341
108.678	04:05:16.678	43.564138397	1.481264205	0.	-0.	-0.	-0.	1.	-0.	-0.	-0.	-0.	-8.	0.	0.	0.	-8.	0.	0.	39.999996	0.	0.	0.	0.	0.	0.	0.	0.	0.	0.	0.	-1.162159	0.	-0.	3173.85791	9347.623047	3776.443359	9518.0625	10.756926	-6.050041	-10.822338	-2.866641	12.100081	21.644676	-0.192582	0.028142	-0.026599	-1.354741	0.028142	-0.026599	-1.36094	0.	0.	31	6522	0	202	0	0	-5001	159	-153	643294	694923	-33452	202	542	-335
108.928	04:05:16.928	43.564140858	1.481264544	0.	-0.	-0.	-0.	1.	-0.	-0.	-0.	-0.	-8.	0.	0.	0.	-8.	0.	0.	39.999996	0.	0.	0.	0.	0.	0.	0.	0.	0.	0.	0.	-1.421073	0.	-0.	4555.936035	8156.932617	5091.307617	8059.810547	5.930755	-8.854913	-6.135469	-1.513977	17.709826	12.270939	-0.179831	0.003236	-0.025708	-1.600904	0.003236	-0.025708	-1.642519	0.	0.	32	6461	0	292	0	0	-5988	46	-140	838665	747446	-94590	292	612	-328
109.178	04:05:17.178	43.564143108	1.481265172	0.	-0.	-0.	-0.	1.	-0.	-0.	-0.	-0.	-8.	0.	0.	0.	-8.	0.	0.	39.999996	0.	0.	0.	0.	0.	0.	0.	0.	0.	0.	0.	-1.701554	0.	-0.	9437.564453	3198.962646	9600.	3626.311279	-17.280001	3.708788	-8.256972	7.849792	-7.417576	16.513945	-0.158609	-0.020168	-0.019891	-1.860163	-0.020168	-0.019891	-1.934523	0.	0.	32	6458	0	404	0	0	-7021	-26	-79	1013743	690468	-94805	405	676	-315
109.428	04:05:17.428	43.564145639	1.481265172	0.	-0.	-0.	-0.	1.	-0.	-0.	-0.	-0.	-8.	0.	0.	0.	-8.	0.	0.	39.999996	0.	0.	0.	0.	0.	0.	0.	0.	0.	0.	0.	-1.992123	0.	-0.	3297.960938	9157.458984	3807.324707	9600.	17.280001	-0.935523	-13.326676	-8.415507	1.871047	26.653353	-0.147901	-0.017855	-0.0088	-2.140024	-0.017855	-0.0088	-2.234678	0.	0.	32	6463	0	536	0	0	-8105	-76	-90	1188532	696724	-208938	538	748	-315
109.678	04:05:17.678	43.564147854	1.481265366	0.	-0.	-0.	-0.	1.	-0.	-0.	-0.	-0.	-8.	0.	0.	0.	-8.	0.	0.	39.999996	0.	0.	0.	0.	0.	0.	0.	0.	0.	0.	0.	-2.291524	0.	-0.	9037.0625	1587.929688	9108.233398	1402.762207	-13.681202	-3.588746	1.595926	4.285961	7.177492	-3.191853	-0.142133	-0.020785	-0.007839	-2.433657	-0.020785	-0.007839	-2.512006	0.	0.	32	6465	0	688	0	0	-9297	-97	-30	1330473	591332	-222070	689	811	-311
109.928	04:05:17.928	43.564149893	1.481264592	0.	-0.	-0.	-0.	1.	-0.	-0.	-0.	-0.	-8.	0.	0.	0.	-8.	0.	0.	39.999996	0.	0.	0.	0.	0.	0.	0.	0.	0.	0.	0.	-2.511011	0.	-0.	3.1e-05	7836.56543	155.048141	7948.959961	17.280001	-0.597154	-3.7442	-5.826658	1.194308	7.4884	-0.116854	-0.021981	-0.015089	-2.627865	-0.021981	-0.015089	-2.57877	0.	0.	33	4635	0	853	0	0	-10410	-50	-14	1313129	474484	-351171	855	869	-327
110.178	04:05:18.178	43.564151687	1.481264109	0.	-0.	-0.	-0.	1.	-0.	-0.	-0.	-0.	-8.	0.	0.	0.	-8.	0.	0.	39.999996	0.	0.	0.	0.	0.	0.	0.	0.	0.	0.	0.	-2.569268	0.	-0.	7729.541992	0.	7686.739258	524.415527	-17.280001	7.941058	-6.742571	10.920728	-15.882115	13.485142	-0.085479	-0.060094	-0.04634	-2.654747	-0.060094	-0.04634	-2.578746	0.	0.	33	4000	0	993	0	0	-10849	-186	-139	889590	363745	-304400	994	920	-337
110.428	04:05:18.428	43.564153198	1.481262997	0.	-0.	-0.	-0.	1.	-0.	-0.	-0.	-0.	-8.	0.	0.	0.	-8.	0.	0.	39.999996	0.	0.	0.	0.	0.	0.	0.	0.	0.	0.	0.	-2.578685	0.	-0.	147.457733	8921.996094	798.276978	9600.	17.280001	0.380589	-18.603514	-7.411129	-0.761178	37.207027	-0.07462	-0.018905	-0.020783	-2.653306	-0.018905	-0.020783	-2.582108	0.	0.	33	4319	0	1074	0	0	-10870	-188	-180	419177	245020	-361623	1074	963	-360
110.678	04:05:18.678	43.564154464	1.481262223	0.	-0.	-0.	-0.	1.	-0.	-0.	-0.	-0.	-8.	0.	0.	0.	-8.	0.	0.	39.999996	0.	0.	0.	0.	0.	0.	0.	0.	0.	0.	0.	-2.581529	0.	-0.	9600.	457.504883	8901.076172	393.160675	-17.280001	8.884118	10.685757	11.652138	-17.768236	-21.371513	-0.07286	0.005895	-0.030521	-2.654389	0.005895	-0.030521	-2.582108	0.	0.	33	4849	0	1103	0	0	-10882	12	-77	127298	187134	-314121	1103	999	-376
110.928	04:05:18.928	43.564154991	1.481261304	0.	-0.	-0.	-0.	1.	-0.	-0.	-0.	-0.	-8.	0.	0.	0.	-8.	0.	0.	39.999996	0.	0.	0.	0.	0.	0.	0.	0.	0.	0.	0.	-2.600708	0.	-0.	4821.608887	4718.114258	4467.516602	4520.750977	-0.045373	2.194201	7.720374	-1.481041	-4.388401	-15.440747	-0.073744	0.026703	-0.000813	-2.674451	0.026703	-0.000813	-2.660992	0.	0.	34	4759	0	1095	0	0	-10862	48	85	-144324	77117	-354981	1095	1014	-395
111.178	04:05:19.178	43.564156222	1.481259129	0.	-0.	-0.	-0.	1.	-0.	-0.	-0.	-0.	-8.	0.	0.	0.	-8.	0.	0.	39.999996	0.	0.	0.	0.	0.	0.	0.	0.	0.	0.	0.	-2.696827	0.	-0.	5198.944336	3568.180176	5238.967773	4217.898438	-2.393999	8.53574	-9.656386	0.121172	-17.07148	19.312773	-0.081143	0.018682	-0.013781	-2.77797	0.018682	-0.013781	-2.797475	0.	0.	34	4550	0	1065	0	0	-11116	137	-65	-414132	149924	-512714	1065	1049	-440
111.428	04:05:19.428	43.564156890	1.481258500	0.	-0.	-0.	-0.	1.	-0.	-0.	-0.	-0.	-8.	0.	0.	0.	-8.	0.	0.	39.999996	0.	0.	0.	0.	0.	0.	0.	0.	0.	0.	0.	-2.826898	0.	-0.	9152.217773	992.961548	9600.	1134.39209	-17.280001	-4.288919	-8.248986	13.428487	8.577839	16.497972	-0.064717	-0.007689	-0.024417	-2.891615	-0.007689	-0.024417	-2.932147	0.	0.	34	4639	0	1020	0	0	-11559	22	-53	-510367	50864	-320504	1020	1068	-453
111.678	04:05:19.678	43.564157734	1.481255793	0.	-0.	-0.	-0.	1.	-0.	-0.	-0.	-0.	-8.	0.	0.	0.	-8.	0.	0.	39.999996	0.	0.	0.	0.	0.	0.	0.	0.	0.	0.	0.	-2.950382	0.	-0.	1172.275146	8973.539062	1623.102783	8991.073242	13.694401	-6.066103	-6.557065	-2.262043	12.132205	13.114129	-0.034757	0.006683	0.016986	-2.98514	0.006683	0.016986	-3.032545	0.	0.	34	5190	0	897	0	0	-12061	18	-91	-1007318	45732	-545359	896	1092	-509
111.928	04:05:19.928	43.564158366	1.481254536	0.	-0.	-0.	-0.	1.	-0.	-0.	-0.	-0.	-8.	0.	0.	0.	-8.	0.	0.	39.999996	0.	0.	0.	0.	0.	0.	0.	0.	0.	0.	0.	-3.026175	0.	-0.	2267.250732	9023.050781	1376.99707	9600.	17.280001	20.540842	4.386254	-4.91278	-41.081684	-8.772509	-0.009722	-0.024929	-0.059032	-3.035897	-0.024929	-0.059032	-3.045665	0.	0.	35	5383	0	815	0	0	-12362	-58	-205	-880102	5008	-416385	814	1110	-535
112.178	04:05:20.178	43.564158823	1.481252263	0.	-0.	-0.	-0.	1.	-0.	-0.	-0.	-0.	-8.	0.	0.	0.	-8.	0.	0.	39.999996	0.	0.	0.	0.	0.	0.	0.	0.	0.	0.	0.	-3.043039	0.	-0.	1772.160156	9600.	2191.41626	8727.620117	17.280001	-18.082903	6.343727	-7.927336	36.165806	-12.687454	-0.019211	0.03206	-0.07077	-3.06225	0.03206	-0.07077	-3.045665	0.	0.	35	5565	0	690	0	0	-12494	-18	-212	-853008	-71799	-375584	689	1123	-582
112.428	04:05:20.428	43.564159140	1.481248976	0.	-0.	-0.	-0.	1.	-0.	-0.	-0.	-0.	-8.	0.	0.	0.	-8.	0.	0.	39.999996	0.	0.	0.	0.	0.	0.	0.	0.	0.	0.	0.	-3.045363	0.	-0.	2486.646729	9600.	2742.924316	9177.489258	17.280001	-9.503039	2.327278	-8.897543	19.006079	-4.654557	-0.032169	0.005327	-0.07188	-3.077532	0.005327	-0.07188	-3.045665	0.	0.	35	5574	0	499	0	0	-12569	73	-415	-1300533	-72083	-522943	498	1132	-650
112.678	04:05:20.678	43.564158753	1.481246606	0.	-0.	-0.	-0.	1.	-0.	-0.	-0.	-0.	-8.	0.	0.	0.	-8.	0.	0.	39.999996	0.	0.	0.	0.	0.	0.	0.	0.	0.	0.	0.	-3.045647	0.	-0.	2657.040039	8215.922852	5509.447266	9600.	17.280001	-20.556614	-59.310787	-15.497112	41.113228	118.621574	-0.065972	0.008941	-0.053947	-3.111619	0.008941	-0.053947	-3.045665	0.	0.	35	5984	0	355	0	0	-12652	-18	-208	-1164818	-246675	-487801	354	1121	-699
112.928	04:05:20.928	43.564158929	1.481245833	0.	-0.	-0.	-0.	1.	-0.	-0.	-0.	-0.	-8.	0.	0.	0.	-8.	0.	0.	39.999996	0.	0.	0.	0.	0.	0.	0.	0.	0.	0.	0.	-3.045647	0.	-0.	4324.589844	9600.	3582.336914	8851.633789	17.280001	-0.085589	20.868654	-9.932383	0.171179	-41.737309	-0.107872	0.043159	-0.107402	-3.15352	0.043159	-0.107402	-3.045665	0.	0.	36	6489	0	250	0	0	-12807	156	-247	-1045013	-214238	-351584	249	1126	-715
113.178	04:05:21.178	43.564158542	1.481244286	0.	-0.	-0.	-0.	1.	-0.	-0.	-0.	-0.	-8.	0.	0.	0.	-8.	0.	0.	39.999996	0.	0.	0.	0.	0.	0.	0.	0.	0.	0.	0.	-3.045647	0.	-0.	8587.787109	4066.484131	9600.	4104.203613	-17.280001	-13.64292	-14.69906	6.19587	27.285839	29.398121	-0.123337	-0.010809	0.023855	-3.168984	-0.010809	0.023855	-3.045665	0.	0.	36	6587	0	141	0	0	-12953	-12	-201	-723847	-229864	-283954	141	1115	-747
113.428	04:05:21.428	43.564157874	1.481243077	0.	-0.	-0.	-0.	1.	-0.	-0.	-0.	-0.	-8.	0.	0.	0.	-8.	0.	0.	39.999996	0.	0.	0.	0.	0.	0.	0.	0.	0.	0.	0.	-3.045647	0.	-0.	7840.216797	4763.25	7963.923828	4216.59375	-6.160812	-9.385091	5.921291	1.232162	18.770182	-11.842582	-0.142071	0.066381	0.027844	-3.187718	0.066381	0.027844	-3.045665	0.	0.	36	6251	0	80	0	0	-13013	134	89	-395099	-344705	-320940	80	1096	-772
113.678	04:05:21.678	43.564157382	1.481241385	0.	-0.	-0.	-0.	1.	-0.	-0.	-0.	-0.	-8.	0.	0.	0.	-8.	0.	0.	39.999996	0.	0.	0.	0.	0.	0.	0.	0.	0.	0.	0.	-3.045532	0.	-0.	2909.115479	9600.	2681.898926	9592.051758	17.280001	3.069745	3.292318	-7.736727	-6.139489	-6.584636	-0.14924	0.018994	0.03547	-3.194772	0.018994	0.03547	-3.041839	0.	0.	36	6197	0	46	0	0	-13077	200	179	-185176	-299106	-430146	46	1082	-807
113.928	04:05:21.928	43.564156468	1.481238726	0.	-0.	-0.	-0.	1.	-0.	-0.	-0.	-0.	-8.	0.	0.	0.	-8.	0.	0.	39.999996	0.	0.	0.	0.	0.	0.	0.	0.	0.	0.	0.	-3.016345	0.	-0.	9102.283203	3495.654785	9600.	3616.796387	-17.280001	-5.272048	-8.664019	8.117578	10.544095	17.328037	-0.127227	0.027032	0.055066	-3.143572	0.027032	0.055066	-2.954365	0.	0.	37	6333	0	36	0	0	-13052	88	211	65012	-396461	-583395	36	1056	-862
114.178	04:05:22.178	43.564155800	1.481235341	0.	-0.	-0.	-0.	1.	-0.	-0.	-0.	-0.	-8.	0.	0.	0.	-8.	0.	0.	39.999996	0.	0.	0.	0.	0.	0.	0.	0.	0.	0.	0.	-2.961504	-0.030899	0.184566	3271.537598	9600.	3756.880859	9142.337891	17.280001	-13.202083	-0.387533	-5.127383	26.813948	0.10824	-0.126196	0.035999	0.029418	-3.0877	0.0051	0.213985	-2.95646	-0.076974	0.525552	37	6447	0	53	0	0	-12716	130	163	281044	-356517	-727911	53	1037	-932
114.428	04:05:22.428	43.564154851	1.481230603	0.	-0.	-0.	-0.	1.	-0.	-0.	-0.	-0.	-8.	0.	0.	0.	-8.	0.	0.	39.999996	0.	0.	0.	0.	0.	0.	0.	0.	0.	0.	0.	-2.95039	-0.044962	0.298936	6983.524902	2761.029541	9600.	6401.487793	-17.280001	14.335766	-87.597076	3.473523	-26.246368	154.429382	-0.127368	-0.042974	0.354835	-3.077758	-0.087935	0.653771	-2.944065	0.052813	-0.312442	37	6440	0	95	0	0	-12682	-290	2555	366318	-379607	-1144161	96	1010	-1030
114.678	04:05:22.678	43.564153480	1.481222626	0.	-0.	-0.	-0.	1.	-0.	-0.	-0.	-0.	-8.	0.	0.	0.	-8.	0.	0.	39.999996	0.	0.	0.	0.	0.	0.	0.	0.	0.	0.	0.	-2.954926	0.050999	-0.312171	9600.	9067.158203	5760.938477	1317.541748	-17.280001	-54.747776	162.241516	19.960352	107.108574	-304.224915	-0.19563	0.199613	-0.709575	-3.150556	0.250612	-1.021747	-2.937185	0.011756	-0.243854	37	6436	0	129	0	0	-12574	127	-38	160519	-610998	-1772290	129	971	-1195
114.928	04:05:22.928	43.564152108	1.481214600	0.	-0.	-0.	-0.	1.	-0.	-0.	-0.	-0.	-8.	0.	0.	0.	-8.	0.	0.	39.999996	0.	0.	0.	0.	0.	0.	0.	0.	0.	0.	0.	-2.940096	0.013516	-0.123687	3213.003662	8076.87207	4856.530273	9600.	17.280001	-1.685588	-44.333164	-11.283018	3.974208	84.393417	-0.17565	0.095555	-0.125747	-3.115746	0.109072	-0.249434	-2.935745	0.	0.	38	6436	0	160	0	0	-12969	1198	-3921	111277	-327522	-677323	160	932	-1361
115.178	04:05:23.178	43.564152425	1.481212086	0.	-0.	-0.	-0.	1.	-0.	-0.	-0.	-0.	-8.	0.	0.	0.	-8.	0.	0.	39.999996	0.	0.	0.	0.	0.	0.	0.	0.	0.	0.	0.	-2.936322	0.00191	-0.018757	9140.891602	3849.782959	9600.	3156.084961	-17.280001	-16.139301	3.284255	6.787835	32.406487	-7.762931	-0.149236	-0.030983	0.171706	-3.085558	-0.029074	0.152949	-2.935745	0.	0.	38	6436	0	162	0	0	-12712	-202	578	92932	-138027	-311215	162	941	-1413
115.428	04:05:23.428	43.564152179	1.481210490	0.	-0.	-0.	-0.	1.	-0.	-0.	-0.	-0.	-8.	0.	0.	0.	-8.	0.	0.	39.999996	0.	0.	0.	0.	0.	0.	0.	0.	0.	0.	0.	-2.940267	0.018303	-0.076428	2744.517822	3695.486816	9600.	9600.	-17.280001	-13.313565	-178.639969	17.601601	24.184271	334.553802	-0.034202	0.068479	0.486734	-2.974468	0.086783	0.410307	-2.959341	0.063554	-0.710819	38	6436	0	165	0	0	-12524	145	1017	102418	-259038	-513116	165	934	-1446
115.678	04:05:23.678	43.564151581	1.481206767	0.	-0.	-0.	-0.	1.	-0.	-0.	-0.	-0.	-8.	0.	0.	0.	-8.	0.	0.	39.999996	0.	0.	0.	0.	0.	0.	0.	0.	0.	0.	0.	-2.926107	-0.023866	-0.579033	9600.	4607.36377	6272.367188	5266.07666	-17.280001	55.808842	37.364883	9.365579	-111.343407	-69.842186	0.168724	-0.088574	0.24829	-2.757383	-0.112441	-0.330742	-2.894837	-0.112837	-0.695012	38	6405	0	175	0	0	-11712	509	1066	-18382	-453146	-999297	175	917	-1523
115.928	04:05:23.928	43.564148311	1.481199998	0.	-0.	-0.	-0.	1.	-0.	-0.	-0.	-0.	-8.	0.	0.	0.	-8.	0.	0.	39.999996	0.	0.	0.	0.	0.	0.	0.	0.	0.	0.	0.	-2.890931	-0.122994	-0.680416	1851.072632	9600.	4790.761719	9505.044922	17.280001	-42.485016	-39.826286	-9.516501	86.525337	81.276802	0.109702	-0.090405	-0.139061	-2.781229	-0.213399	-0.819478	-2.884211	-0.147366	-0.671828	39	6435	0	161	0	0	-11063	-1472	-3389	-236593	-1196315	-1021752	161	824	-1663
116.178	04:05:24.178	43.564141280	1.481196566	0.	-0.	-0.	-0.	1.	-0.	-0.	-0.	-0.	-8.	0.	0.	0.	-8.	0.	0.	39.999996	0.	0.	0.	0.	0.	0.	0.	0.	0.	0.	0.	-2.891026	-0.126951	-0.673707	2549.886963	9380.664062	4216.287109	9600.	17.280001	-20.258904	-26.400311	-7.3271	42.875916	52.15987	0.058543	0.008048	0.126288	-2.832483	-0.118903	-0.547419	-2.909007	-0.075682	-0.678954	39	6436	0	115	0	0	-11464	-641	-2512	-471847	-1980172	-208368	115	624	-1734
116.428	04:05:24.428	43.564131647	1.481197049	0.	-0.	-0.	-0.	1.	-0.	-0.	-0.	-0.	-8.	0.	0.	0.	-8.	0.	0.	39.999996	0.	0.	0.	0.	0.	0.	0.	0.	0.	0.	0.	-2.910888	-0.073573	-0.64198	8519.019531	9600.	5726.037598	1899.300293	17.280001	-68.708069	146.91156	-34.447121	137.211243	-286.610962	0.023475	0.133022	0.079355	-2.887414	0.059449	-0.562625	-2.924905	-0.042788	-0.496163	39	6436	0	59	0	0	-11715	0	-2261	-445269	-2458897	396763	58	350	-1724
116.678	04:05:24.678	43.564139803	1.481221997	0.	-0.	-0.	-0.	1.	-0.	-0.	-0.	-0.	-8.	0.	0.	0.	-8.	0.	0.	39.999996	0.	0.	0.	0.	0.	0.	0.	0.	0.	0.	0.	-2.928481	-0.023924	-0.344976	6753.839355	4462.108398	9600.	4930.019531	-17.280001	-33.295498	-46.397003	7.140385	65.552109	81.737343	0.002402	0.112797	0.324032	-2.926078	0.088873	-0.020944	-2.935575	-0.001781	-0.190533	39	6433	0	173	0	0	-11909	128	-1704	-60265	-1350606	2173938	173	582	-1208
116.928	04:05:24.928	43.564134741	1.481231087	0.	-0.	-0.	-0.	1.	-0.	-0.	-0.	-0.	-8.	0.	0.	0.	-8.	0.	0.	39.999996	0.	0.	0.	0.	0.	0.	0.	0.	0.	0.	0.	-2.93442	-0.006135	-0.227828	8208.371094	4338.421875	9600.	3599.656982	-17.280001	-29.82552	-9.14009	3.617205	59.358372	16.778889	0.030457	0.158515	0.291774	-2.903963	0.152381	0.063946	-2.934863	-0.007385	-0.237552	40	6432	0	196	0	0	-11984	615	680	287862	-1203778	1709199	196	438	-1020
117.178	04:05:25.178	43.564130240	1.481238967	0.	-0.	-0.	-0.	1.	-0.	-0.	-0.	-0.	-8.	0.	0.	0.	-8.	0.	0.	39.999996	0.	0.	0.	0.	0.	0.	0.	0.	0.	0.	0.	-2.934053	-0.010473	-0.28425	4183.159668	7412.053711	5765.139648	8387.633789	5.282485	-8.489609	-35.80584	-1.056497	17.066063	72.848473	0.043871	-0.012751	0.047991	-2.890182	-0.023224	-0.236259	-2.932996	-0.01559	-0.349005	40	6436	0	238	0	0	-11860	317	-419	469364	-987357	1335899	238	310	-857
117.428	04:05:25.428	43.564125775	1.481247332	0.	-0.	-0.	-0.	1.	-0.	-0.	-0.	-0.	-8.	0.	0.	0.	-8.	0.	0.	39.999996	0.	0.	0.	0.	0.	0.	0.	0.	0.	0.	0.	-2.933967	-0.022027	-0.288575	1270.088379	7891.180664	4045.562988	9600.	17.280001	-14.933182	-62.780125	-4.120333	30.12108	122.520416	0.015406	-0.016253	0.10811	-2.918561	-0.03828	-0.180465	-2.936271	-0.036026	-0.31791	40	6372	0	309	0	0	-11856	-131	-1390	678016	-1137434	1538502	309	183	-684
117.678	04:05:25.678	43.564122998	1.481254149	0.	-0.	-0.	-0.	1.	-0.	-0.	-0.	-0.	-8.	0.	0.	0.	-8.	0.	0.	39.999996	0.	0.	0.	0.	0.	0.	0.	0.	0.	0.	0.	-2.939846	-0.009023	-0.119539	244.332443	8825.927734	3596.9729	9600.	17.280001	-36.09996	-57.773975	-3.638398	71.85347	111.757469	0.043746	0.012135	0.438063	-2.8961	0.003111	0.318523	-2.942219	0.	0.	40	5594	0	366	0	0	-11930	-263	-76	813574	-1283301	2061251	367	104	-543
117.928	04:05:25.928	43.564116916	1.481264544	0.	-0.	-0.	-0.	1.	-0.	-0.	-0.	-0.	-8.	0.	0.	0.	-8.	0.	0.	39.999996	0.	0.	0.	0.	0.	0.	0.	0.	0.	0.	0.	-2.941893	-0.000832	-0.019738	7103.639648	3198.576172	8475.057617	3490.714844	-8.025136	-15.10992	-23.289803	1.664632	30.094067	44.854332	0.094796	0.081869	0.290769	-2.847097	0.081037	0.271031	-2.942229	0.001385	-0.015584	41	5567	0	461	0	0	-11771	330	1589	703083	-1372144	1483535	462	-69	-328
118.178	04:05:26.178	43.564113400	1.481268460	0.	-0.	-0.	-0.	1.	-0.	-0.	-0.	-0.	-8.	0.	0.	0.	-8.	0.	0.	39.999996	0.	0.	0.	0.	0.	0.	0.	0.	0.	0.	0.	-2.942237	0.000529	-0.004123	8076.12793	2025.464111	9600.	2565.392578	-17.280001	-13.775213	-28.893213	10.438747	27.548389	57.578159	0.100142	-0.003108	0.124783	-2.842095	-0.002579	0.12066	-2.942219	0.	0.	41	5567	0	507	0	0	-11644	100	677	426361	-916008	614262	507	-169	-247
118.428	04:05:26.428	43.564110025	1.481271458	0.	-0.	-0.	-0.	1.	-0.	-0.	-0.	-0.	-8.	0.	0.	0.	-8.	0.	0.	39.999996	0.	0.	0.	0.	0.	0.	0.	0.	0.	0.	0.	-2.942248	9e-05	-0.000675	9417.445312	2023.421143	9600.	1226.563354	-17.280001	-13.711786	8.600241	5.569152	27.431087	-17.218323	0.095795	-0.006865	0.062763	-2.846453	-0.006775	0.062088	-2.942219	0.	0.	41	5566	0	552	0	0	-11642	-16	441	368277	-857084	352501	552	-265	-185
118.678	04:05:26.678	43.564106720	1.481273875	0.	-0.	-0.	-0.	1.	-0.	-0.	-0.	-0.	-8.	0.	0.	0.	-8.	0.	0.	39.999996	0.	0.	0.	0.	0.	0.	0.	0.	0.	0.	0.	-2.942248	1e-05	-0.000233	8334.738281	2257.659424	9600.	2098.668213	-17.280001	-19.939533	-15.487783	4.362579	39.898865	28.095875	0.079019	-0.007822	0.034444	-2.86323	-0.007813	0.034212	-2.942222	0.000223	-0.033746	41	5570	0	592	0	0	-11685	-9	189	326171	-849866	246711	592	-359	-135
118.928	04:05:26.928	43.564103275	1.481275374	0.	-0.	-0.	-0.	1.	-0.	-0.	-0.	-0.	-8.	0.	0.	0.	-8.	0.	0.	39.999996	0.	0.	0.	0.	0.	0.	0.	0.	0.	0.	0.	-2.942002	-0.004877	-0.073148	1330.98291	9600.	2370.360352	8965.936523	17.280001	-23.428179	-5.674402	-10.996117	46.75589	9.020497	0.064458	0.004668	-0.052441	-2.877544	-0.000209	-0.125589	-2.941903	-0.006431	-0.097965	42	5568	0	629	0	0	-11754	16	37	301214	-910051	145443	630	-457	-104
119.178	04:05:27.178	43.564099794	1.481276776	0.	-0.	-0.	-0.	1.	-0.	-0.	-0.	-0.	-8.	0.	0.	0.	-8.	0.	0.	39.999996	0.	0.	0.	0.	0.	0.	0.	0.	0.	0.	0.	-2.941993	0.0012	-0.055191	8526.864258	2238.503174	9600.	1901.767212	-17.280001	-19.738218	-10.309605	4.977561	40.131287	27.494232	0.043064	0.006231	0.002813	-2.898929	0.007431	-0.052378	-2.940251	0.03809	0.103204	42	5566	0	663	0	0	-11824	-83	-523	297788	-954409	187517	664	-556	-75
119.428	04:05:27.428	43.564096700	1.481278662	0.	-0.	-0.	-0.	1.	-0.	-0.	-0.	-0.	-8.	0.	0.	0.	-8.	0.	0.	39.999996	0.	0.	0.	0.	0.	0.	0.	0.	0.	0.	0.	-2.940728	0.014413	0.173016	4808.986816	4046.630371	8001.400391	5410.971191	-3.026813	-25.593023	-63.794559	0.545758	50.844715	120.276375	0.021545	0.027636	0.206304	-2.919183	0.042049	0.37932	-2.941434	0.007569	0.206541	42	5566	0	690	0	0	-11916	71	280	263788	-914353	257668	690	-644	-36
119.678	04:05:27.678	43.564093466	1.481279290	0.	-0.	-0.	-0.	1.	-0.	-0.	-0.	-0.	-8.	0.	0.	0.	-8.	0.	0.	39.999996	0.	0.	0.	0.	0.	0.	0.	0.	0.	0.	0.	-2.941394	0.007231	0.224353	6709.790039	5080.963867	6297.100586	4180.133789	-3.381613	-6.833968	18.389267	0.676323	13.711475	-36.61462	0.013421	0.00942	-0.036756	-2.927974	0.016651	0.187598	-2.941669	0.003881	0.281572	42	5566	0	710	0	0	-11969	148	1610	112655	-862491	-192812	710	-736	-23
119.928	04:05:27.928	43.564090266	1.481277936	0.	-0.	-0.	-0.	1.	-0.	-0.	-0.	-0.	-8.	0.	0.	0.	-8.	0.	0.	39.999996	0.	0.	0.	0.	0.	0.	0.	0.	0.	0.	0.	-2.941895	0.003134	0.208222	7557.517578	2341.27002	9600.	2768.024902	-17.280001	-22.620182	-34.569321	3.586588	45.208176	60.231476	0.010742	0.00558	-0.043272	-2.931153	0.008714	0.16495	-2.942219	9e-06	0.0009	43	5566	0	723	0	0	-12012	32	806	60633	-804690	-492337	723	-827	-51
120.178	04:05:28.178	43.564087594	1.481274407	0.	-0.	-0.	-0.	1.	-0.	-0.	-0.	-0.	-8.	0.	0.	0.	-8.	0.	0.	39.999996	0.	0.	0.	0.	0.	0.	0.	0.	0.	0.	0.	-2.94218	0.000621	0.04827	1831.017334	9600.	2524.677979	8311.367188	17.280001	-27.752115	8.329612	-8.691976	55.537174	-14.342093	0.012147	0.009052	-0.261543	-2.930032	0.009673	-0.213273	-2.942219	0.	0.	43	5566	0	724	0	0	-11998	29	-72	-16949	-803224	-763841	724	-903	-124
120.428	04:05:28.428	43.564085204	1.481270732	0.	-0.	-0.	-0.	1.	-0.	-0.	-0.	-0.	-8.	0.	0.	0.	-8.	0.	0.	39.999996	0.	0.	0.	0.	0.	0.	0.	0.	0.	0.	0.	-2.942247	8.2e-05	0.006648	8114.729492	2403.130615	9600.	2149.137207	-17.280001	-24.349697	-17.237875	7.457479	48.705173	34.929539	0.005963	0.014882	-0.097003	-2.936285	0.014964	-0.090355	-2.942219	0.	0.	43	5566	0	722	0	0	-12006	26	-670	-14084	-771799	-603933	722	-971	-200
120.678	04:05:28.678	43.564083235	1.481268218	0.	-0.	-0.	-0.	1.	-0.	-0.	-0.	-0.	-8.	0.	0.	0.	-8.	0.	0.	39.999996	0.	0.	0.	0.	0.	0.	0.	0.	0.	0.	0.	-2.942247	9e-06	0.000777	9413.920898	2452.797363	9600.	824.705261	-17.280001	-25.398397	20.188179	3.74583	50.797535	-40.316418	-0.005597	0.005999	-0.066332	-2.947844	0.006008	-0.065555	-2.942219	0.	0.	43	5566	0	714	0	0	-12040	-10	-235	-52822	-772161	-598417	714	-1027	-252
120.928	04:05:28.928	43.564080668	1.481266043	0.	-0.	-0.	-0.	1.	-0.	-0.	-0.	-0.	-8.	0.	0.	0.	-8.	0.	0.	39.999996	0.	0.	0.	0.	0.	0.	0.	0.	0.	0.	0.	-2.942247	1e-06	8.4e-05	8465.183594	2359.472656	9600.	1842.538452	-16.83596	-23.124502	-8.650347	3.367192	46.249088	17.307568	-0.013175	0.007543	-0.022086	-2.955423	0.007544	-0.022002	-2.942219	0.	0.	44	5569	0	702	0	0	-12086	34	-140	-90454	-745697	-422228	702	-1100	-297
121.178	04:05:29.178	43.564078067	1.481263915	0.	-0.	-0.	-0.	1.	-0.	-0.	-0.	-0.	-8.	0.	0.	0.	-8.	0.	0.	39.999996	0.	0.	0.	0.	0.	0.	0.	0.	0.	0.	0.	-2.942247	0.	9e-06	8.8e-05	9403.629883	1904.285889	8796.545898	17.280001	-35.159187	-18.16081	-8.603799	70.318382	36.322353	-0.022973	0.000725	-0.025416	-2.96522	0.000725	-0.025408	-2.942219	0.	0.	44	5369	0	690	0	0	-12125	2	-102	-98257	-760381	-438239	690	-1174	-341
121.428	04:05:29.428	43.564075430	1.481261981	0.	-0.	-0.	-0.	1.	-0.	-0.	-0.	-0.	-8.	0.	0.	0.	-8.	0.	0.	39.999996	0.	0.	0.	0.	0.	0.	0.	0.	0.	0.	0.	-2.942247	0.	1e-06	893.098022	8260.719727	1325.591675	9600.	17.280001	12.695015	-24.80484	-33.510212	-25.39003	49.609756	-0.735406	0.260847	0.052952	-3.677654	0.260847	0.052953	-2.942219	0.	0.	44	5031	0	668	0	0	-13134	452	-191	-334374	-731398	-329	668	-1249	-381
121.678	04:05:29.678	43.564075395	1.481259757	0.	-0.	-0.	-0.	1.	-0.	-0.	-0.	-0.	-8.	0.	0.	0.	-8.	0.	0.	39.999996	0.	0.	0.	0.	0.	0.	0.	0.	0.	0.	0.	-2.942247	0.	0.	2611.199463	9090.083984	0.	8379.416992	17.280001	26.60747	46.506123	-6.77289	-53.214939	-93.012238	-1.034461	-0.39238	-0.330265	-3.976709	-0.39238	-0.330265	-2.942219	0.	0.	44	5019	0	626	0	0	-15865	-573	-53	-402680	-337284	-445768	626	-1250	-427
121.928	04:05:29.928	43.564076168	1.481259274	0.	-0.	-0.	-0.	1.	-0.	-0.	-0.	-0.	-8.	0.	0.	0.	-8.	0.	0.	39.999996	0.	0.	0.	0.	0.	0.	0.	0.	0.	0.	0.	-2.942247	0.	0.	5872.91748	2190.919922	9600.	2414.781006	-17.280001	-49.045109	-55.313213	9.889212	98.090218	110.626427	-1.010119	0.003323	0.179789	-3.952367	0.003323	0.179789	-2.942219	0.	0.	45	5018	0	580	0	0	-16323	-1066	-666	-482506	-74890	153546	579	-1228	-437
122.178	04:05:30.178	43.564076203	1.481259806	0.	-0.	-0.	-0.	1.	-0.	-0.	-0.	-0.	-8.	0.	0.	0.	-8.	0.	0.	39.999996	0.	0.	0.	0.	0.	0.	0.	0.	0.	0.	0.	-2.942247	0.	0.	0.	9413.864258	2688.314941	7978.544922	17.280001	-57.730885	-17.541939	-18.573608	115.461769	35.083878	-0.93361	0.010976	0.035817	-3.875858	0.010976	0.035817	-2.942219	0.	0.	45	5017	0	470	0	0	-16021	107	617	-919228	-321352	95660	469	-1227	-426
122.428	04:05:30.428	43.564076274	1.481261933	0.	-0.	-0.	-0.	1.	-0.	-0.	-0.	-0.	-8.	0.	0.	0.	-8.	0.	0.	39.999996	0.	0.	0.	0.	0.	0.	0.	0.	0.	0.	0.	-2.942247	0.	0.	4584.265137	998.398926	9600.	4895.526855	-17.280001	-15.660492	-124.78009	138.862915	31.320984	249.560181	-1.5206	0.72448	0.269893	-4.462847	0.72448	0.269893	-2.942219	0.	0.	45	5019	0	377	0	0	-16312	3314	590	-815546	29458	474306	376	-1225	-382
122.678	04:05:30.678	43.564077258	1.481258307	0.	-0.	-0.	-0.	1.	-0.	-0.	-0.	-0.	-8.	0.	0.	0.	-8.	0.	0.	39.999996	0.	0.	0.	0.	0.	0.	0.	0.	0.	0.	0.	-2.942247	0.	0.	194.414444	9600.	1477.493896	8807.682617	17.280001	-29.055557	-6.870672	-8.034596	58.111115	13.741344	-2.103779	-0.16676	0.062028	-5.046027	-0.16676	0.062028	-2.942219	0.	0.	45	5019	0	249	0	0	-19949	-332	927	-1260891	-31314	-546012	248	-1197	-457
122.928	04:05:30.928	43.564078700	1.481255213	0.	-0.	-0.	-0.	1.	-0.	-0.	-0.	-0.	-8.	0.	0.	0.	-8.	0.	0.	39.999996	0.	0.	0.	0.	0.	0.	0.	0.	0.	0.	0.	-2.942247	0.	0.	9600.	538.727295	9091.094727	849.863892	-17.280001	11.480597	2.768773	105.421219	-22.961193	-5.537547	-2.236705	-0.024449	-0.551785	-5.178952	-0.024449	-0.551785	-2.942219	0.	0.	46	5017	0	105	0	0	-20699	627	1054	-1353555	163038	-363179	104	-1156	-521
123.178	04:05:31.178	43.564079895	1.481253279	0.	-0.	-0.	-0.	1.	-0.	-0.	-0.	-0.	-8.	0.	0.	0.	-8.	0.	0.	39.999996	0.	0.	0.	0.	0.	0.	0.	0.	0.	0.	0.	-2.942247	0.	0.	609.139282	9600.	2567.308838	7302.644043	17.280001	-59.577358	4.74861	-37.79623	119.154716	-9.49722	-2.918142	0.067045	-1.117738	-5.86039	0.067045	-1.117738	-2.942219	0.	0.	46	5019	0	22	0	0	-21867	-955	-3410	-578530	433047	-215369	22	-1122	-561
123.428	04:05:31.428	43.564084149	1.481250619	0.	-0.	-0.	-0.	1.	-0.	-0.	-0.	-0.	-8.	0.	0.	0.	-8.	0.	0.	39.999996	0.	0.	0.	0.	0.	0.	0.	0.	0.	0.	0.	-5.939071	0.	0.	1378.87439	7360.192871	1740.043823	9600.	17.280001	26.300926	-36.413673	-322.170685	-52.601852	72.827347	-0.072849	0.249629	-0.881173	-6.011919	0.249629	-0.881173	-2.939484	0.	0.	46	5019	0	19	0	0	-25170	1492	-4257	-579481	1103205	-926881	18	-1001	-616
123.678	04:05:31.678	43.564088438	1.481244141	0.	-0.	-0.	-0.	1.	-0.	-0.	-0.	-0.	-8.	0.	0.	0.	-8.	0.	0.	39.999996	0.	0.	0.	0.	0.	0.	0.	0.	0.	0.	0.	-3.818747	-0.000391	0.000173	2069.824707	0.	8293.53418	1254.298706	-17.280001	-69.571739	-104.692108	763.295288	136.99118	211.01178	-1.36071	-0.078703	-0.407914	-5.179457	-0.079094	-0.407741	-2.794372	-0.027481	0.019589	46	4874	0	78	0	0	-23424	814	-3768	-286043	1123436	-1559060	78	-879	-750
123.928	04:05:31.928	43.564091075	1.481234326	0.	-0.	-0.	-0.	1.	-0.	-0.	-0.	-0.	-8.	0.	0.	0.	-8.	0.	0.	39.999996	0.	0.	0.	0.	0.	0.	0.	0.	0.	0.	0.	-2.932369	0.058365	0.036776	0.000107	2.4e-05	1675.456055	3241.931396	-17.280001	21.93066	-68.845146	63.971104	-54.385265	141.330826	2.656062	-0.440142	-0.205724	-0.276306	-0.381777	-0.168948	-2.769866	-0.085173	-0.064318	47	2504	0	12	0	0	-12697	422	-1095	-610583	542051	-1912202	11	-804	-953
124.178	04:05:32.178	43.564090829	1.481235680	0.	-0.	-0.	-0.	1.	-0.	-0.	-0.	-0.	-8.	0.	0.	0.	-8.	0.	0.	39.999996	0.	0.	0.	0.	0.	0.	0.	0.	0.	0.	0.	-5.040932	0.009117	-0.011849	0.	1.3e-05	9600.	7651.514648	-17.280001	-54.551556	-268.799988	1824.034912	114.477776	1843.126587	-3.945695	0.542755	2.23624	-8.986628	0.551872	2.224392	-9.055883	0.04008	-0.00452	47	3370	0	34	0	0	-22270	-1037	20490	-220232	424841	1165035	34	-811	-925
124.428	04:05:32.428	43.564088579	1.481229830	0.	-0.	-0.	-0.	1.	-0.	-0.	-0.	-0.	-8.	0.	0.	0.	-8.	0.	0.	39.999996	0.	0.	0.	0.	0.	0.	0.	0.	0.	0.	0.	-8.346287	0.006439	-0.003011	0.000115	6338.327637	9600.	0.	17.280001	-268.799988	-91.321236	-50.978092	538.312988	182.382858	-1.222568	0.41841	0.171916	-9.568854	0.424849	0.168905	-9.055791	0.002496	0.001403	47	3567	0	-18	0	0	-39874	954	4987	-1000986	-901378	-1123574	-19	-875	-1046
124.678	04:05:32.678	43.564088368	1.481230652	0.	-0.	-0.	-0.	1.	-0.	-0.	-0.	-0.	-8.	0.	0.	0.	-8.	0.	0.	39.999996	0.	0.	0.	0.	0.	0.	0.	0.	0.	0.	0.	-8.964964	0.002195	0.000695	0.	0.000129	9600.	4487.217773	-17.280001	-100.601471	-226.248505	32.068943	201.344391	452.579315	-1.122582	0.147953	-1.074306	-10.087546	0.150148	-1.073611	-9.055791	0.001445	0.002472	47	3117	0	13	0	0	-40900	2300	-2290	-465821	184636	-87952	13	-881	-1029
124.928	04:05:32.928	43.564091919	1.481233504	0.	-0.	-0.	-0.	1.	-0.	-0.	-0.	-0.	-8.	0.	0.	0.	-8.	0.	0.	39.999996	0.	0.	0.	0.	0.	0.	0.	0.	0.	0.	0.	-9.045559	0.003716	-0.002486	1754.837402	5.3e-05	0.000154	9600.	17.280001	206.710007	-157.570587	-251.952362	-413.498474	315.459381	-0.047844	-0.115678	-2.502841	-9.093403	-0.111962	-2.505328	-9.055793	0.002863	4.2e-05	48	2758	0	-72	0	0	-39440	-29	-5826	-1540895	1122217	425130	-73	-780	-970
125.178	04:05:33.178	43.564096630	1.481235390	0.	-0.	-0.	-0.	1.	-0.	-0.	-0.	-0.	-8.	0.	0.	0.	-8.	0.	0.	39.999996	0.	0.	0.	0.	0.	0.	0.	0.	0.	0.	0.	-9.054725	0.002034	-0.001044	0.	4677.083984	4130.643066	5.5e-05	-17.280001	-123.311264	7.650181	123.957207	246.49826	-15.272976	0.425719	-0.306982	-2.478836	-8.629005	-0.304948	-2.47988	-9.055793	0.	0.	48	2755	0	-261	0	0	-35828	-509	-10523	-1538500	1042165	7367	-263	-646	-931
125.428	04:05:33.428	43.564100919	1.481232876	0.	-0.	-0.	-0.	1.	-0.	-0.	-0.	-0.	-8.	0.	0.	0.	-8.	0.	0.	39.999996	0.	0.	0.	0.	0.	0.	0.	0.	0.	0.	0.	-9.055934	0.000509	-0.000224	0.	3480.181152	458.227203	6.2e-05	-17.280001	-55.139103	42.307358	4.617579	110.301521	-84.625992	0.463508	-0.3572	-2.540959	-8.592426	-0.356691	-2.541182	-9.055793	0.	0.	48	1239	0	-459	0	0	-35179	-1452	-10401	-1723711	1016166	-901477	-460	-524	-983
125.678	04:05:33.678	43.564105525	1.481225236	0.	-0.	-0.	-0.	1.	-0.	-0.	-0.	-0.	-8.	0.	0.	0.	-8.	0.	0.	39.999996	0.	0.	0.	0.	0.	0.	0.	0.	0.	0.	0.	-9.055934	0.000509	-0.000224	0.	3480.181152	458.227203	6.2e-05	-17.280001	-55.139103	42.307358	4.617579	110.301521	-84.625992	0.463508	-0.3572	-2.540959	-8.592426	-0.356691	-2.541182	-9.055793	0.	0.	48	0	0	-583	0	0	-35194	-1465	-10416	-2014139	1110009	-1705709	-688	-393	-1141
125.928	04:05:33.928	43.564110447	1.481212811	0.	-0.	-0.	-0.	1.	-0.	-0.	-0.	-0.	-8.	0.	0.	0.	-8.	0.	0.	39.999996	0.	0.	0.	0.	0.	0.	0.	0.	0.	0.	0.	-9.055934	0.000509	-0.000224	0.	3480.181152	458.227203	6.2e-05	-17.280001	-55.139103	42.307358	4.617579	110.301521	-84.625992	0.463508	-0.3572	-2.540959	-8.592426	-0.356691	-2.541182	-9.055793	0.	0.	48	0	0	-583	0	0	-35192	-1473	-10429	-2311141	1184178	-2516067	-951	-253	-1398
126.178	04:05:34.178	43.564115685	1.481195550	0.	-0.	-0.	-0.	1.	-0.	-0.	-0.	-0.	-8.	0.	0.	0.	-8.	0.	0.	39.999996	0.	0.	0.	0.	0.	0.	0.	0.	0.	0.	0.	-9.055934	0.000509	-0.000224	0.	3480.181152	458.227203	6.2e-05	-17.280001	-55.139103	42.307358	4.617579	110.301521	-84.625992	0.463508	-0.3572	-2.540959	-8.592426	-0.356691	-2.541182	-9.055793	0.	0.	48	0	0	-583	0	0	-35190	-1481	-10443	-2606390	1254700	-3328485	-1251	-104	-1755
126.428	04:05:34.428	43.564121170	1.481173552	0.	-0.	-0.	-0.	1.	-0.	-0.	-0.	-0.	-8.	0.	0.	0.	-8.	0.	0.	39.999996	0.	0.	0.	0.	0.	0.	0.	0.	0.	0.	0.	-9.055934	0.000509	-0.000224	0.	3480.181152	458.227203	6.2e-05	-17.280001	-55.139103	42.307358	4.617579	110.301521	-84.625992	0.463508	-0.3572	-2.540959	-8.592426	-0.356691	-2.541182	-9.055793	0.	0.	48	0	0	-583	0	0	-35188	-1488	-10456	-2900738	1321376	-4140527	-1587	52	-2210
126.678	04:05:34.678	43.564126971	1.481146718	0.	-0.	-0.	-0.	1.	-0.	-0.	-0.	-0.	-8.	0.	0.	0.	-8.	0.	0.	39.999996	0.	0.	0.	0.	0.	0.	0.	0.	0.	0.	0.	-9.055934	0.000509	-0.000224	0.	3480.181152	458.227203	6.2e-05	-17.280001	-55.139103	42.307358	4.617579	110.301521	-84.625992	0.463508	-0.3572	-2.540959	-8.592426	-0.356691	-2.541182	-9.055793	0.	0.	48	0	0	-583	0	0	-35186	-1496	-10470	-3193717	1384217	-4952259	-1959	217	-2765
126.928	04:05:34.928	43.564133053	1.481115147	0.	-0.	-0.	-0.	1.	-0.	-0.	-0.	-0.	-8.	0.	0.	0.	-8.	0.	0.	39.999996	0.	0.	0.	0.	0.	0.	0.	0.	0.	0.	0.	-9.055934	0.000509	-0.000224	0.	3480.181152	458.227203	6.2e-05	-17.280001	-55.139103	42.307358	4.617579	110.301521	-84.625992	0.463508	-0.3572	-2.540959	-8.592426	-0.356691	-2.541182	-9.055793	0.	0.	48	0	0	-583	0	0	-35184	-1503	-10483	-3484939	1443337	-5764343	-2367	390	-3418
127.178	04:05:35.178	43.564139346	1.481078740	0.	-0.	-0.	-0.	1.	-0.	-0.	-0.	-0.	-8.	0.	0.	0.	-8.	0.	0.	39.999996	0.	0.	0.	0.	0.	0.	0.	0.	0.	0.	0.	-9.055934	0.000509	-0.000224	0.	3480.181152	458.227203	6.2e-05	-17.280001	-55.139103	42.307358	4.617579	110.301521	-84.625992	0.463508	-0.3572	-2.540959	-8.592426	-0.356691	-2.541182	-9.055793	0.	0.	48	0	0	-583	0	0	-35182	-1511	-10497	-3774160	1498553	-6576523	-2810	569	-4171
127.428	04:05:35.428	43.564145885	1.481037547	0.	-0.	-0.	-0.	1.	-0.	-0.	-0.	-0.	-8.	0.	0.	0.	-8.	0.	0.	39.999996	0.	0.	0.	0.	0.	0.	0.	0.	0.	0.	0.	-9.055934	0.000509	-0.000224	0.	3480.181152	458.227203	6.2e-05	-17.280001	-55.139103	42.307358	4.617579	110.301521	-84.625992	0.463508	-0.3572	-2.540959	-8.592426	-0.356691	-2.541182	-9.055793	0.	0.	48	0	0	-583	0	0	-35180	-1519	-10510	-4062115	1550077	-7388537	-3288	755	-5023
127.678	04:05:35.678	43.564152671	1.480991567	0.	-0.	-0.	-0.	1.	-0.	-0.	-0.	-0.	-8.	0.	0.	0.	-8.	0.	0.	39.999996	0.	0.	0.	0.	0.	0.	0.	0.	0.	0.	0.	-9.055934	0.000509	-0.000224	0.	3480.181152	458.227203	6.2e-05	-17.280001	-55.139103	42.307358	4.617579	110.301521	-84.625992	0.463508	-0.3572	-2.540959	-8.592426	-0.356691	-2.541182	-9.055793	0.	0.	48	0	0	-583	0	0	-35178	-1526	-10524	-4349063	1597496	-8199902	-3801	948	-5974
127.928	04:05:35.928	43.564159597	1.480940801	0.	-0.	-0.	-0.	1.	-0.	-0.	-0.	-0.	-8.	0.	0.	0.	-8.	0.	0.	39.999996	0.	0.	0.	0.	0.	0.	0.	0.	0.	0.	0.	-9.055934	0.000509	-0.000224	0.	3480.181152	458.227203	6.2e-05	-17.280001	-55.139103	42.307358	4.617579	110.301521	-84.625992	0.463508	-0.3572	-2.540959	-8.592426	-0.356691	-2.541182	-9.055793	0.	0.	48	0	0	-583	0	0	-35175	-1534	-10537	-4635339	1640921	-9011020	-4349	1145	-7024
128.178	04:05:36.178	43.564166733	1.480885248	0.	-0.	-0.	-0.	1.	-0.	-0.	-0.	-0.	-8.	0.	0.	0.	-8.	0.	0.	39.999996	0.	0.	0.	0.	0.	0.	0.	0.	0.	0.	0.	-9.055934	0.000509	-0.000224	0.	3480.181152	458.227203	6.2e-05	-17.280001	-55.139103	42.307358	4.617579	110.301521	-84.625992	0.463508	-0.3572	-2.540959	-8.592426	-0.356691	-2.541182	-9.055793	0.	0.	48	0	0	-583	0	0	-35173	-1541	-10551	-4920835	1680186	-9821584	-4933	1348	-8173
128.428	04:05:36.428	43.564174011	1.480824909	0.	-0.	-0.	-0.	1.	-0.	-0.	-0.	-0.	-8.	0.	0.	0.	-8.	0.	0.	39.999996	0.	0.	0.	0.	0.	0.	0.	0.	0.	0.	0.	-9.055934	0.000509	-0.000224	0.	3480.181152	458.227203	6.2e-05	-17.280001	-55.139103	42.307358	4.617579	110.301521	-84.625992	0.463508	-0.3572	-2.540959	-8.592426	-0.356691	-2.541182	-9.055793	0.	0.	48	0	0	-583	0	0	-35171	-1549	-10565	-5205630	1715446	-10631246	-5550	1555	-9421
128.678	04:05:36.678	43.564181464	1.480759783	0.	-0.	-0.	-0.	1.	-0.	-0.	-0.	-0.	-8.	0.	0.	0.	-8.	0.	0.	39.999996	0.	0.	0.	0.	0.	0.	0.	0.	0.	0.	0.	-9.055934	0.000509	-0.000224	0.	3480.181152	458.227203	6.2e-05	-17.280001	-55.139103	42.307358	4.617579	110.301521	-84.625992	0.463508	-0.3572	-2.540959	-8.592426	-0.356691	-2.541182	-9.055793	0.	0.	48	0	0	-583	0	0	-35168	-1556	-10579	-5489859	1746652	-11440473	-6203	1767	-10768
128.928	04:05:36.928	43.564189023	1.480689870	0.	-0.	-0.	-0.	1.	-0.	-0.	-0.	-0.	-8.	0.	0.	0.	-8.	0.	0.	39.999996	0.	0.	0.	0.	0.	0.	0.	0.	0.	0.	0.	-9.055934	0.000509	-0.000224	0.	3480.181152	458.227203	6.2e-05	-17.280001	-55.139103	42.307358	4.617579	110.301521	-84.625992	0.463508	-0.3572	-2.540959	-8.592426	-0.356691	-2.541182	-9.055793	0.	0.	48	0	0	-583	0	0	-35166	-1564	-10593	-5773211	1773850	-12248576	-6890	1982	-12214
129.178	04:05:37.178	43.564196687	1.480615219	0.	-0.	-0.	-0.	1.	-0.	-0.	-0.	-0.	-8.	0.	0.	0.	-8.	0.	0.	39.999996	0.	0.	0.	0.	0.	0.	0.	0.	0.	0.	0.	-9.055934	0.000509	-0.000224	0.	3480.181152	458.227203	6.2e-05	-17.280001	-55.139103	42.307358	4.617579	110.301521	-84.625992	0.463508	-0.3572	-2.540959	-8.592426	-0.356691	-2.541182	-9.055793	0.	0.	48	0	0	-583	0	0	-35164	-1571	-10606	-6055796	1796824	-13056042	-7612	2200	-13758
129.428	04:05:37.428	43.564204421	1.480535830	0.	-0.	-0.	-0.	1.	-0.	-0.	-0.	-0.	-8.	0.	0.	0.	-8.	0.	0.	39.999996	0.	0.	0.	0.	0.	0.	0.	0.	0.	0.	0.	-9.055934	0.000509	-0.000224	0.	3480.181152	458.227203	6.2e-05	-17.280001	-55.139103	42.307358	4.617579	110.301521	-84.625992	0.463508	-0.3572	-2.540959	-8.592426	-0.356691	-2.541182	-9.055793	0.	0.	48	0	0	-583	0	0	-35161	-1579	-10620	-6338165	1815628	-13862694	-8369	2420	-15400
129.678	04:05:37.678	43.564212260	1.480451654	0.	-0.	-0.	-0.	1.	-0.	-0.	-0.	-0.	-8.	0.	0.	0.	-8.	0.	0.	39.999996	0.	0.	0.	0.	0.	0.	0.	0.	0.	0.	0.	-9.055934	0.000509	-0.000224	0.	3480.181152	458.227203	6.2e-05	-17.280001	-55.139103	42.307358	4.617579	110.301521	-84.625992	0.463508	-0.3572	-2.540959	-8.592426	-0.356691	-2.541182	-9.055793	0.	0.	48	0	0	-583	0	0	-35159	-1586	-10634	-6619739	1830411	-14668640	-9159	2643	-17141
129.928	04:05:37.928	43.564220135	1.480362691	0.	-0.	-0.	-0.	1.	-0.	-0.	-0.	-0.	-8.	0.	0.	0.	-8.	0.	0.	39.999996	0.	0.	0.	0.	0.	0.	0.	0.	0.	0.	0.	-9.055934	0.000509	-0.000224	0.	3480.181152	458.227203	6.2e-05	-17.280001	-55.139103	42.307358	4.617579	110.301521	-84.625992	0.463508	-0.3572	-2.540959	-8.592426	-0.356691	-2.541182	-9.055793	0.	0.	48	0	0	-583	0	0	-35156	-1594	-10648	-6900401	1841169	-15474331	-9984	2867	-18981
130.178	04:05:38.178	43.564228045	1.480269039	0.	-0.	-0.	-0.	1.	-0.	-0.	-0.	-0.	-8.	0.	0.	0.	-8.	0.	0.	39.999996	0.	0.	0.	0.	0.	0.	0.	0.	0.	0.	0.	-9.055934	0.000509	-0.000224	0.	3480.181152	458.227203	6.2e-05	-17.280001	-55.139103	42.307358	4.617579	110.301521	-84.625992	0.463508	-0.3572	-2.540959	-8.592426	-0.356691	-2.541182	-9.055793	0.	0.	48	0	0	-583	0	0	-35154	-1601	-10661	-7180388	1847788	-16279096	-10844	3092	-20918
130.428	04:05:38.428	43.564235990	1.480170600	0.	-0.	-0.	-0.	1.	-0.	-0.	-0.	-0.	-8.	0.	0.	0.	-8.	0.	0.	39.999996	0.	0.	0.	0.	0.	0.	0.	0.	0.	0.	0.	-9.055934	0.000509	-0.000224	0.	3480.181152	458.227203	6.2e-05	-17.280001	-55.139103	42.307358	4.617579	110.301521	-84.625992	0.463508	-0.3572	-2.540959	-8.592426	-0.356691	-2.541182	-9.055793	0.	0.	48	0	0	-583	0	0	-35151	-1608	-10675	-7459283	1850415	-17083426	-11737	3318	-22954
130.678	04:05:38.678	43.564243934	1.480067422	0.	-0.	-0.	-0.	1.	-0.	-0.	-0.	-0.	-8.	0.	0.	0.	-8.	0.	0.	39.999996	0.	0.	0.	0.	0.	0.	0.	0.	0.	0.	0.	-9.055934	0.000509	-0.000224	0.	3480.181152	458.227203	6.2e-05	-17.280001	-55.139103	42.307358	4.617579	110.301521	-84.625992	0.463508	-0.3572	-2.540959	-8.592426	-0.356691	-2.541182	-9.055793	0.	0.	48	0	0	-583	0	0	-35149	-1616	-10689	-7738001	1848920	-17886930	-12665	3544	-25088
130.928	04:05:38.928	43.564251844	1.479959506	0.	-0.	-0.	-0.	1.	-0.	-0.	-0.	-0.	-8.	0.	0.	0.	-8.	0.	0.	39.999996	0.	0.	0.	0.	0.	0.	0.	0.	0.	0.	0.	-9.055934	0.000509	-0.000224	0.	3480.181152	458.227203	6.2e-05	-17.280001	-55.139103	42.307358	4.617579	110.301521	-84.625992	0.463508	-0.3572	-2.540959	-8.592426	-0.356691	-2.541182	-9.055793	0.	0.	48	0	0	-583	0	0	-35146	-1623	-10703	-8015990	1843228	-18689828	-13626	3769	-27320
131.178	04:05:39.178	43.564259718	1.479846852	0.	-0.	-0.	-0.	1.	-0.	-0.	-0.	-0.	-8.	0.	0.	0.	-8.	0.	0.	39.999996	0.	0.	0.	0.	0.	0.	0.	0.	0.	0.	0.	-9.055934	0.000509	-0.000224	0.	3480.181152	458.227203	6.2e-05	-17.280001	-55.139103	42.307358	4.617579	110.301521	-84.625992	0.463508	-0.3572	-2.540959	-8.592426	-0.356691	-2.541182	-9.055793	0.	0.	48	0	0	-583	0	0	-35144	-1630	-10717	-8293019	1833544	-19492228	-14621	3993	-29650
131.428	04:05:39.428	43.564267556	1.479729459	0.	-0.	-0.	-0.	1.	-0.	-0.	-0.	-0.	-8.	0.	0.	0.	-8.	0.	0.	39.999996	0.	0.	0.	0.	0.	0.	0.	0.	0.	0.	0.	-9.055934	0.000509	-0.000224	0.	3480.181152	458.227203	6.2e-05	-17.280001	-55.139103	42.307358	4.617579	110.301521	-84.625992	0.463508	-0.3572	-2.540959	-8.592426	-0.356691	-2.541182	-9.055793	0.	0.	48	0	0	-583	0	0	-35141	-1638	-10731	-8569279	1819935	-20293870	-15650	4216	-32078
131.678	04:05:39.678	43.564275360	1.479607328	0.	-0.	-0.	-0.	1.	-0.	-0.	-0.	-0.	-8.	0.	0.	0.	-8.	0.	0.	39.999996	0.	0.	0.	0.	0.	0.	0.	0.	0.	0.	0.	-9.055934	0.000509	-0.000224	0.	3480.181152	458.227203	6.2e-05	-17.280001	-55.139103	42.307358	4.617579	110.301521	-84.625992	0.463508	-0.3572	-2.540959	-8.592426	-0.356691	-2.541182	-9.055793	0.	0.	48	0	0	-583	0	0	-35138	-1645	-10745	-8845060	1802162	-21094700	-16713	4438	-34604
131.928	04:05:39.928	43.564283023	1.479480458	0.	-0.	-0.	-0.	1.	-0.	-0.	-0.	-0.	-8.	0.	0.	0.	-8.	0.	0.	39.999996	0.	0.	0.	0.	0.	0.	0.	0.	0.	0.	0.	-9.055934	0.000509	-0.000224	0.	3480.181152	458.227203	6.2e-05	-17.280001	-55.139103	42.307358	4.617579	110.301521	-84.625992	0.463508	-0.3572	-2.540959	-8.592426	-0.356691	-2.541182	-9.055793	0.	0.	48	0	0	-583	0	0	-35136	-1652	-10758	-9120375	1780411	-21894742	-17810	4656	-37228
132.178	04:05:40.178	43.564290615	1.479348899	0.	-0.	-0.	-0.	1.	-0.	-0.	-0.	-0.	-8.	0.	0.	0.	-8.	0.	0.	39.999996	0.	0.	0.	0.	0.	0.	0.	0.	0.	0.	0.	-9.055934	0.000509	-0.000224	0.	3480.181152	458.227203	6.2e-05	-17.280001	-55.139103	42.307358	4.617579	110.301521	-84.625992	0.463508	-0.3572	-2.540959	-8.592426	-0.356691	-2.541182	-9.055793	0.	0.	48	0	0	-583	0	0	-35133	-1659	-10772	-9395341	1754473	-22694154	-18940	4872	-39949
132.428	04:05:40.428	43.564298066	1.479212600	0.	-0.	-0.	-0.	1.	-0.	-0.	-0.	-0.	-8.	0.	0.	0.	-8.	0.	0.	39.999996	0.	0.	0.	0.	0.	0.	0.	0.	0.	0.	0.	-9.055934	0.000509	-0.000224	0.	3480.181152	458.227203	6.2e-05	-17.280001	-55.139103	42.307358	4.617579	110.301521	-84.625992	0.463508	-0.3572	-2.540959	-8.592426	-0.356691	-2.541182	-9.055793	0.	0.	48	0	0	-583	0	0	-35130	-1667	-10786	-9669269	1724408	-23492988	-20103	5084	-42768
132.678	04:05:40.678	43.564305411	1.479071612	0.	-0.	-0.	-0.	1.	-0.	-0.	-0.	-0.	-8.	0.	0.	0.	-8.	0.	0.	39.999996	0.	0.	0.	0.	0.	0.	0.	0.	0.	0.	0.	-9.055934	0.000509	-0.000224	0.	3480.181152	458.227203	6.2e-05	-17.280001	-55.139103	42.307358	4.617579	110.301521	-84.625992	0.463508	-0.3572	-2.540959	-8.592426	-0.356691	-2.541182	-9.055793	0.	0.	48	0	0	-583	0	0	-35127	-1674	-10800	-9942925	1690259	-24290698	-21300	5293	-45684
132.928	04:05:40.928	43.564312581	1.478925934	0.	-0.	-0.	-0.	1.	-0.	-0.	-0.	-0.	-8.	0.	0.	0.	-8.	0.	0.	39.999996	0.	0.	0.	0.	0.	0.	0.	0.	0.	0.	0.	-9.055934	0.000509	-0.000224	0.	3480.181152	458.227203	6.2e-05	-17.280001	-55.139103	42.307358	4.617579	110.301521	-84.625992	0.463508	-0.3572	-2.540959	-8.592426	-0.356691	-2.541182	-9.055793	0.	0.	48	0	0	-583	0	0	-35124	-1681	-10814	-10216467	1652036	-25087680	-22530	5497	-48697
133.178	04:05:41.178	43.564319574	1.478775517	0.	-0.	-0.	-0.	1.	-0.	-0.	-0.	-0.	-8.	0.	0.	0.	-8.	0.	0.	39.999996	0.	0.	0.	0.	0.	0.	0.	0.	0.	0.	0.	-9.055934	0.000509	-0.000224	0.	3480.181152	458.227203	6.2e-05	-17.280001	-55.139103	42.307358	4.617579	110.301521	-84.625992	0.463508	-0.3572	-2.540959	-8.592426	-0.356691	-2.541182	-9.055793	0.	0.	48	0	0	-583	0	0	-35121	-1689	-10828	-10489405	1609821	-25883794	-23794	5696	-51808
133.428	04:05:41.428	43.564326391	1.478620409	0.	-0.	-0.	-0.	1.	-0.	-0.	-0.	-0.	-8.	0.	0.	0.	-8.	0.	0.	39.999996	0.	0.	0.	0.	0.	0.	0.	0.	0.	0.	0.	-9.055934	0.000509	-0.000224	0.	3480.181152	458.227203	6.2e-05	-17.280001	-55.139103	42.307358	4.617579	110.301521	-84.625992	0.463508	-0.3572	-2.540959	-8.592426	-0.356691	-2.541182	-9.055793	0.	0.	48	0	0	-583	0	0	-35118	-1696	-10842	-10761955	1563420	-26679212	-25091	5890	-55016
133.678	04:05:41.678	43.564332998	1.478460660	0.	-0.	-0.	-0.	1.	-0.	-0.	-0.	-0.	-8.	0.	0.	0.	-8.	0.	0.	39.999996	0.	0.	0.	0.	0.	0.	0.	0.	0.	0.	0.	-9.055934	0.000509	-0.000224	0.	3480.181152	458.227203	6.2e-05	-17.280001	-55.139103	42.307358	4.617579	110.301521	-84.625992	0.463508	-0.3572	-2.540959	-8.592426	-0.356691	-2.541182	-9.055793	0.	0.	48	0	0	-583	0	0	-35115	-1703	-10856	-11034052	1513051	-27474082	-26421	6078	-58320
133.928	04:05:41.928	43.564339357	1.478296172	0.	-0.	-0.	-0.	1.	-0.	-0.	-0.	-0.	-8.	0.	0.	0.	-8.	0.	0.	39.999996	0.	0.	0.	0.	0.	0.	0.	0.	0.	0.	0.	-9.055934	0.000509	-0.000224	0.	3480.181152	458.227203	6.2e-05	-17.280001	-55.139103	42.307358	4.617579	110.301521	-84.625992	0.463508	-0.3572	-2.540959	-8.592426	-0.356691	-2.541182	-9.055793	0.	0.	48	0	0	-583	0	0	-35112	-1710	-10870	-11305797	1458742	-28268102	-27784	6259	-61722
134.178	04:05:42.178	43.564345505	1.478126994	0.	-0.	-0.	-0.	1.	-0.	-0.	-0.	-0.	-8.	0.	0.	0.	-8.	0.	0.	39.999996	0.	0.	0.	0.	0.	0.	0.	0.	0.	0.	0.	-9.055934	0.000509	-0.000224	0.	3480.181152	458.227203	6.2e-05	-17.280001	-55.139103	42.307358	4.617579	110.301521	-84.625992	0.463508	-0.3572	-2.540959	-8.592426	-0.356691	-2.541182	-9.055793	0.	0.	48	0	0	-583	0	0	-35109	-1718	-10884	-11577057	1400228	-29061268	-29181	6434	-65221
134.428	04:05:42.428	43.564351372	1.477953174	0.	-0.	-0.	-0.	1.	-0.	-0.	-0.	-0.	-8.	0.	0.	0.	-8.	0.	0.	39.999996	0.	0.	0.	0.	0.	0.	0.	0.	0.	0.	0.	-9.055934	0.000509	-0.000224	0.	3480.181152	458.227203	6.2e-05	-17.280001	-55.139103	42.307358	4.617579	110.301521	-84.625992	0.463508	-0.3572	-2.540959	-8.592426	-0.356691	-2.541182	-9.055793	0.	0.	48	0	0	-583	0	0	-35106	-1725	-10898	-11847856	1337682	-29853692	-30611	6601	-68816
134.678	04:05:42.678	43.564356957	1.477774616	0.	-0.	-0.	-0.	1.	-0.	-0.	-0.	-0.	-8.	0.	0.	0.	-8.	0.	0.	39.999996	0.	0.	0.	0.	0.	0.	0.	0.	0.	0.	0.	-9.055934	0.000509	-0.000224	0.	3480.181152	458.227203	6.2e-05	-17.280001	-55.139103	42.307358	4.617579	110.301521	-84.625992	0.463508	-0.3572	-2.540959	-8.592426	-0.356691	-2.541182	-9.055793	0.	0.	48	0	0	-583	0	0	-35103	-1732	-10913	-12118314	1271208	-30645638	-32073	6760	-72509
134.928	04:05:42.928	43.564362261	1.477591415	0.	-0.	-0.	-0.	1.	-0.	-0.	-0.	-0.	-8.	0.	0.	0.	-8.	0.	0.	39.999996	0.	0.	0.	0.	0.	0.	0.	0.	0.	0.	0.	-9.055934	0.000509	-0.000224	0.	3480.181152	458.227203	6.2e-05	-17.280001	-55.139103	42.307358	4.617579	110.301521	-84.625992	0.463508	-0.3572	-2.540959	-8.592426	-0.356691	-2.541182	-9.055793	0.	0.	48	0	0	-583	0	0	-35100	-1739	-10927	-12388459	1200500	-31436648	-33569	6911	-76298
135.178	04:05:43.178	43.564367247	1.477403573	0.	-0.	-0.	-0.	1.	-0.	-0.	-0.	-0.	-8.	0.	0.	0.	-8.	0.	0.	39.999996	0.	0.	0.	0.	0.	0.	0.	0.	0.	0.	0.	-9.055934	0.000509	-0.000224	0.	3480.181152	458.227203	6.2e-05	-17.280001	-55.139103	42.307358	4.617579	110.301521	-84.625992	0.463508	-0.3572	-2.540959	-8.592426	-0.356691	-2.541182	-9.055793	0.	0.	48	0	0	-583	0	0	-35097	-1747	-10941	-12658738	1126525	-32227534	-35097	7053	-80183
135.428	04:05:43.428	43.564371917	1.477211040	0.	-0.	-0.	-0.	1.	-0.	-0.	-0.	-0.	-8.	0.	0.	0.	-8.	0.	0.	39.999996	0.	0.	0.	0.	0.	0.	0.	0.	0.	0.	0.	-9.055934	0.000509	-0.000224	0.	3480.181152	458.227203	6.2e-05	-17.280001	-55.139103	42.307358	4.617579	110.301521	-84.625992	0.463508	-0.3572	-2.540959	-8.592426	-0.356691	-2.541182	-9.055793	0.	0.	48	0	0	-583	0	0	-35093	-1754	-10956	-12927332	1046480	-33015904	-36659	7186	-84165
135.678	04:05:43.678	43.564376234	1.477013865	0.	-0.	-0.	-0.	1.	-0.	-0.	-0.	-0.	-8.	0.	0.	0.	-8.	0.	0.	39.999996	0.	0.	0.	0.	0.	0.	0.	0.	0.	0.	0.	-9.055934	0.000509	-0.000224	0.	3480.181152	458.227203	6.2e-05	-17.280001	-55.139103	42.307358	4.617579	110.301521	-84.625992	0.463508	-0.3572	-2.540959	-8.592426	-0.356691	-2.541182	-9.055793	0.	0.	48	0	0	-583	0	0	-35095	-1767	-10968	-13198747	962466	-33804212	-38253	7309	-88243
135.928	04:05:43.928	43.564380270	1.476811951	0.	-0.	-0.	-0.	1.	-0.	-0.	-0.	-0.	-8.	0.	0.	0.	-8.	0.	0.	39.999996	0.	0.	0.	0.	0.	0.	0.	0.	0.	0.	0.	-9.055934	0.000509	-0.000224	0.	3480.181152	458.227203	6.2e-05	-17.280001	-55.139103	42.307358	4.617579	110.301521	-84.625992	0.463508	-0.3572	-2.540959	-8.592426	-0.356691	-2.541182	-9.055793	0.	0.	48	0	0	-583	0	0	-34801	-795	-11037	-13179828	938358	-34563128	-39872	7424	-92419
136.178	04:05:44.178	43.564383497	1.476608248	0.	-0.	-0.	-0.	1.	-0.	-0.	-0.	-0.	-8.	0.	0.	0.	-8.	0.	0.	39.999996	0.	0.	0.	0.	0.	0.	0.	0.	0.	0.	0.	-9.055934	0.000509	-0.000224	0.	3480.181152	458.227203	6.2e-05	-17.280001	-55.139103	42.307358	4.617579	110.301521	-84.625992	0.463508	-0.3572	-2.540959	-8.592426	-0.356691	-2.541182	-9.055793	0.	0.	48	0	0	-583	0	0	-33309	3431	-10634	-13223235	277478	-34129528	-41479	7516	-96632
136.428	04:05:44.428	43.564381695	1.476409476	0.	-0.	-0.	-0.	1.	-0.	-0.	-0.	-0.	-8.	0.	0.	0.	-8.	0.	0.	39.999996	0.	0.	0.	0.	0.	0.	0.	0.	0.	0.	0.	-9.055934	0.000509	-0.000224	0.	3480.181152	458.227203	6.2e-05	-17.280001	-55.139103	42.307358	4.617579	110.301521	-84.625992	0.463508	-0.3572	-2.540959	-8.592426	-0.356691	-2.541182	-9.055793	0.	0.	48	0	0	-583	0	0	-33195	3681	-12624	-13977248	-1113785	-33385910	-43131	7465	-100743
136.678	04:05:44.678	43.564374691	1.476212880	0.	-0.	-0.	-0.	1.	-0.	-0.	-0.	-0.	-8.	0.	0.	0.	-8.	0.	0.	39.999996	0.	0.	0.	0.	0.	0.	0.	0.	0.	0.	0.	-9.055934	0.000509	-0.000224	0.	3480.181152	458.227203	6.2e-05	-17.280001	-55.139103	42.307358	4.617579	110.301521	-84.625992	0.463508	-0.3572	-2.540959	-8.592426	-0.356691	-2.541182	-9.055793	0.	0.	48	0	0	-583	0	0	-31250	3915	-12717	-15277745	-2238585	-33307246	-44917	7266	-104809
136.928	04:05:44.928	43.564362869	1.476015171	0.	-0.	-0.	-0.	1.	-0.	-0.	-0.	-0.	-8.	0.	0.	0.	-8.	0.	0.	39.999996	0.	0.	0.	0.	0.	0.	0.	0.	0.	0.	0.	-9.055934	0.000509	-0.000224	0.	3480.181152	458.227203	6.2e-05	-17.280001	-55.139103	42.307358	4.617579	110.301521	-84.625992	0.463508	-0.3572	-2.540959	-8.592426	-0.356691	-2.541182	-9.055793	0.	0.	48	0	0	-583	0	0	-29743	2888	-14582	-16753544	-3266469	-33793240	-46867	6930	-108898
137.178	04:05:45.178	43.564346827	1.475812627	0.	-0.	-0.	-0.	1.	-0.	-0.	-0.	-0.	-8.	0.	0.	0.	-8.	0.	0.	39.999996	0.	0.	0.	0.	0.	0.	0.	0.	0.	0.	0.	-9.055934	0.000509	-0.000224	0.	3480.181152	458.227203	6.2e-05	-17.280001	-55.139103	42.307358	4.617579	110.301521	-84.625992	0.463508	-0.3572	-2.540959	-8.592426	-0.356691	-2.541182	-9.055793	0.	0.	48	0	0	-583	0	0	-26405	4300	-12555	-18490144	-4123270	-34927060	-49018	6474	-113087
137.428	04:05:45.428	43.564328219	1.475603264	0.	-0.	-0.	-0.	1.	-0.	-0.	-0.	-0.	-8.	0.	0.	0.	-8.	0.	0.	39.999996	0.	0.	0.	0.	0.	0.	0.	0.	0.	0.	0.	-9.055934	0.000509	-0.000224	0.	3480.181152	458.227203	6.2e-05	-17.280001	-55.139103	42.307358	4.617579	110.301521	-84.625992	0.463508	-0.3572	-2.540959	-8.592426	-0.356691	-2.541182	-9.055793	0.	0.	48	0	0	-583	0	0	-19161	4621	-3673	-20033728	-4461587	-35892104	-51374	5945	-117417
137.678	04:05:45.678	43.564309152	1.475389404	0.	-0.	-0.	-0.	1.	-0.	-0.	-0.	-0.	-8.	0.	0.	0.	-8.	0.	0.	39.999996	0.	0.	0.	0.	0.	0.	0.	0.	0.	0.	0.	-9.055934	0.000509	-0.000224	0.	3480.181152	458.227203	6.2e-05	-17.280001	-55.139103	42.307358	4.617579	110.301521	-84.625992	0.463508	-0.3572	-2.540959	-8.592426	-0.356691	-2.541182	-9.055793	0.	0.	48	0	0	-583	0	0	-16615	4452	691	-21069462	-4465421	-36654412	-53884	5403	-121840
137.928	04:05:45.928	43.564288749	1.475168677	0.	-0.	-0.	-0.	1.	-0.	-0.	-0.	-0.	-8.	0.	0.	0.	-8.	0.	0.	39.999996	0.	0.	0.	0.	0.	0.	0.	0.	0.	0.	0.	-9.055934	0.000509	-0.000224	0.	3480.181152	458.227203	6.2e-05	-17.280001	-55.139103	42.307358	4.617579	110.301521	-84.625992	0.463508	-0.3572	-2.540959	-8.592426	-0.356691	-2.541182	-9.055793	0.	0.	48	0	0	-583	0	0	-6050	5330	9077	-22821596	-5106005	-38319808	-56547	4823	-126405
138.178	04:05:46.178	43.564265778	1.474938279	0.	-0.	-0.	-0.	1.	-0.	-0.	-0.	-0.	-8.	0.	0.	0.	-8.	0.	0.	39.999996	0.	0.	0.	0.	0.	0.	0.	0.	0.	0.	0.	-9.055934	0.000509	-0.000224	0.	3480.181152	458.227203	6.2e-05	-17.280001	-55.139103	42.307358	4.617579	110.301521	-84.625992	0.463508	-0.3572	-2.540959	-8.592426	-0.356691	-2.541182	-9.055793	0.	0.	48	0	0	-583	0	0	-3496	4973	11936	-24732304	-5576183	-39652544	-59453	4170	-131170
138.428	04:05:46.428	43.564240732	1.474700579	0.	-0.	-0.	-0.	1.	-0.	-0.	-0.	-0.	-8.	0.	0.	0.	-8.	0.	0.	39.999996	0.	0.	0.	0.	0.	0.	0.	0.	0.	0.	0.	-9.055934	0.000509	-0.000224	0.	3480.181152	458.227203	6.2e-05	-17.280001	-55.139103	42.307358	4.617579	110.301521	-84.625992	0.463508	-0.3572	-2.540959	-8.592426	-0.356691	-2.541182	-9.055793	0.	0.	48	0	0	-583	0	0	-2799	4076	10350	-26464706	-6114467	-40761620	-62577	3458	-136086
138.678	04:05:46.678	43.564214032	1.474456881	0.	-0.	-0.	-0.	1.	-0.	-0.	-0.	-0.	-8.	0.	0.	0.	-8.	0.	0.	39.999996	0.	0.	0.	0.	0.	0.	0.	0.	0.	0.	0.	-9.055934	0.000509	-0.000224	0.	3480.181152	458.227203	6.2e-05	-17.280001	-55.139103	42.307358	4.617579	110.301521	-84.625992	0.463508	-0.3572	-2.540959	-8.592426	-0.356691	-2.541182	-9.055793	0.	0.	48	0	0	-583	0	0	-3259	4587	9583	-28190700	-6342690	-41823552	-65911	2699	-141126
138.928	04:05:46.928	43.564185855	1.474206655	0.	-0.	-0.	-0.	1.	-0.	-0.	-0.	-0.	-8.	0.	0.	0.	-8.	0.	0.	39.999996	0.	0.	0.	0.	0.	0.	0.	0.	0.	0.	0.	-9.055934	0.000509	-0.000224	0.	3480.181152	458.227203	6.2e-05	-17.280001	-55.139103	42.307358	4.617579	110.301521	-84.625992	0.463508	-0.3572	-2.540959	-8.592426	-0.356691	-2.541182	-9.055793	0.	0.	48	0	0	-583	0	0	-2005	4789	9932	-29986638	-6770866	-42977584	-69462	1898	-146301
139.178	04:05:47.178	43.564156445	1.473948256	0.	-0.	-0.	-0.	1.	-0.	-0.	-0.	-0.	-8.	0.	0.	0.	-8.	0.	0.	39.999996	0.	0.	0.	0.	0.	0.	0.	0.	0.	0.	0.	-9.055934	0.000509	-0.000224	0.	3480.181152	458.227203	6.2e-05	-17.280001	-55.139103	42.307358	4.617579	110.301521	-84.625992	0.463508	-0.3572	-2.540959	-8.592426	-0.356691	-2.541182	-9.055793	0.	0.	48	0	0	-583	0	0	1065	4419	11524	-31595164	-6860358	-44625560	-73222	1062	-151645
139.428	04:05:47.428	43.564126859	1.473681297	0.	-0.	-0.	-0.	1.	-0.	-0.	-0.	-0.	-8.	0.	0.	0.	-8.	0.	0.	39.999996	0.	0.	0.	0.	0.	0.	0.	0.	0.	0.	0.	-9.055934	0.000509	-0.000224	0.	3480.181152	458.227203	6.2e-05	-17.280001	-55.139103	42.307358	4.617579	110.301521	-84.625992	0.463508	-0.3572	-2.540959	-8.592426	-0.356691	-2.541182	-9.055793	0.	0.	48	0	0	-583	0	0	1926	4487	13431	-32805508	-6939441	-45821732	-77155	221	-157166
139.678	04:05:47.678	43.564096498	1.473406359	0.	-0.	-0.	-0.	1.	-0.	-0.	-0.	-0.	-8.	0.	0.	0.	-8.	0.	0.	39.999996	0.	0.	0.	0.	0.	0.	0.	0.	0.	0.	0.	-9.055934	0.000509	-0.000224	0.	3480.181152	458.227203	6.2e-05	-17.280001	-55.139103	42.307358	4.617579	110.301521	-84.625992	0.463508	-0.3572	-2.540959	-8.592426	-0.356691	-2.541182	-9.055793	0.	0.	48	0	0	-583	0	0	452	4091	14084	-33981644	-7316418	-47301860	-81231	-642	-162852
139.928	04:05:47.928	43.564063710	1.473124650	0.	-0.	-0.	-0.	1.	-0.	-0.	-0.	-0.	-8.	0.	0.	0.	-8.	0.	0.	39.999996	0.	0.	0.	0.	0.	0.	0.	0.	0.	0.	0.	-9.055934	0.000509	-0.000224	0.	3480.181152	458.227203	6.2e-05	-17.280001	-55.139103	42.307358	4.617579	110.301521	-84.625992	0.463508	-0.3572	-2.540959	-8.592426	-0.356691	-2.541182	-9.055793	0.	0.	48	0	0	-583	0	0	-1235	3116	14691	-35113600	-8050201	-48060204	-85449	-1574	-168678
140.178	04:05:48.178	43.564026174	1.472839216	0.	-0.	-0.	-0.	1.	-0.	-0.	-0.	-0.	-8.	0.	0.	0.	-8.	0.	0.	39.999996	0.	0.	0.	0.	0.	0.	0.	0.	0.	0.	0.	-9.055934	0.000509	-0.000224	0.	3480.181152	458.227203	6.2e-05	-17.280001	-55.139103	42.307358	4.617579	110.301521	-84.625992	0.463508	-0.3572	-2.540959	-8.592426	-0.356691	-2.541182	-9.055793	0.	0.	48	0	0	-583	0	0	-3336	2817	13852	-36122932	-9551190	-48614692	-89797	-2641	-174581
140.428	04:05:48.428	43.563982343	1.472551510	0.	-0.	-0.	-0.	1.	-0.	-0.	-0.	-0.	-8.	0.	0.	0.	-8.	0.	0.	39.999996	0.	0.	0.	0.	0.	0.	0.	0.	0.	0.	0.	-9.055934	0.000509	-0.000224	0.	3480.181152	458.227203	6.2e-05	-17.280001	-55.139103	42.307358	4.617579	110.301521	-84.625992	0.463508	-0.3572	-2.540959	-8.592426	-0.356691	-2.541182	-9.055793	0.	0.	48	0	0	-583	0	0	-3477	1814	15440	-36799592	-10727696	-48828708	-94253	-3887	-180531
140.678	04:05:48.678	43.563934257	1.472263367	0.	-0.	-0.	-0.	1.	-0.	-0.	-0.	-0.	-8.	0.	0.	0.	-8.	0.	0.	39.999996	0.	0.	0.	0.	0.	0.	0.	0.	0.	0.	0.	-9.055934	0.000509	-0.000224	0.	3480.181152	458.227203	6.2e-05	-17.280001	-55.139103	42.307358	4.617579	110.301521	-84.625992	0.463508	-0.3572	-2.540959	-8.592426	-0.356691	-2.541182	-9.055793	0.	0.	48	0	0	-583	0	0	-5069	1086	16154	-36990000	-11638902	-48731152	-98760	-5254	-186490
140.928	04:05:48.928	43.563883850	1.471976626	0.	-0.	-0.	-0.	1.	-0.	-0.	-0.	-0.	-8.	0.	0.	0.	-8.	0.	0.	39.999996	0.	0.	0.	0.	0.	0.	0.	0.	0.	0.	0.	-9.055934	0.000509	-0.000224	0.	3480.181152	458.227203	6.2e-05	-17.280001	-55.139103	42.307358	4.617579	110.301521	-84.625992	0.463508	-0.3572	-2.540959	-8.592426	-0.356691	-2.541182	-9.055793	0.	0.	48	0	0	-583	0	0	-7035	387	16010	-37414424	-11811844	-48372844	-103301	-6687	-192420
141.178	04:05:49.178	43.563832879	1.471692398	0.	-0.	-0.	-0.	1.	-0.	-0.	-0.	-0.	-8.	0.	0.	0.	-8.	0.	0.	39.999996	0.	0.	0.	0.	0.	0.	0.	0.	0.	0.	0.	-9.055934	0.000509	-0.000224	0.	3480.181152	458.227203	6.2e-05	-17.280001	-55.139103	42.307358	4.617579	110.301521	-84.625992	0.463508	-0.3572	-2.540959	-8.592426	-0.356691	-2.541182	-9.055793	0.	0.	48	0	0	-583	0	0	-7753	626	16304	-37433712	-11837277	-47950020	-107872	-8136	-198298
141.428	04:05:49.428	43.563782541	1.471410199	0.	-0.	-0.	-0.	1.	-0.	-0.	-0.	-0.	-8.	0.	0.	0.	-8.	0.	0.	39.999996	0.	0.	0.	0.	0.	0.	0.	0.	0.	0.	0.	-9.055934	0.000509	-0.000224	0.	3480.181152	458.227203	6.2e-05	-17.280001	-55.139103	42.307358	4.617579	110.301521	-84.625992	0.463508	-0.3572	-2.540959	-8.592426	-0.356691	-2.541182	-9.055793	0.	0.	48	0	0	-583	0	0	-8430	587	15934	-37341380	-11665352	-47716784	-112437	-9567	-204134
141.678	04:05:49.678	43.563732482	1.471128966	0.	-0.	-0.	-0.	1.	-0.	-0.	-0.	-0.	-8.	0.	0.	0.	-8.	0.	0.	39.999996	0.	0.	0.	0.	0.	0.	0.	0.	0.	0.	0.	-9.055934	0.000509	-0.000224	0.	3480.181152	458.227203	6.2e-05	-17.280001	-55.139103	42.307358	4.617579	110.301521	-84.625992	0.463508	-0.3572	-2.540959	-8.592426	-0.356691	-2.541182	-9.055793	0.	0.	48	0	0	-583	0	0	-9400	688	15732	-37173708	-11643058	-47600992	-116986	-10990	-209950
141.928	04:05:49.928	43.563682845	1.470847974	0.	-0.	-0.	-0.	1.	-0.	-0.	-0.	-0.	-8.	0.	0.	0.	-8.	0.	0.	39.999996	0.	0.	0.	0.	0.	0.	0.	0.	0.	0.	0.	-9.055934	0.000509	-0.000224	0.	3480.181152	458.227203	6.2e-05	-17.280001	-55.139103	42.307358	4.617579	110.301521	-84.625992	0.463508	-0.3572	-2.540959	-8.592426	-0.356691	-2.541182	-9.055793	0.	0.	48	0	0	-583	0	0	-10620	801	15489	-37149856	-11481104	-47612648	-121522	-12401	-215761
142.178	04:05:50.178	43.563633558	1.470566546	0.	-0.	-0.	-0.	1.	-0.	-0.	-0.	-0.	-8.	0.	0.	0.	-8.	0.	0.	39.999996	0.	0.	0.	0.	0.	0.	0.	0.	0.	0.	0.	-9.055934	0.000509	-0.000224	0.	3480.181152	458.227203	6.2e-05	-17.280001	-55.139103	42.307358	4.617579	110.301521	-84.625992	0.463508	-0.3572	-2.540959	-8.592426	-0.356691	-2.541182	-9.055793	0.	0.	48	0	0	-583	0	0	-11393	-48	15421	-37143908	-11487023	-47877044	-126053	-13802	-221581
142.428	04:05:50.428	43.563584235	1.470281780	0.	-0.	-0.	-0.	1.	-0.	-0.	-0.	-0.	-8.	0.	0.	0.	-8.	0.	0.	39.999996	0.	0.	0.	0.	0.	0.	0.	0.	0.	0.	0.	-9.055934	0.000509	-0.000224	0.	3480.181152	458.227203	6.2e-05	-17.280001	-55.139103	42.307358	4.617579	110.301521	-84.625992	0.463508	-0.3572	-2.540959	-8.592426	-0.356691	-2.541182	-9.055793	0.	0.	48	0	0	-583	0	0	-11447	-451	15396	-37264908	-11496440	-48605332	-130591	-15204	-227470
142.678	04:05:50.678	43.563534700	1.469992855	0.	-0.	-0.	-0.	1.	-0.	-0.	-0.	-0.	-8.	0.	0.	0.	-8.	0.	0.	39.999996	0.	0.	0.	0.	0.	0.	0.	0.	0.	0.	0.	-9.055934	0.000509	-0.000224	0.	3480.181152	458.227203	6.2e-05	-17.280001	-55.139103	42.307358	4.617579	110.301521	-84.625992	0.463508	-0.3572	-2.540959	-8.592426	-0.356691	-2.541182	-9.055793	0.	0.	48	0	0	-583	0	0	-11446	-459	15383	-37468508	-11564487	-49295092	-135152	-16612	-233445
142.928	04:05:50.928	43.563484917	1.469699867	0.	-0.	-0.	-0.	1.	-0.	-0.	-0.	-0.	-8.	0.	0.	0.	-8.	0.	0.	39.999996	0.	0.	0.	0.	0.	0.	0.	0.	0.	0.	0.	-9.055934	0.000509	-0.000224	0.	3480.181152	458.227203	6.2e-05	-17.280001	-55.139103	42.307358	4.617579	110.301521	-84.625992	0.463508	-0.3572	-2.540959	-8.592426	-0.356691	-2.541182	-9.055793	0.	0.	48	0	0	-583	0	0	-11444	-466	15370	-37668036	-11634388	-49980644	-139738	-18027	-239504
143.178	04:05:51.178	43.563434781	1.469402816	0.	-0.	-0.	-0.	1.	-0.	-0.	-0.	-0.	-8.	0.	0.	0.	-8.	0.	0.	39.999996	0.	0.	0.	0.	0.	0.	0.	0.	0.	0.	0.	-9.055934	0.000509	-0.000224	0.	3480.181152	458.227203	6.2e-05	-17.280001	-55.139103	42.307358	4.617579	110.301521	-84.625992	0.463508	-0.3572	-2.540959	-8.592426	-0.356691	-2.541182	-9.055793	0.	0.	48	0	0	-583	0	0	-11442	-474	15357	-37866196	-11707366	-50664156	-144348	-19452	-245647
143.428	04:05:51.428	43.563384327	1.469101751	0.	-0.	-0.	-0.	1.	-0.	-0.	-0.	-0.	-8.	0.	0.	0.	-8.	0.	0.	39.999996	0.	0.	0.	0.	0.	0.	0.	0.	0.	0.	0.	-9.055934	0.000509	-0.000224	0.	3480.181152	458.227203	6.2e-05	-17.280001	-55.139103	42.307358	4.617579	110.301521	-84.625992	0.463508	-0.3572	-2.540959	-8.592426	-0.356691	-2.541182	-9.055793	0.	0.	48	0	0	-583	0	0	-11441	-482	15344	-38062772	-11783040	-51345456	-148983	-20886	-251873
143.678	04:05:51.678	43.563333555	1.468796670	0.	-0.	-0.	-0.	1.	-0.	-0.	-0.	-0.	-8.	0.	0.	0.	-8.	0.	0.	39.999996	0.	0.	0.	0.	0.	0.	0.	0.	0.	0.	0.	-9.055934	0.000509	-0.000224	0.	3480.181152	458.227203	6.2e-05	-17.280001	-55.139103	42.307358	4.617579	110.301521	-84.625992	0.463508	-0.3572	-2.540959	-8.592426	-0.356691	-2.541182	-9.055793	0.	0.	48	0	0	-583	0	0	-11439	-489	15331	-38257816	-11862024	-52024284	-153641	-22329	-258182
143.928	04:05:51.928	43.563282429	1.468487624	0.	-0.	-0.	-0.	1.	-0.	-0.	-0.	-0.	-8.	0.	0.	0.	-8.	0.	0.	39.999996	0.	0.	0.	0.	0.	0.	0.	0.	0.	0.	0.	-9.055934	0.000509	-0.000224	0.	3480.181152	458.227203	6.2e-05	-17.280001	-55.139103	42.307358	4.617579	110.301521	-84.625992	0.463508	-0.3572	-2.540959	-8.592426	-0.356691	-2.541182	-9.055793	0.	0.	48	0	0	-583	0	0	-11437	-497	15318	-38451120	-11943921	-52700572	-158323	-23782	-264573
144.178	04:05:52.178	43.563230951	1.468174563	0.	-0.	-0.	-0.	1.	-0.	-0.	-0.	-0.	-8.	0.	0.	0.	-8.	0.	0.	39.999996	0.	0.	0.	0.	0.	0.	0.	0.	0.	0.	0.	-9.055934	0.000509	-0.000224	0.	3480.181152	458.227203	6.2e-05	-17.280001	-55.139103	42.307358	4.617579	110.301521	-84.625992	0.463508	-0.3572	-2.540959	-8.592426	-0.356691	-2.541182	-9.055793	0.	0.	48	0	0	-583	0	0	-11435	-505	15305	-38643124	-12028866	-53374112	-163028	-25245	-271047
144.428	04:05:52.428	43.563179084	1.467857536	0.	-0.	-0.	-0.	1.	-0.	-0.	-0.	-0.	-8.	0.	0.	0.	-8.	0.	0.	39.999996	0.	0.	0.	0.	0.	0.	0.	0.	0.	0.	0.	-9.055934	0.000509	-0.000224	0.	3480.181152	458.227203	6.2e-05	-17.280001	-55.139103	42.307358	4.617579	110.301521	-84.625992	0.463508	-0.3572	-2.540959	-8.592426	-0.356691	-2.541182	-9.055793	0.	0.	48	0	0	-583	0	0	-11434	-513	15292	-38832192	-12115090	-54043280	-167757	-26719	-277603
144.678	04:05:52.678	43.563126899	1.467536494	0.	-0.	-0.	-0.	1.	-0.	-0.	-0.	-0.	-8.	0.	0.	0.	-8.	0.	0.	39.999996	0.	0.	0.	0.	0.	0.	0.	0.	0.	0.	0.	-9.055934	0.000509	-0.000224	0.	3480.181152	458.227203	6.2e-05	-17.280001	-55.139103	42.307358	4.617579	110.301521	-84.625992	0.463508	-0.3572	-2.540959	-8.592426	-0.356691	-2.541182	-9.055793	0.	0.	48	0	0	-583	0	0	-11362	-326	15669	-38864876	-12133877	-54813496	-172505	-28202	-284242
144.928	04:05:52.928	43.563075732	1.467210905	0.	-0.	-0.	-0.	1.	-0.	-0.	-0.	-0.	-8.	0.	0.	0.	-8.	0.	0.	39.999996	0.	0.	0.	0.	0.	0.	0.	0.	0.	0.	0.	-9.055934	0.000509	-0.000224	0.	3480.181152	458.227203	6.2e-05	-17.280001	-55.139103	42.307358	4.617579	110.301521	-84.625992	0.463508	-0.3572	-2.540959	-8.592426	-0.356691	-2.541182	-9.055793	0.	0.	48	0	0	-583	0	0	-11512	-295	19682	-39318576	-11582266	-55390836	-177264	-29656	-290975
145.178	04:05:53.178	43.563027130	1.466883767	0.	-0.	-0.	-0.	1.	-0.	-0.	-0.	-0.	-8.	0.	0.	0.	-8.	0.	0.	39.999996	0.	0.	0.	0.	0.	0.	0.	0.	0.	0.	0.	-9.055934	0.000509	-0.000224	0.	3480.181152	458.227203	6.2e-05	-17.280001	-55.139103	42.307358	4.617579	110.301521	-84.625992	0.463508	-0.3572	-2.540959	-8.592426	-0.356691	-2.541182	-9.055793	0.	0.	48	0	0	-583	0	0	-12599	945	25619	-40245464	-10973696	-55429104	-182126	-31037	-297740
145.428	04:05:53.428	43.562981305	1.466554207	0.	-0.	-0.	-0.	1.	-0.	-0.	-0.	-0.	-8.	0.	0.	0.	-8.	0.	0.	39.999996	0.	0.	0.	0.	0.	0.	0.	0.	0.	0.	0.	-9.055934	0.000509	-0.000224	0.	3480.181152	458.227203	6.2e-05	-17.280001	-55.139103	42.307358	4.617579	110.301521	-84.625992	0.463508	-0.3572	-2.540959	-8.592426	-0.356691	-2.541182	-9.055793	0.	0.	48	0	0	-583	0	0	-13898	1274	27380	-40273824	-10577941	-56217532	-187040	-32339	-304555
145.678	04:05:53.678	43.562936286	1.466220246	0.	-0.	-0.	-0.	1.	-0.	-0.	-0.	-0.	-8.	0.	0.	0.	-8.	0.	0.	39.999996	0.	0.	0.	0.	0.	0.	0.	0.	0.	0.	0.	-9.055934	0.000509	-0.000224	0.	3480.181152	458.227203	6.2e-05	-17.280001	-55.139103	42.307358	4.617579	110.301521	-84.625992	0.463508	-0.3572	-2.540959	-8.592426	-0.356691	-2.541182	-9.055793	0.	0.	48	0	0	-583	0	0	-15877	1965	26743	-40476972	-10402610	-56916784	-191969	-33618	-311461
145.928	04:05:53.928	43.562891687	1.465882270	0.	-0.	-0.	-0.	1.	-0.	-0.	-0.	-0.	-8.	0.	0.	0.	-8.	0.	0.	39.999996	0.	0.	0.	0.	0.	0.	0.	0.	0.	0.	0.	-9.055934	0.000509	-0.000224	0.	3480.181152	458.227203	6.2e-05	-17.280001	-55.139103	42.307358	4.617579	110.301521	-84.625992	0.463508	-0.3572	-2.540959	-8.592426	-0.356691	-2.541182	-9.055793	0.	0.	48	0	0	-583	0	0	-15794	1896	26996	-40630588	-10376687	-57582872	-196921	-34885	-318450
146.178	04:05:54.178	43.562847157	1.465540376	0.	-0.	-0.	-0.	1.	-0.	-0.	-0.	-0.	-8.	0.	0.	0.	-8.	0.	0.	39.999996	0.	0.	0.	0.	0.	0.	0.	0.	0.	0.	0.	-9.055934	0.000509	-0.000224	0.	3480.181152	458.227203	6.2e-05	-17.280001	-55.139103	42.307358	4.617579	110.301521	-84.625992	0.463508	-0.3572	-2.540959	-8.592426	-0.356691	-2.541182	-9.055793	0.	0.	48	0	0	-583	0	0	-15815	1890	26845	-40793048	-10333843	-58254172	-201890	-36150	-325520
146.428	04:05:54.428	43.562802872	1.465194563	0.	-0.	-0.	-0.	1.	-0.	-0.	-0.	-0.	-8.	0.	0.	0.	-8.	0.	0.	39.999996	0.	0.	0.	0.	0.	0.	0.	0.	0.	0.	0.	-9.055934	0.000509	-0.000224	0.	3480.181152	458.227203	6.2e-05	-17.280001	-55.139103	42.307358	4.617579	110.301521	-84.625992	0.463508	-0.3572	-2.540959	-8.592426	-0.356691	-2.541182	-9.055793	0.	0.	48	0	0	-583	0	0	-15819	1897	26842	-40950508	-10277198	-58914504	-206879	-37408	-332671
146.678	04:05:54.678	43.562758830	1.464844879	0.	-0.	-0.	-0.	1.	-0.	-0.	-0.	-0.	-8.	0.	0.	0.	-8.	0.	0.	39.999996	0.	0.	0.	0.	0.	0.	0.	0.	0.	0.	0.	-9.055934	0.000509	-0.000224	0.	3480.181152	458.227203	6.2e-05	-17.280001	-55.139103	42.307358	4.617579	110.301521	-84.625992	0.463508	-0.3572	-2.540959	-8.592426	-0.356691	-2.541182	-9.055793	0.	0.	48	0	0	-583	0	0	-15836	1917	26785	-41105988	-10214152	-59569772	-211888	-38659	-339902
146.928	04:05:54.928	43.562715138	1.464491278	0.	-0.	-0.	-0.	1.	-0.	-0.	-0.	-0.	-8.	0.	0.	0.	-8.	0.	0.	39.999996	0.	0.	0.	0.	0.	0.	0.	0.	0.	0.	0.	-9.055934	0.000509	-0.000224	0.	3480.181152	458.227203	6.2e-05	-17.280001	-55.139103	42.307358	4.617579	110.301521	-84.625992	0.463508	-0.3572	-2.540959	-8.592426	-0.356691	-2.541182	-9.055793	0.	0.	48	0	0	-583	0	0	-15842	1912	26703	-41272264	-10108756	-60229628	-216916	-39900	-347214
