Time,UTC,GPS_lat(deg),GPS_long(deg),/uav/STAB_ATTITUDE/u,/uav/STAB_ATTITUDE/angular_jerk_ref,/uav/STAB_ATTITUDE/angular_accel_ref,/uav/STAB_ATTITUDE/angular_accel,/uav/STAB_ATTITUDE/angular_rate_ref,/uav/STAB_ATTITUDE/angular_rate,/uav/STAB_ATTITUDE/att_ref,/uav/STAB_ATTITUDE/att,/uav/STAB_ATTITUDE/att_des,/uav/MFC_ACC2ATT/att_sp_psi,/uav/MFC_ACC2ATT/att_sp_theta,/uav/MFC_ACC2ATT/att_sp_phi,/uav/MFC_ACC2ATT/vhaty_cd,/uav/MFC_ACC2ATT/cosphid,/uav/MFC_ACC2ATT/theta_d,/uav/MFC_ACC2ATT/phi_d,/uav/MFC_ACC2ATT/vhaty,/uav/MFC_ACC2ATT/vhatx,/uav/MFC_ACC2ATT/u1,/uav/MFC_GUIDANCE/sp_traj_z,/uav/MFC_GUIDANCE/sp_traj_y,/uav/MFC_GUIDANCE/sp_traj_x,/uav/MFC_GUIDANCE/cmd_z,/uav/MFC_GUIDANCE/cmd_y,/uav/MFC_GUIDANCE/cmd_x,/uav/MFC_GUIDANCE/fk_z,/uav/MFC_GUIDANCE/fk_y,/uav/MFC_GUIDANCE/fk_x,/uav/MFC_GUIDANCE/err_z,/uav/MFC_GUIDANCE/err_y,/uav/MFC_GUIDANCE/err_x,/uav/MFC_GUIDANCE/me_z,/uav/MFC_GUIDANCE/me_y,/uav/MFC_GUIDANCE/me_x,/uav/MFC_GUIDANCE/sp_z,/uav/MFC_GUIDANCE/sp_y,/uav/MFC_GUIDANCE/sp_x,/uav/MFC_STAB/sp_traj_psi,/uav/MFC_STAB/sp_traj_theta,/uav/MFC_STAB/sp_traj_phi,/uav/MFC_STAB/u3,/uav/MFC_STAB/u2,/uav/MFC_STAB/u1,/uav/MFC_STAB/u0,/uav/MFC_STAB/cmd_psi,/uav/MFC_STAB/cmd_theta,/uav/MFC_STAB/cmd_phi,/uav/MFC_STAB/fk_psi,/uav/MFC_STAB/fk_theta,/uav/MFC_STAB/fk_phi,/uav/MFC_STAB/err_psi,/uav/MFC_STAB/err_theta,/uav/MFC_STAB/err_phi,/uav/MFC_STAB/me_psi,/uav/MFC_STAB/me_theta,/uav/MFC_STAB/me_phi,/uav/MFC_STAB/sp_psi,/uav/MFC_STAB/sp_theta,/uav/MFC_STAB/sp_phi,/uav/WLS_U/u,/uav/WLS_U/u_max,/uav/WLS_U/u_min,/uav/WLS_U/u_pref,/uav/WLS_U/Wu,/uav/WLS_U/loop,/uav/WLS_V/Wv,/uav/WLS_V/v,/uav/WLS_V/iter,/uav/WLS_V/gamma,/uav/WLS_V/loop,/uav/ROTORCRAFT_FP/flight_time,/uav/ROTORCRAFT_FP/thrust,/uav/ROTORCRAFT_FP/carrot_psi,/uav/ROTORCRAFT_FP/carrot_up,/uav/ROTORCRAFT_FP/carrot_north,/uav/ROTORCRAFT_FP/carrot_east,/uav/ROTORCRAFT_FP/psi,/uav/ROTORCRAFT_FP/theta,/uav/ROTORCRAFT_FP/phi,/uav/ROTORCRAFT_FP/vup,/uav/ROTORCRAFT_FP/vnorth,/uav/ROTORCRAFT_FP/veast,/uav/ROTORCRAFT_FP/up,/uav/ROTORCRAFT_FP/north,/uav/ROTORCRAFT_FP/east
32.992,05:35:14.993,43.564060164,1.482898185,0.,0.,"0.,0.,0.","0.507765,5.585935,0.399951","0.,0.,0.","1.606717,0.484017,-0.030665","-0.109425,0.033906,-4.427255","-0.161823,0.060411,-4.727175",0.,0.,-0.,-0.,-0.,1.,-0.,-0.,-0.,-0.,-7.848,0.,0.,0.,-7.848,0.,0.,49.049999,0.,0.,0.,0.,0.,0.,0.,0.,0.,0.,0.,-4.422339,0.00351,-0.020436,3789.487793,4497.755859,4354.904297,4357.837891,0.153964,-0.067148,-0.040507,-33.962566,20.58482,8.628723,-0.304854,0.058243,-0.14251,-4.727193,0.061752,-0.162947,-4.427255,0.033906,-0.109425,"4634.368164,4495.496094,4203.904297,3666.217773","9600.,9600.,9600.,9600.","0.,0.,0.,0.","0.,0.,0.,0.","1.,1.,1.,1.",stab,"1000.,1000.,1.,100.","-0.11819,-0.07493,0.161652,-9.52",1,10000.,stab,17,4336,0,758,0,0,-19347,338,-480,1095349,-635843,-417874,759,-897,-451
33.242,05:35:15.243,43.564058371,1.482897702,0.,0.,"0.,0.,0.","12.912541,-3.590524,0.449345","0.,0.,0.","-0.687464,-0.99647,0.084109","-0.128875,0.045583,-4.428339","-0.343878,0.131552,-4.744747",0.,0.,-0.,-0.,-0.,1.,-0.,-0.,-0.,-0.,-7.848,0.,0.,0.,-7.848,0.,0.,49.049999,0.,0.,0.,0.,0.,0.,0.,0.,0.,0.,0.,-4.429595,0.049655,-0.147038,4263.98584,5532.850586,3717.77124,3485.378418,0.224401,-0.14292,0.246919,-49.142513,40.226601,-67.419029,-0.316618,0.08473,-0.192208,-4.746214,0.134384,-0.339247,-4.428339,0.045583,-0.128875,"3734.812012,3631.73584,5176.571777,4456.866699","9600.,9600.,9600.,9600.","0.,0.,0.,0.","0.,0.,0.,0.","1.,1.,1.,1.",stab,"1000.,1000.,1.,100.","0.098326,-0.120014,0.211789,-9.52",1,10000.,stab,17,4251,0,816,0,0,-19386,315,-799,453610,-376934,-39921,817,-948,-461
33.492,05:35:15.493,43.564059320,1.482898185,0.,0.,"0.,0.,0.","-11.737585,8.768618,0.761203","0.,0.,0.","-0.131337,-0.758898,0.110853","0.009046,0.000392,-4.425336","0.013717,-0.003393,-4.703478",0.,0.,-0.,-0.,-0.,1.,-0.,-0.,-0.,-0.,-7.848,0.,0.,0.,-7.848,0.,0.,49.049999,0.,0.,0.,0.,0.,0.,0.,0.,0.,0.,0.,-4.426996,0.01842,-0.05202,3175.259766,3938.820068,4844.354492,5041.551758,0.208015,-0.053918,-0.263878,-45.885662,16.740128,75.516632,-0.276791,-0.016277,0.063503,-4.703787,0.002143,0.011482,-4.425336,0.000392,0.009046,"5113.426758,4386.103027,3875.922119,3624.533936","9600.,9600.,9600.,9600.","0.,0.,0.,0.","0.,0.,0.,0.","1.,1.,1.,1.",stab,"1000.,1000.,1.,100.","-0.27984,-0.02641,0.213181,-9.52",1,10000.,stab,17,4249,0,772,0,0,-19366,414,-1040,-310392,216654,71984,772,-921,-451
33.742,05:35:15.743,43.564060445,1.482898137,0.,0.,"0.,0.,0.","1.354065,-2.954096,0.115715","0.,0.,0.","-1.915883,0.236332,0.145188","0.00902,0.000795,-4.425276","0.029624,0.018399,-4.658852",0.,0.,-0.,-0.,-0.,1.,-0.,-0.,-0.,-0.,-7.848,0.,0.,0.,-7.848,0.,0.,49.049999,0.,0.,0.,0.,0.,0.,0.,0.,0.,0.,0.,-4.425557,0.002563,-0.000354,3328.354248,4278.085938,4736.498047,4657.047852,0.18842,-0.097978,-0.170133,-41.563335,28.993879,49.449661,-0.233709,0.017845,0.034608,-4.659266,0.020408,0.034253,-4.425288,0.000784,0.009021,"4469.368164,4267.508301,4485.34375,3777.766357","9600.,9600.,9600.,9600.","0.,0.,0.,0.","0.,0.,0.,0.","1.,1.,1.,1.",stab,"1000.,1000.,1.,100.","-0.154577,-0.091334,0.190767,-9.52",1,10000.,stab,18,4249,0,721,0,0,-19190,-26,149,-585636,283956,134723,721,-889,-452
33.992,05:35:15.993,43.564061394,1.482898185,0.,0.,"0.,0.,0.","-1.848612,1.610059,-0.53864","0.,0.,0.","-2.165051,-1.279126,0.150691","0.008435,-0.001627,-4.425027","-0.008201,0.016915,-4.614635",0.,0.,-0.,-0.,-0.,1.,-0.,-0.,-0.,-0.,-7.848,0.,0.,0.,-7.848,0.,0.,49.049999,0.,0.,0.,0.,0.,0.,0.,0.,0.,0.,0.,-4.425138,0.000706,0.007774,4758.369629,5340.963379,5483.119629,5789.530273,0.192474,-0.026293,-0.1117,-42.338253,7.546049,32.72842,-0.1899,0.015047,-0.012451,-4.615037,0.015753,-0.004677,-4.425027,-0.001627,0.008435,"5496.655273,5279.740234,5622.499023,4949.090332","9600.,9600.,9600.,9600.","0.,0.,0.,0.","0.,0.,0.,0.","1.,1.,1.,1.",stab,"1000.,1000.,1.,100.","-0.118929,-0.032466,0.190673,-11.954881",1,10000.,stab,18,4918,0,649,0,0,-18992,92,35,-705613,187411,177761,648,-862,-451
34.242,05:35:16.243,43.564059883,1.482898427,0.,0.,"0.,0.,0.","22.501587,-0.55487,-0.117854","0.,0.,0.","-0.082854,-1.362944,0.015266","0.008455,-0.001517,-4.424696","-0.063029,0.019295,-4.602228",0.,0.,-0.,-0.,-0.,1.,-0.,-0.,-0.,-0.,-7.848,0.,0.,0.,-7.848,0.,0.,49.049999,0.,0.,0.,0.,0.,0.,0.,0.,0.,0.,0.,-4.424762,0.000248,0.008676,4615.421387,5265.053711,5616.229004,5831.280762,0.187212,-0.041372,-0.149182,-41.296787,12.065585,43.848606,-0.177533,0.019132,-0.080563,-4.602294,0.01938,-0.071887,-4.424696,-0.001517,0.008455,"6098.135742,5839.563477,4997.747559,4392.538086","9600.,9600.,9600.,9600.","0.,0.,0.,0.","0.,0.,0.,0.","1.,1.,1.,1.",stab,"1000.,1000.,1.,100.","-0.166421,-0.037046,0.188232,-11.33664",1,10000.,stab,18,5327,0,746,0,0,-18891,89,-19,698676,-290774,204293,746,-905,-446
34.492,05:35:16.493,43.564062730,1.482898475,0.,0.,"0.,0.,0.","8.755177,-0.961095,-0.129438","0.,0.,0.","-1.115792,-1.601876,0.046264","0.008953,0.001356,-4.424471","-0.029238,0.027911,-4.595888",0.,0.,-0.,-0.,-0.,1.,-0.,-0.,-0.,-0.,-7.848,0.,0.,0.,-7.848,0.,0.,49.049999,0.,0.,0.,0.,0.,0.,0.,0.,0.,0.,0.,-4.424582,0.000776,0.008852,4208.710938,5223.54248,4828.065918,4831.666992,0.220491,-0.096269,-0.021656,-48.637814,28.308792,6.368041,-0.171283,0.027753,-0.033382,-4.595865,0.028529,-0.024531,-4.424471,0.001356,0.008953,"4787.493652,4550.967773,5265.35791,4488.166992","9600.,9600.,9600.,9600.","0.,0.,0.,0.","0.,0.,0.,0.","1.,1.,1.,1.",stab,"1000.,1000.,1.,100.","-0.022922,-0.058253,0.217875,-10.691521",1,10000.,stab,18,4848,0,498,0,0,-18840,58,189,-1033436,314457,190329,497,-824,-445
34.742,05:35:16.743,43.564062977,1.482899249,0.,0.,"0.,0.,0.","-2.616994,1.178816,-0.265022","0.,0.,0.","-2.074231,-1.431553,-0.015929","0.008957,0.001328,-4.424081","-0.010544,0.031465,-4.598618",0.,0.,-0.,-0.,-0.,1.,-0.,-0.,-0.,-0.,-7.848,0.,0.,0.,-7.848,0.,0.,49.049999,0.,0.,0.,0.,0.,0.,0.,0.,0.,0.,0.,-4.424516,0.001252,0.008936,4153.20459,5241.453613,5320.04541,5317.280273,0.235008,-0.103865,-0.118302,-53.482597,30.541756,34.793785,-0.17404,0.03117,-0.014595,-4.598557,0.032423,-0.005659,-4.424111,0.001332,0.008956,"5138.029785,4888.814453,5444.692871,4608.448242","9600.,9600.,9600.,9600.","0.,0.,0.,0.","0.,0.,0.,0.","1.,1.,1.,1.",stab,"1000.,1000.,1.,100.","-0.122069,-0.10155,0.235008,-11.244801",1,10000.,stab,19,4789,0,448,0,0,-18824,107,-83,-840112,131100,283410,447,-817,-429
34.992,05:35:16.993,43.564063434,1.482901521,0.,0.,"0.,0.,0.","-3.792817,0.413666,-0.186536","0.,0.,0.","-0.694837,0.131923,-0.147033","0.008973,0.001212,-4.423893","-0.014517,0.021453,-4.612553",0.,0.,-0.,-0.,-0.,1.,-0.,-0.,-0.,-0.,-7.848,0.,0.,0.,-7.848,0.,0.,49.049999,0.,0.,0.,0.,0.,0.,0.,0.,0.,0.,0.,-4.423982,0.001291,0.008958,5052.000977,5889.137207,5185.259766,5433.586426,0.235008,-0.056055,0.030682,-53.499046,16.483809,-9.02419,-0.188036,0.018317,-0.029459,-4.612018,0.019609,-0.020501,-4.423893,0.001212,0.008973,"5717.162109,5691.498535,5605.578125,4545.745605","9600.,9600.,9600.,9600.","0.,0.,0.,0.","0.,0.,0.,0.","1.,1.,1.,1.",stab,"1000.,1000.,1.,100.","0.008684,-0.064387,0.235008,-12.073601",1,10000.,stab,19,5056,0,345,0,0,-18850,136,-92,-828390,100559,473608,344,-804,-382
35.242,05:35:17.243,43.564063926,1.482904906,0.,0.,"0.,0.,0.","0.025018,1.378808,-0.460222","0.,0.,0.","1.045994,0.199198,-0.198893","0.008394,-0.001827,-4.423646","0.006174,0.024481,-4.639486",0.,0.,-0.,-0.,-0.,1.,-0.,-0.,-0.,-0.,-7.848,0.,0.,0.,-7.848,0.,0.,49.049999,0.,0.,0.,0.,0.,0.,0.,0.,0.,0.,0.,-4.423934,0.00097,0.00895,4036.565186,5108.488281,6448.548828,5966.382324,0.127681,-0.147949,-0.311292,-28.16502,43.362816,91.522385,-0.214785,0.025279,-0.002506,-4.638719,0.026249,0.006444,-4.423646,-0.001827,0.008394,"5933.608887,5972.14209,5275.567383,4378.666504","9600.,9600.,9600.,9600.","0.,0.,0.,0.","0.,0.,0.,0.","1.,1.,1.,1.",stab,"1000.,1000.,1.,100.","-0.183927,-0.129823,0.204537,-12.073601",1,10000.,stab,19,5379,0,251,0,0,-18948,104,-65,-674036,124849,674398,251,-790,-312
35.492,05:35:17.493,43.564062660,1.482900796,0.,0.,"0.,0.,0.","2.806671,-2.513736,-0.222802","0.,0.,0.","1.038792,0.683312,-0.308803","0.009035,0.000594,-4.423306","-0.031097,0.02733,-4.681269",0.,0.,-0.,-0.,-0.,1.,-0.,-0.,-0.,-0.,-7.848,0.,0.,0.,-7.848,0.,0.,49.049999,0.,0.,0.,0.,0.,0.,0.,0.,0.,0.,0.,-4.423512,2e-06,0.008806,4660.765137,5555.373535,5576.50293,5767.343262,0.235008,-0.066999,-0.107358,-53.924232,19.706934,31.578394,-0.256406,0.025076,-0.040349,-4.679919,0.025078,-0.031542,-4.423306,0.000594,0.009035,"5615.060547,5725.758789,5707.651367,4511.513672","9600.,9600.,9600.,9600.","0.,0.,0.,0.","0.,0.,0.,0.","1.,1.,1.,1.",stab,"1000.,1000.,1.,100.","-0.096556,-0.068719,0.235008,-12.073601",1,10000.,stab,19,5389,0,372,0,0,-19046,66,-133,-35493,-80064,301179,372,-826,-397
35.742,05:35:17.743,43.564061922,1.482903455,0.,0.,"0.,0.,0.","-0.799969,-1.569159,1.655295","0.,0.,0.","-0.454957,-0.16547,-0.436503","0.00905,-0.000301,-4.422979","-0.051307,0.009286,-4.77972",0.,0.,-0.,-0.,-0.,1.,-0.,-0.,-0.,-0.,-7.848,-1.158564,0.,0.,-5.576271,0.,0.,44.495758,0.,0.,0.072979,0.,0.,-1.085585,0.,0.,-1.152344,0.,0.,-4.423028,4e-06,0.008933,1998.741943,2786.720703,2154.513428,2452.016846,0.235008,-0.046693,0.017034,-53.402573,13.761956,-4.996833,-0.35498,0.009988,-0.058618,-4.778008,0.009992,-0.049685,-4.422979,-0.000301,0.00905,"2779.064209,2487.389404,3137.72583,2343.812012","9600.,9600.,9600.,9600.","0.,0.,0.,0.","0.,0.,0.,0.","1.,1.,1.,1.",stab,"1000.,1000.,1.,100.","0.022682,-0.043825,0.235008,-6.53184",1,10000.,stab,20,5317,0,312,0,0,-19317,91,-37,-306440,-174250,577331,311,-847,-342
35.992,05:35:17.993,43.564061148,1.482907565,0.,0.,"0.,0.,0.","1.930803,-0.701338,0.417531","0.,0.,0.","0.984264,0.717333,-0.453591","0.008964,-0.001282,-4.422654","-0.003554,0.060633,-4.887328",0.,0.,-0.,-0.,-0.,1.,-0.,-0.,-0.,-0.,-7.848,-1.096985,0.,0.,-20.55197,0.,0.,131.100922,0.,0.,0.150145,0.,0.,-0.94684,0.,0.,-1.09375,0.,0.,-4.42278,-0.000795,0.008894,7391.677734,9600.,9600.,9600.,0.235008,-0.223062,-0.212961,-55.125217,65.676178,62.669518,-0.462543,0.058779,-0.015635,-4.885323,0.057984,-0.006741,-4.422665,-0.001246,0.008969,"9600.,9600.,9600.,7427.219727","9600.,9600.,9600.,9600.","0.,0.,0.,0.","0.,0.,0.,0.","1.,1.,1.,1.",stab,"1000.,1000.,1.,100.","-0.199517,-0.228055,0.235008,-20.731201",3,10000.,stab,20,5479,0,312,0,0,-19730,-50,-338,-1019753,-165006,811537,228,-869,-257
36.242,05:35:18.243,43.564061184,1.482908242,0.,0.,"0.,0.,0.","1.330972,0.051796,0.754833","0.,0.,0.","-0.391433,-0.266709,-0.644911","0.00874,-0.002369,-4.422339","0.040685,0.041685,-5.01351",0.,0.,-0.,-0.,-0.,1.,-0.,-0.,-0.,-0.,-7.848,-1.082031,0.,0.,-2.586943,0.,0.,13.686745,0.,0.,0.056559,0.,0.,-1.025472,0.,0.,-1.082031,0.,0.,-4.422516,-0.001616,0.008851,137.054199,1154.936035,1678.124756,1745.880127,0.235008,-0.090452,-0.202968,-57.025047,26.59594,59.691772,-0.588341,0.04587,0.033532,-5.010857,0.044253,0.042383,-4.422339,-0.002369,0.00874,"1569.662109,1346.542725,1233.120117,370.671875","9600.,9600.,9600.,9600.","0.,0.,0.,0.","0.,0.,0.,0.","1.,1.,1.,1.",stab,"1000.,1000.,1.,100.","-0.147371,-0.065318,0.235008,-2.48416",1,10000.,stab,20,8284,0,312,0,0,-20227,378,161,392410,-66836,556042,248,-868,-243
36.492,05:35:18.493,43.564060691,1.482909305,0.,0.,"0.,0.,0.","3.259271,4.618138,-1.140758","0.,0.,0.","-0.680584,-0.262458,-0.32756","0.008377,-0.003439,-4.422013","-0.073019,-0.065986,-5.135833",0.,0.,-0.,-0.,-0.,1.,-0.,-0.,-0.,-0.,-7.848,-1.093362,0.,0.,-13.262073,0.,0.,89.573792,0.,0.,-0.026283,0.,0.,-1.119644,0.,0.,-1.09375,0.,0.,-4.422158,-0.002854,0.008469,5792.20752,6346.753418,5437.069824,5967.950195,0.235008,-0.002253,0.069871,-58.78257,0.66514,-20.550819,-0.712293,-0.062218,-0.079699,-5.134451,-0.065072,-0.071231,-4.422013,-0.003439,0.008377,"6068.259766,5482.973145,6380.427734,5880.322266","9600.,9600.,9600.,9600.","0.,0.,0.,0.","0.,0.,0.,0.","1.,1.,1.,1.",stab,"1000.,1000.,1.,100.","0.061655,0.009206,0.235008,-13.41088",1,10000.,stab,20,1752,0,312,0,0,-20766,-74,10,42177,-104255,549758,275,-882,-221
36.742,05:35:18.743,43.564059988,1.482911771,0.,0.,"0.,0.,0.","1.263201,-9.066314,-2.091825","0.,0.,0.","3.11402,1.15889,-0.596729","0.007898,-0.004429,-4.421685","-0.046795,0.031876,-5.257137",0.,0.,-0.,-0.,-0.,1.,-0.,-0.,-0.,-0.,-7.848,-1.113556,0.,0.,-11.223259,0.,0.,76.810509,0.,0.,0.003887,0.,0.,-1.109669,0.,0.,-1.117188,0.,0.,-4.421974,0.009869,0.004755,3863.850342,5110.482422,5025.372559,4864.279297,0.235008,-0.134016,-0.087138,-63.031948,39.282455,25.673056,-0.832597,0.02023,-0.057491,-5.254571,0.0301,-0.052736,-4.421685,-0.004429,0.007898,"5501.774902,5846.131836,5364.962402,3935.115967","9600.,9600.,9600.,9600.","0.,0.,0.,0.","0.,0.,0.,0.","1.,1.,1.,1.",stab,"1000.,1000.,1.,100.","-0.039147,-0.130275,0.235008,-11.695041",1,10000.,stab,21,6558,0,312,0,0,-21243,-131,-293,-230613,-26596,622012,270,-902,-170
36.992,05:35:18.993,43.564060164,1.482911675,0.,0.,"0.,0.,0.","-2.291858,0.37235,1.334324","0.,0.,0.","-1.133325,-0.582408,-0.559418","0.007251,-0.005423,-4.421392","-0.02076,-0.023496,-5.386418",0.,0.,-0.,-0.,-0.,1.,-0.,-0.,-0.,-0.,-7.848,-1.136994,0.,0.,-6.076188,0.,0.,40.693203,0.,0.,0.091969,0.,0.,-1.045026,0.,0.,-1.140625,0.,0.,-4.421546,-0.001981,0.007037,2543.6604,2986.61499,1831.570312,2474.146484,0.235008,0.019004,0.116578,-54.330261,-5.443409,-34.32457,-0.962905,-0.019546,-0.02315,-5.384451,-0.021527,-0.016113,-4.421392,-0.005397,0.007271,"2857.219971,2225.324219,3409.62207,2955.824219","9600.,9600.,9600.,9600.","0.,0.,0.,0.","0.,0.,0.,0.","1.,1.,1.,1.",stab,"1000.,1000.,1.,100.","0.122054,0.02004,0.235008,-6.61024",1,10000.,stab,21,4507,0,312,0,0,-21785,109,74,272266,128878,342808,301,-897,-172
37.242,05:35:19.243,43.564059039,1.482916654,0.,0.,"0.,0.,0.","-9.237766,-5.677223,0.787973","0.,0.,0.","-0.094467,1.088591,-0.357413","-0.030097,0.029341,-4.421508","-0.072461,0.089977,-5.476679",0.,0.,-0.,-0.,-0.,1.,-0.,-0.,-0.,-0.,-7.848,-1.159375,0.,0.,-19.649553,0.,0.,126.882324,0.,0.,0.223904,0.,0.,-0.93547,0.,0.,-1.160156,0.,0.,-4.422681,0.045783,-0.029761,7489.806641,9564.476562,9539.487305,8550.205078,0.235008,-0.291688,-0.098571,-56.452236,84.278229,30.021029,-1.052356,0.040572,-0.042368,-5.475038,0.086355,-0.07213,-4.421507,0.029341,-0.030097,"8456.089844,9374.839844,9600.,7617.043457","9600.,9600.,9600.,9600.","0.,0.,0.,0.","0.,0.,0.,0.","1.,1.,1.,1.",stab,"1000.,1000.,1.,100.","-0.107007,-0.282227,0.235008,-19.608961",1,10000.,stab,21,4569,0,312,0,0,-22227,-236,-422,-577061,10220,782295,242,-929,-69
37.492,05:35:19.493,43.564058617,1.482915349,0.,0.,"0.,0.,0.","-7.13715,-0.354648,0.923455","0.,0.,0.","-1.633739,-2.896148,-0.209906","-0.04461,-0.029281,-4.420082","-0.03339,-0.028112,-5.538104",0.,0.,-0.,-0.,-0.,1.,-0.,-0.,-0.,-0.,-7.848,-1.176165,0.,0.,-9.37315,0.,0.,60.367336,0.,0.,0.353652,0.,0.,-0.822513,0.,0.,-1.179688,0.,0.,-4.421199,0.003395,-0.031218,3817.405762,4043.703369,3497.82251,4357.057617,0.235008,0.060256,0.000593,-54.483894,-17.789536,0.086815,-1.115868,-0.027767,0.002128,-5.537067,-0.024372,-0.02909,-4.420083,-0.029281,-0.04461,"4692.023438,3721.872803,4528.722656,4413.367188","9600.,9600.,9600.,9600.","0.,0.,0.,0.","0.,0.,0.,0.","1.,1.,1.,1.",stab,"1000.,1000.,1.,100.","0.03099,0.126686,0.235008,-9.923201",1,10000.,stab,21,5896,0,312,0,0,-22488,373,-96,-12222,-67906,469343,243,-941,-96
37.742,05:35:19.743,43.564057211,1.482919749,0.,0.,"0.,0.,0.","0.220597,2.573386,-0.841081","0.,0.,0.","0.037474,0.519623,-0.431777","-0.062988,-0.031719,-4.419406","-0.04974,-0.050884,-5.622015",0.,0.,-0.,-0.,-0.,1.,-0.,-0.,-0.,-0.,-7.848,-1.19125,0.,0.,-18.590118,0.,0.,113.673256,0.,0.,0.451326,0.,0.,-0.739924,0.,0.,-1.191406,0.,0.,-4.419957,-0.024762,-0.050609,7355.679688,8509.134766,8781.612305,8713.544922,0.235008,-0.116289,-0.155209,-60.02002,34.591,45.821926,-1.200501,-0.0273,-0.000909,-5.620458,-0.052062,-0.051518,-4.419406,-0.031719,-0.062988,"8615.554688,8668.560547,8443.121094,7304.738281","9600.,9600.,9600.,9600.","0.,0.,0.,0.","0.,0.,0.,0.","1.,1.,1.,1.",stab,"1000.,1000.,1.,100.","-0.170842,-0.113736,0.235008,-18.408321",1,10000.,stab,22,6636,0,312,0,0,-22812,-292,-347,-290375,-149579,776872,186,-981,-5
37.992,05:35:19.993,43.564057351,1.482919459,0.,0.,"0.,0.,0.","-5.100131,-1.594506,1.089051","0.,0.,0.","0.194417,0.130008,-0.295895","0.016875,-0.003306,-4.420103","-0.005244,-0.020518,-5.721733",0.,0.,-0.,-0.,-0.,1.,-0.,-0.,-0.,-0.,-7.848,-1.201159,0.,0.,-4.935278,0.,0.,29.074675,0.,0.,0.161765,0.,0.,-1.039393,0.,0.,-1.203125,0.,0.,-4.419626,-0.025071,-0.049198,1565.538818,2394.428711,2437.632324,2694.392822,0.235008,-0.054467,-0.11158,-54.774464,16.688324,35.191566,-1.301053,0.006396,0.04248,-5.720679,-0.018675,-0.006718,-4.420103,-0.003306,0.016875,"2586.05835,2161.766602,2206.611084,1545.557129","9600.,9600.,9600.,9600.","0.,0.,0.,0.","0.,0.,0.,0.","1.,1.,1.,1.",stab,"1000.,1000.,1.,100.","-0.106645,-0.043454,0.235008,-4.58976",1,10000.,stab,22,7277,0,312,0,0,-23216,-87,-317,652286,229473,159247,213,-977,-11
38.242,05:35:20.243,43.564058582,1.482919942,0.,0.,"0.,0.,0.","-3.874637,3.023904,1.654573","0.,0.,0.","-0.027383,-0.677794,-0.108578","0.005371,-0.006714,-4.419762","0.019328,-0.050915,-5.779761",0.,0.,-0.,-0.,-0.,1.,-0.,-0.,-0.,-0.,-7.848,-1.207031,0.,0.,-13.118326,0.,0.,83.868065,0.,0.,-0.070347,0.,0.,-1.277378,0.,0.,-1.207031,0.,0.,-4.419865,-0.007842,0.005645,5391.5,6136.572266,5739.760742,6080.150879,0.235008,-0.038526,-0.027783,-56.007599,11.075212,7.300364,-1.359572,-0.041967,0.013759,-5.779437,-0.049809,0.019404,-4.419777,-0.00759,0.005565,"6264.542969,5731.862305,6028.139648,5475.437988","9600.,9600.,9600.,9600.","0.,0.,0.,0.","0.,0.,0.,0.","1.,1.,1.,1.",stab,"1000.,1000.,1.,100.","-0.036639,-0.006727,0.235008,-13.20256",1,10000.,stab,22,1517,0,312,0,0,-23543,-161,77,280399,399744,179361,292,-942,-1
38.492,05:35:20.493,43.564059566,1.482919894,0.,0.,"0.,0.,0.","-5.400434,-5.618513,0.524666","0.,0.,0.","-0.224626,-0.319908,-0.000667","-0.017991,0.007445,-4.419493","0.034514,0.032822,-5.80992",0.,0.,-0.,-0.,-0.,1.,-0.,-0.,-0.,-0.,-7.848,-1.214573,0.,0.,-9.897857,0.,0.,67.03492,0.,0.,0.024962,0.,0.,-1.189611,0.,0.,-1.214844,0.,0.,-4.419632,-0.00467,-0.001009,3566.13501,4620.897461,4673.090332,4703.862305,0.235008,-0.097484,-0.11328,-57.697079,28.920752,33.412556,-1.390341,0.036134,0.034788,-5.809973,0.031464,0.033779,-4.419493,0.007445,-0.017991,"4774.369629,4800.351074,4662.399902,3550.865234","9600.,9600.,9600.,9600.","0.,0.,0.,0.","0.,0.,0.,0.","1.,1.,1.,1.",stab,"1000.,1000.,1.,100.","-0.11253,-0.07466,0.235008,-10.03744",1,10000.,stab,22,4867,0,312,0,0,-23743,-57,42,-37609,416600,151280,331,-914,-2
38.742,05:35:20.743,43.564060375,1.482920087,0.,0.,"0.,0.,0.","1.849025,-0.953704,-0.497051","0.,0.,0.","-1.119764,0.019477,-0.034365","-0.032747,0.02073,-4.419436","0.003126,0.07028,-5.821574",0.,0.,-0.,-0.,-0.,1.,-0.,-0.,-0.,-0.,-7.848,-1.214843,0.,0.,-16.540462,0.,0.,101.750816,0.,0.,0.08016,0.,0.,-1.134683,0.,0.,-1.214844,0.,0.,-4.419552,0.012929,-0.018534,6415.725586,7704.608398,7841.543945,7638.098633,0.235008,-0.14207,-0.129406,-58.095184,41.635742,37.974045,-1.401875,0.056369,0.020751,-5.821427,0.069298,0.002217,-4.419436,0.02073,-0.032747,"7574.603027,7777.948242,7698.158203,6409.268066","9600.,9600.,9600.,9600.","0.,0.,0.,0.","0.,0.,0.,0.","1.,1.,1.,1.",stab,"1000.,1000.,1.,100.","-0.196889,-0.152884,0.235008,-16.457281",1,10000.,stab,23,4285,0,312,0,0,-23841,150,-38,-254483,417030,136023,302,-891,2
38.992,05:35:20.993,43.564057808,1.482919120,0.,0.,"0.,0.,0.","-1.8543,-3.41627,1.350321","0.,0.,0.","0.504855,-0.116811,-0.261865","-0.044692,0.044511,-4.41976","-0.066873,0.04527,-5.859346",0.,0.,-0.,-0.,-0.,1.,-0.,-0.,-0.,-0.,-7.848,-1.21875,0.,0.,-21.504,0.,0.,161.275406,0.,0.,0.772069,0.,0.,-0.44668,0.,0.,-1.21875,0.,0.,-4.419552,0.021989,-0.04079,9600.,9600.,8889.742188,9359.119141,0.235008,0.044685,0.121879,-56.028927,-12.531589,-35.247917,-1.438782,0.020996,-0.029027,-5.858334,0.042985,-0.069817,-4.41976,0.044511,-0.044692,"9550.759766,9600.,9600.,9242.62207","9600.,9600.,9600.,9600.","0.,0.,0.,0.","0.,0.,0.,0.","1.,1.,1.,1.",stab,"1000.,1000.,1.,100.","0.134308,0.033752,0.235008,-21.504",3,10000.,stab,23,2802,0,312,0,0,-23834,326,101,-741330,-343427,-73957,183,-964,-18
39.242,05:35:21.243,43.564061324,1.482920619,0.,0.,"0.,0.,0.","-14.891148,-8.65195,0.54796","0.,0.,0.","-1.106353,-1.275607,-0.282961","-0.053617,0.047159,-4.419699","0.042497,0.11115,-5.936255",0.,0.,-0.,-0.,-0.,1.,-0.,-0.,-0.,-0.,-7.848,-1.21875,0.,0.,-7.36453,0.,0.,42.044678,0.,0.,0.16293,0.,0.,-1.05582,0.,0.,-1.21875,0.,0.,-4.419552,0.043969,-0.047818,2457.192383,3708.30249,3656.043701,3490.449951,0.235008,-0.13487,-0.093391,-59.697113,39.406021,27.614197,-1.515622,0.068181,0.087749,-5.935174,0.11215,0.039931,-4.419711,0.047006,-0.053751,"3664.71875,3661.773926,3364.026123,2281.47168","9600.,9600.,9600.,9600.","0.,0.,0.,0.","0.,0.,0.,0.","1.,1.,1.,1.",stab,"1000.,1000.,1.,100.","-0.09987,-0.118939,0.235008,-7.18144",1,10000.,stab,23,6816,0,312,0,0,-24115,218,-201,484696,568562,163751,259,-864,13
39.492,05:35:21.493,43.564063047,1.482921344,0.,0.,"0.,0.,0.","2.00206,2.444834,1.624003","0.,0.,0.","-0.495681,-0.615052,-0.355515","-0.049672,0.05794,-4.419545","-0.103344,-0.00812,-6.013061",0.,0.,-0.,-0.,-0.,1.,-0.,-0.,-0.,-0.,-7.848,-1.21875,0.,0.,-10.48901,0.,0.,80.40004,0.,0.,0.489734,0.,0.,-0.729016,0.,0.,-1.21875,0.,0.,-4.419552,0.049717,-0.050352,4513.226074,4816.310059,4006.031494,4788.41748,0.235008,0.04563,0.05094,-57.107742,-13.185773,-15.055096,-1.5922,-0.055863,-0.051293,-6.011752,-0.006146,-0.101645,-4.419534,0.056841,-0.049828,"5123.580078,4311.634766,5087.137695,4813.632324","9600.,9600.,9600.,9600.","0.,0.,0.,0.","0.,0.,0.,0.","1.,1.,1.,1.",stab,"1000.,1000.,1.,100.","0.03771,0.052675,0.235008,-11.17312",1,10000.,stab,23,3233,0,312,0,0,-24411,301,-79,-89530,392173,150279,241,-815,28
39.742,05:35:21.743,43.564063961,1.482921199,0.,0.,"0.,0.,0.","0.11149,-5.061716,2.035469","0.,0.,0.","1.397992,0.391617,-0.321306","-0.061932,0.058595,-4.4196","0.007565,0.08926,-6.108852",0.,0.,-0.,-0.,-0.,1.,-0.,-0.,-0.,-0.,-7.848,-1.21875,0.,0.,-21.504,0.,0.,139.974823,0.,0.,0.653295,0.,0.,-0.565454,0.,0.,-1.21875,0.,0.,-4.419552,0.056101,-0.054528,7507.398926,9471.208008,9600.,9600.,0.235008,-0.186955,-0.284651,-58.198521,54.93454,83.767426,-1.687969,0.031221,0.058808,-6.107521,0.087322,0.004281,-4.4196,0.058595,-0.061932,"9600.,9600.,9444.585938,7517.818359","9600.,9600.,9600.,9600.","0.,0.,0.,0.","0.,0.,0.,0.","1.,1.,1.,1.",stab,"1000.,1000.,1.,100.","-0.270965,-0.187434,0.235008,-21.504",3,10000.,stab,24,6388,0,312,0,0,-24790,-35,-386,-908674,378915,14537,152,-789,25
39.992,05:35:21.993,43.564064383,1.482920426,0.,0.,"0.,0.,0.","0.336766,3.98471,-0.201583","0.,0.,0.","-2.160272,0.077359,-0.397257","-0.062965,0.072061,-4.419725","-0.008446,0.07437,-6.208862",0.,0.,-0.,-0.,-0.,1.,-0.,-0.,-0.,-0.,-7.848,-1.21875,0.,0.,-19.514141,0.,0.,125.113014,0.,0.,0.848768,0.,0.,-0.369982,0.,0.,-1.21875,0.,0.,-4.419552,0.06252,-0.061175,8048.081055,9085.613281,8767.201172,8815.076172,0.235008,-0.094215,-0.042705,-61.534046,27.785854,12.514709,-1.787832,0.011801,0.054712,-6.207384,0.074321,-0.006463,-4.419725,0.072061,-0.062965,"8854.949219,8785.554688,9167.669922,8151.79834","9600.,9600.,9600.,9600.","0.,0.,0.,0.","0.,0.,0.,0.","1.,1.,1.,1.",stab,"1000.,1000.,1.,100.","-0.115641,-0.091819,0.235008,-19.647041",1,10000.,stab,24,5978,0,312,0,0,-25195,396,219,-66445,239289,-106294,112,-777,9
40.242,05:35:22.243,43.564064945,1.482919410,0.,0.,"0.,0.,0.","-4.744323,-3.817432,0.359565","0.,0.,0.","2.876805,0.975279,-0.377155","-0.032989,0.073996,-4.418347","-0.01948,0.09013,-6.314117",0.,0.,-0.,-0.,-0.,1.,-0.,-0.,-0.,-0.,-7.848,-1.21875,0.,0.,-10.090437,0.,0.,57.835361,0.,0.,0.568476,0.,0.,-0.650274,0.,0.,-1.21875,0.,0.,-4.419518,0.071184,-0.059776,3972.611328,4850.054199,4600.629395,4808.69043,0.235008,-0.063725,-0.05585,-59.349503,18.446535,18.424957,-1.893027,0.018574,0.035838,-6.312545,0.089758,-0.023938,-4.418347,0.073996,-0.032989,"4980.011719,4970.782227,4458.719238,3382.472168","9600.,9600.,9600.,9600.","0.,0.,0.,0.","0.,0.,0.,0.","1.,1.,1.,1.",stab,"1000.,1000.,1.,100.","0.018458,-0.047366,0.235008,-9.83136",1,10000.,stab,24,8312,0,312,0,0,-25610,375,-85,509046,197448,-156103,112,-761,-12
40.492,05:35:22.493,43.564065191,1.482918298,0.,0.,"0.,0.,0.","2.575446,-5.885184,2.102725","0.,0.,0.","0.311955,-1.181028,-0.090483","0.043624,-0.027582,-4.417397","-0.007052,-0.026563,-6.384587",0.,0.,-0.,-0.,-0.,1.,-0.,-0.,-0.,-0.,-7.848,-1.21875,0.,0.,1.81166,0.,0.,-6.360802,0.,0.,0.387265,0.,0.,-0.831485,0.,0.,-1.21875,0.,0.,-4.417945,0.027275,-0.006577,9.6e-05,0.,78.259285,184.310822,0.235008,0.010096,-0.033646,-61.066658,-1.956175,8.840816,-1.966582,-0.049304,-0.000968,-6.384527,-0.02203,-0.007545,-4.417389,-0.027161,0.04284,"268.405151,0.,0.,1.8e-05","9600.,9600.,9600.,9600.","0.,0.,0.,0.","0.,0.,0.,0.","1.,1.,1.,1.",stab,"1000.,1000.,1.,100.","-0.032703,0.028345,0.235008,0.",4,10000.,stab,24,3438,0,312,0,0,-26019,245,-147,801647,172863,-166376,213,-754,-35
40.742,05:35:22.743,43.564065227,1.482917476,0.,0.,"0.,0.,0.","-6.742865,6.788433,0.485539","0.,0.,0.","-1.794312,0.631868,-0.226203","-0.018346,-0.038113,-4.416126","0.00401,-0.109662,-6.436836",0.,0.,-0.,-0.,-0.,1.,-0.,-0.,-0.,-0.,-7.848,-1.21875,0.,0.,7.848001,0.,0.,-697.023621,0.,0.,0.015367,0.,0.,-1.203382,0.,0.,-1.21875,0.,0.,-4.417058,-0.009691,0.012879,3604.289551,1654.777832,0.00018,2.9e-05,0.235008,0.185594,0.673903,-53.572388,-56.165413,-199.370087,-2.018862,-0.101261,-0.004754,-6.43592,-0.110952,0.008125,-4.416127,-0.038113,-0.018346,"1e-05,0.,1063.800293,1679.665405","9600.,9600.,9600.,9600.","0.,0.,0.,0.","0.,0.,0.,0.","1.,1.,1.,1.",stab,"1000.,1000.,1.,100.","0.145615,-0.035392,0.235008,0.",3,10000.,stab,25,6552,0,312,0,0,-26209,-594,38,229891,229821,-169430,277,-753,-52
40.992,05:35:22.993,43.564065719,1.482916074,0.,0.,"0.,0.,0.","-5.957447,-6.500185,0.530165","0.,0.,0.","-0.539105,-0.428976,-0.127321","-0.08027,-0.158899,-4.409752","-0.049348,-0.074226,-6.483593",0.,0.,-0.,-0.,-0.,1.,-0.,-0.,-0.,-0.,-7.848,-1.21875,0.,0.,-5.39872,0.,0.,34.772743,0.,0.,-0.167185,0.,0.,-1.385935,0.,0.,-1.21875,0.,0.,-4.415181,-0.063376,-0.025154,1716.035156,2655.389404,2539.174072,2685.394043,0.235008,-0.075506,-0.081219,-58.61713,20.471788,22.910612,-2.06806,-0.009519,-0.023134,-6.483241,-0.072895,-0.048288,-4.409752,-0.158899,-0.08027,"2657.501221,2654.765625,2719.295898,1636.429688","9600.,9600.,9600.,9600.","0.,0.,0.,0.","0.,0.,0.,0.","1.,1.,1.,1.",stab,"1000.,1000.,1.,100.","-0.087016,-0.077466,0.235008,-5.42528",1,10000.,stab,25,3833,0,312,0,0,-26472,-185,-149,464765,367201,-323865,340,-739,-81
41.242,05:35:23.243,43.564065578,1.482916654,0.,0.,"0.,0.,0.","10.633103,8.776158,1.121473","0.,0.,0.","0.314919,1.24303,-0.115581","-0.012231,-0.029456,-4.415635","-0.122215,-0.085438,-6.502249",0.,0.,-0.,-0.,-0.,1.,-0.,-0.,-0.,-0.,-7.848,-1.21875,0.,0.,-12.899931,0.,0.,90.93782,0.,0.,0.102056,0.,0.,-1.116693,0.,0.,-1.21875,0.,0.,-4.414611,-0.067513,-0.031187,4923.475586,6203.98291,5839.813477,5644.711914,0.235008,-0.140478,-0.033993,-59.777081,40.989227,9.889829,-2.086616,-0.021876,-0.093075,-6.501227,-0.089388,-0.124262,-4.415635,-0.029456,-0.012231,"5879.041992,6064.905273,6395.652344,5124.382324","9600.,9600.,9600.,9600.","0.,0.,0.,0.","0.,0.,0.,0.","1.,1.,1.,1.",stab,"1000.,1000.,1.,100.","-0.032228,-0.17484,0.235008,-13.37504",1,10000.,stab,25,3266,0,312,0,0,-26547,-587,-317,-579703,95457,141075,316,-743,-69
41.492,05:35:23.493,43.564068848,1.482912496,0.,0.,"0.,0.,0.","-11.826097,-8.365005,1.251891","0.,0.,0.","1.046384,0.30057,0.301206","-0.023105,0.001823,-4.415505","0.076685,0.15823,-6.500513",0.,0.,-0.,-0.,-0.,1.,-0.,-0.,-0.,-0.,-7.848,-1.21875,0.,0.,-16.716869,0.,0.,51.797653,0.,0.,0.418529,0.,0.,-0.80022,0.,0.,-1.21875,0.,0.,-4.415533,-0.024317,-0.012516,6407.490234,8367.401367,9049.821289,8175.262695,0.235008,-0.269841,-0.233258,-53.838638,79.506706,67.463837,-2.075259,0.19892,0.111239,-6.490792,0.174603,0.098723,-4.415506,0.001823,-0.023105,"2e-05,0.000144,491.382904,2091.843018","9600.,9600.,9600.,9600.","0.,0.,0.,0.","0.,0.,0.,0.","1.,1.,1.,1.",stab,"1000.,1000.,1.,100.","0.194915,0.031196,0.235008,0.",3,10000.,stab,25,6925,0,312,0,0,-26711,233,-116,-700907,660325,-596979,250,-650,-155
41.742,05:35:23.743,43.564070114,1.482911529,0.,0.,"0.,0.,0.","2.509356,2.404422,-0.371724","0.,0.,0.","-2.183778,0.436892,0.208386","-0.012365,-0.003539,-4.415133","-0.008728,0.046174,-6.438176",0.,0.,-0.,-0.,-0.,1.,-0.,-0.,-0.,-0.,-7.848,-1.21875,0.,0.,-1.156553,0.,0.,14.933827,0.,0.,0.517776,0.,0.,-0.700974,0.,0.,-1.21875,0.,0.,-4.415552,-0.004625,-0.016385,3.3e-05,607.434998,499.333069,641.231812,0.235008,-0.044319,-0.050754,-57.097736,12.725939,15.099012,-2.02365,0.052518,0.013278,-6.439202,0.047894,-0.003107,-4.415144,-0.00351,-0.012373,"567.480469,398.725098,1179.331055,262.461426","9600.,9600.,9600.,9600.","0.,0.,0.,0.","0.,0.,0.,0.","1.,1.,1.,1.",stab,"1000.,1000.,1.,100.","-0.055461,-0.07231,0.235008,-1.54336",1,10000.,stab,26,4658,0,312,0,0,-26516,624,298,37455,414145,-203214,226,-614,-175
41.992,05:35:23.993,43.564070746,1.482911143,0.,0.,"0.,0.,0.","8.545041,8.880533,-0.007674","0.,0.,0.","0.679524,0.376715,0.282569","-0.004093,-0.007606,-4.414821","-0.02152,-0.010999,-6.372696",0.,0.,-0.,-0.,-0.,1.,-0.,-0.,-0.,-0.,-7.848,-1.21875,0.,0.,-19.020393,0.,0.,125.215187,0.,0.,0.702198,0.,0.,-0.516552,0.,0.,-1.21875,0.,0.,-4.415552,-0.004986,-0.009447,7347.665039,8644.488281,8961.644531,8750.175781,0.235008,-0.143589,-0.163712,-58.018337,42.231472,48.051071,-1.958275,-0.007526,-0.013323,-6.373827,-0.012512,-0.02277,-4.41482,-0.007606,-0.004093,"8823.525391,9065.800781,8829.09375,7501.553711","9600.,9600.,9600.,9600.","0.,0.,0.,0.","0.,0.,0.,0.","1.,1.,1.,1.",stab,"1000.,1000.,1.,100.","-0.176447,-0.154961,0.235008,-19.306561",1,10000.,stab,26,2976,0,312,0,0,-26269,51,-128,-407991,226522,-43663,180,-596,-183
42.242,05:35:24.243,43.564071766,1.482910708,0.,0.,"0.,0.,0.","-12.228727,-0.692293,0.112295","0.,0.,0.","-1.89715,0.478765,0.315282","-0.005501,-0.007192,-4.414485","0.04598,0.02606,-6.314487",0.,0.,-0.,-0.,-0.,1.,-0.,-0.,-0.,-0.,-7.848,-1.21875,0.,0.,-20.400272,0.,0.,124.876175,0.,0.,0.557242,0.,0.,-0.661508,0.,0.,-1.21875,0.,0.,-4.415552,-0.000787,-0.022111,4747.520996,5865.780762,5517.985352,5428.697266,0.222777,-0.114959,-0.031738,-49.141945,33.157314,11.135829,-1.900178,0.026425,0.072562,-6.315731,0.025637,0.050451,-4.414486,-0.007192,-0.005501,"5298.468262,5486.246582,6009.064453,4766.205566","9600.,9600.,9600.,9600.","0.,0.,0.,0.","0.,0.,0.,0.","1.,1.,1.,1.",stab,"1000.,1000.,1.,100.","-0.040986,-0.133558,0.228156,-12.073601",1,10000.,stab,26,6787,0,312,0,0,-26017,138,240,400707,261399,-32705,161,-567,-192
42.492,05:35:24.493,43.564073243,1.482910756,0.,0.,"0.,0.,0.","-2.009392,1.566719,-0.663057","0.,0.,0.","-1.410334,-1.601069,0.369481","-0.002105,-0.008328,-4.414166","-0.004468,-0.016746,-6.231278",0.,0.,-0.,-0.,-0.,1.,-0.,-0.,-0.,-0.,-7.848,-1.21875,0.,0.,-20.400272,0.,0.,124.876175,0.,0.,0.557242,0.,0.,-0.661508,0.,0.,-1.21875,0.,0.,-4.415552,-0.006027,-0.008389,4478.734863,5382.112305,5758.529785,5940.608398,0.235008,-0.068668,-0.175005,-57.604061,20.285086,51.239101,-1.816985,-0.010531,0.006242,-6.232537,-0.016558,-0.002147,-4.414166,-0.008328,-0.002105,"5710.105469,5474.029297,5612.620117,4763.22998","9600.,9600.,9600.,9600.","0.,0.,0.,0.","0.,0.,0.,0.","1.,1.,1.,1.",stab,"1000.,1000.,1.,100.","-0.14866,-0.061983,0.235008,-12.073601",1,10000.,stab,26,5483,0,135,0,0,-25718,-4,-142,78165,446600,34760,135,-525,-191
42.742,05:35:24.743,43.564073453,1.482911239,0.,0.,"0.,0.,0.","-10.657907,-0.050437,0.093594","0.,0.,0.","1.851085,0.964195,0.107239","-0.00207,-0.008337,-4.413836","0.081449,-0.009495,-6.227636",0.,0.,-0.,-0.,-0.,1.,-0.,-0.,-0.,-0.,-7.848,-1.21875,0.,0.,-20.400272,0.,0.,124.876175,0.,0.,0.557242,0.,0.,-0.661508,0.,0.,-1.21875,0.,0.,-4.415552,-0.007976,-0.00309,3987.24707,5237.989746,6250.006348,6084.741211,0.235008,-0.134804,-0.296026,-54.414478,39.677803,86.976471,-1.812504,-0.001008,0.083661,-6.228056,-0.008984,0.080571,-4.413847,-0.008334,-0.002084,"5978.623535,6078.506348,5344.106445,4158.748535","9600.,9600.,9600.,9600.","0.,0.,0.,0.","0.,0.,0.,0.","1.,1.,1.,1.",stab,"1000.,1000.,1.,100.","-0.287815,-0.147025,0.235008,-12.073601",1,10000.,stab,27,5383,0,164,0,0,-25590,-97,-245,-506924,790180,-296981,163,-519,-181
42.992,05:35:24.993,43.564078481,1.482909209,0.,0.,"0.,0.,0.","1.819894,-0.724745,0.13414","0.,0.,0.","0.417542,-0.178213,0.232226","-0.001586,-0.008443,-4.413519","0.045277,-0.008247,-6.168147",0.,0.,-0.,-0.,-0.,1.,-0.,-0.,-0.,-0.,-7.848,-1.21875,0.,0.,-20.400272,0.,0.,124.876175,0.,0.,0.557242,0.,0.,-0.661508,0.,0.,-1.21875,0.,0.,-4.415409,-0.008613,-0.000758,4388.411621,5640.836914,5848.848145,5681.887695,0.235008,-0.135126,-0.142942,-57.738235,39.779594,41.866463,-1.75347,0.003127,0.053323,-6.168879,-0.005487,0.052565,-4.413519,-0.008443,-0.001586,"5484.335449,5310.657227,5838.375977,4926.615723","9600.,9600.,9600.,9600.","0.,0.,0.,0.","0.,0.,0.,0.","1.,1.,1.,1.",stab,"1000.,1000.,1.,100.","-0.144097,-0.120495,0.235008,-12.073601",1,10000.,stab,27,5389,0,81,0,0,-25422,-39,287,-613189,1221907,-269511,80,-376,-223
43.242,05:35:25.243,43.564080801,1.482911578,0.,0.,"0.,0.,0.","0.465997,-0.640451,-0.222385","0.,0.,0.","2.271601,-0.092984,0.254725","0.001776,-0.008879,-4.413204","0.041067,-0.006887,-6.10659",0.,0.,-0.,-0.,-0.,1.,-0.,-0.,-0.,-0.,-7.848,-1.21875,0.,0.,-20.400272,0.,0.,124.876175,0.,0.,0.557242,0.,0.,-0.661508,0.,0.,-1.21875,0.,0.,-4.413842,-0.008794,0.000548,4191.975098,5445.319336,6045.280273,5877.410156,0.235008,-0.1353,-0.21757,-58.234108,39.79612,63.992901,-1.693568,0.004439,0.042935,-6.10741,-0.004355,0.043482,-4.413203,-0.008879,0.001776,"5843.232422,5698.56543,5479.485352,4538.702148","9600.,9600.,9600.,9600.","0.,0.,0.,0.","0.,0.,0.,0.","1.,1.,1.,1.",stab,"1000.,1000.,1.,100.","-0.201486,-0.116365,0.235008,-12.073601",1,10000.,stab,27,5389,0,243,0,0,-25155,-54,65,633710,921815,240046,243,-310,-174
43.492,05:35:25.493,43.564080731,1.482911529,0.,0.,"0.,0.,0.","-1.395982,0.151998,-0.315435","0.,0.,0.","-0.979177,0.489339,0.187641","0.22355,0.000351,-4.412826","0.049526,-0.009606,-6.04957",0.,0.,-0.,-0.,-0.,1.,-0.,-0.,-0.,-0.,-7.848,-1.21875,0.,0.,-20.400272,0.,0.,124.876175,0.,0.,0.557242,0.,0.,-0.661508,0.,0.,-1.21875,0.,0.,-4.413068,-0.006395,0.025149,5628.274902,6327.643555,4609.002441,4995.064941,0.235008,-0.029827,0.223896,-58.332951,8.505984,-59.020618,-1.637561,-0.007202,0.017694,-6.050629,-0.013598,0.042843,-4.412826,0.000351,0.22355,"5094.339355,5238.457031,6228.352539,4998.836426","9600.,9600.,9600.,9600.","0.,0.,0.,0.","0.,0.,0.,0.","1.,1.,1.,1.",stab,"1000.,1000.,1.,100.","0.212342,-0.025304,0.235008,-12.073601",1,10000.,stab,27,5389,0,243,0,0,-24928,-5,96,-13970,179647,19067,243,-312,-175
43.742,05:35:25.743,43.564084739,1.482913222,0.,0.,"0.,0.,0.","-24.486139,-1.723424,-0.021487","0.,0.,0.","-1.470401,-0.540503,0.269854","0.076847,-0.008244,-4.412852","0.236182,0.001049,-5.989489",0.,0.,-0.,-0.,-0.,1.,-0.,-0.,-0.,-0.,-7.848,-1.21875,0.,0.,-20.400272,0.,0.,124.876175,0.,0.,0.557242,0.,0.,-0.661508,0.,0.,-1.21875,0.,0.,-4.413426,-0.010084,0.113454,4896.842773,5794.896484,5340.413574,5527.832031,0.235008,-0.067652,-0.016803,-59.939194,20.16251,2.407113,-1.577215,0.010276,0.122919,-5.990641,0.000192,0.236373,-4.412852,-0.008244,0.076847,"5657.459961,5626.295898,5665.279297,4610.949707","9600.,9600.,9600.,9600.","0.,0.,0.,0.","0.,0.,0.,0.","1.,1.,1.,1.",stab,"1000.,1000.,1.,100.","0.010045,-0.064314,0.235008,-12.073601",1,10000.,stab,28,5389,0,332,0,0,-24681,20,675,521368,755140,321891,332,-198,-140
43.992,05:35:25.993,43.564084880,1.482913415,0.,0.,"0.,0.,0.","1.237601,-0.796497,0.61506","0.,0.,0.","-0.752316,-0.488214,0.298465","0.003252,-0.008451,-4.412023","-0.002367,0.01203,-5.936656",0.,0.,-0.,-0.,-0.,1.,-0.,-0.,-0.,-0.,-7.848,-1.21875,0.,0.,-20.400272,0.,0.,124.876175,0.,0.,0.557242,0.,0.,-0.661508,0.,0.,-1.21875,0.,0.,-4.413426,-0.009028,0.038702,2922.472656,4246.073242,3776.773193,3538.669434,0.235008,-0.148674,-0.013985,-56.243263,43.710957,5.493329,-1.524379,0.02057,-0.03808,-5.937805,0.011542,0.000623,-4.412035,-0.008459,0.003232,"3546.12793,3721.672852,4238.657227,2977.530029","9600.,9600.,9600.,9600.","0.,0.,0.,0.","0.,0.,0.,0.","1.,1.,1.,1.",stab,"1000.,1000.,1.,100.","-0.012835,-0.118735,0.235008,-8.11104",1,10000.,stab,28,5331,0,332,0,0,-24464,-5,431,43398,306341,235788,332,-194,-136
44.242,05:35:26.243,43.564087833,1.482915204,0.,0.,"0.,0.,0.","-3.601462,0.473672,0.596896","0.,0.,0.","-0.184398,0.718226,0.335761","0.001037,-0.008528,-4.411966","-0.035312,0.010013,-5.858827",0.,0.,-0.,-0.,-0.,1.,-0.,-0.,-0.,-0.,-7.848,-1.21875,0.,0.,-20.400272,0.,0.,124.876175,0.,0.,0.557242,0.,0.,-0.661508,0.,0.,-1.21875,0.,0.,-4.413426,-0.008582,0.006948,3002.082031,4117.033691,3697.070312,3667.801758,0.235008,-0.10893,-0.023396,-53.473831,32.035156,7.264877,-1.446737,0.016366,-0.040357,-5.860163,0.007784,-0.033409,-4.411966,-0.008528,0.001037,"3463.000977,3782.645752,4321.820801,2916.520996","9600.,9600.,9600.,9600.","0.,0.,0.,0.","0.,0.,0.,0.","1.,1.,1.,1.",stab,"1000.,1000.,1.,100.","-0.035909,-0.130869,0.235008,-8.11104",1,10000.,stab,28,3685,0,403,0,0,-24196,55,-182,245435,712456,360986,403,-110,-99
44.492,05:35:26.493,43.564092192,1.482920135,0.,0.,"0.,0.,0.","-1.480415,-0.028974,0.44167","0.,0.,0.","0.34481,0.240002,0.379571","0.004677,-0.007754,-4.411885","0.006055,0.025298,-5.759123",0.,0.,-0.,-0.,-0.,1.,-0.,-0.,-0.,-0.,-7.848,-1.21875,0.,0.,-20.400272,0.,0.,124.876175,0.,0.,0.557242,0.,0.,-0.661508,0.,0.,-1.21875,0.,0.,-4.413426,-0.008258,0.003297,2685.868652,4002.402344,4013.39624,3782.321289,0.235008,-0.147332,-0.105429,-54.487747,43.335396,31.048223,-1.347369,0.033269,0.001514,-5.760795,0.025012,0.004811,-4.411885,-0.007754,0.004677,"3782.212402,4042.530029,4002.495361,2656.750488","9600.,9600.,9600.,9600.","0.,0.,0.,0.","0.,0.,0.,0.","1.,1.,1.,1.",stab,"1000.,1000.,1.,100.","-0.120049,-0.163403,0.235008,-8.11104",1,10000.,stab,28,3622,0,477,0,0,-23819,66,-139,248793,1079663,837241,477,14,3
44.742,05:35:26.743,43.564097150,1.482925309,0.,0.,"0.,0.,0.","0.839993,-0.292696,0.46204","0.,0.,0.","0.767157,0.516908,0.411626","0.005521,-0.007177,-4.411722","-0.003674,0.053423,-5.646575",0.,0.,-0.,-0.,-0.,1.,-0.,-0.,-0.,-0.,-7.848,-1.21875,0.,0.,-20.400272,0.,0.,124.876175,0.,0.,0.557242,0.,0.,-0.661508,0.,0.,-1.21875,0.,0.,-4.413426,-0.007665,0.004662,3387.834473,4961.626465,4627.400879,4139.125,0.235008,-0.196309,-0.039705,-53.781681,57.739784,11.672009,-1.235088,0.061017,-0.009665,-5.648514,0.053352,-0.005003,-4.411722,-0.007177,0.005521,"4259.289062,4733.016602,4841.467285,3282.212891","9600.,9600.,9600.,9600.","0.,0.,0.,0.","0.,0.,0.,0.","1.,1.,1.,1.",stab,"1000.,1000.,1.,100.","-0.060494,-0.208497,0.235008,-9.58496",1,10000.,stab,29,3620,0,483,0,0,-23402,127,92,-162701,1226834,916455,483,155,110
44.992,05:35:26.993,43.564096411,1.482924632,0.,0.,"0.,0.,0.","1.189319,-4.461512,-0.746936","0.,0.,0.","1.215258,1.282575,0.371151","0.006134,-0.006661,-4.411392","0.017128,0.086407,-5.558862",0.,0.,-0.,-0.,-0.,1.,-0.,-0.,-0.,-0.,-7.848,-1.21875,0.,0.,-20.400272,0.,0.,124.876175,0.,0.,0.557242,0.,0.,-0.661508,0.,0.,-1.21875,0.,0.,-4.412591,-0.007028,0.005659,4795.84668,6333.056641,4937.419434,4485.661133,0.235008,-0.18935,0.162394,-183.447372,55.687881,-47.770645,-1.148076,0.094045,0.007407,-5.560668,0.087018,0.013066,-4.411404,-0.00656,0.006242,"4744.89502,5311.504395,5601.835938,3949.748779","9600.,9600.,9600.,9600.","0.,0.,0.,0.","0.,0.,0.,0.","1.,1.,1.,1.",stab,"1000.,1000.,1.,100.","0.031336,-0.233729,0.235008,-10.98048",1,10000.,stab,29,4633,0,309,0,0,-22900,225,129,-1048228,631099,472498,308,134,96
45.242,05:35:27.243,43.564095392,1.482923665,0.,0.,"0.,0.,0.","4.146327,-1.147419,-1.480989","0.,0.,0.","0.170416,2.092237,0.022977","0.004152,-0.00752,-4.411151","0.009089,0.015296,-5.476211",0.,0.,-0.,-0.,-0.,1.,-0.,-0.,-0.,-0.,-7.848,-1.21875,0.,0.,-20.400272,0.,0.,124.876175,0.,0.,0.557242,0.,0.,-0.661508,0.,0.,-1.21875,0.,0.,-4.411494,-0.006928,0.005462,4028.381348,5164.986816,4680.873047,4629.744141,0.235008,-0.113072,-0.011162,-57.468636,33.241074,3.259661,-1.06519,0.022054,0.001333,-5.476685,0.015125,0.006795,-4.411151,-0.00752,0.004152,"4679.900391,5030.336426,5114.844727,3678.902832","9600.,9600.,9600.,9600.","0.,0.,0.,0.","0.,0.,0.,0.","1.,1.,1.,1.",stab,"1000.,1000.,1.,100.","-0.081019,-0.104874,0.235008,-10.36224",1,10000.,stab,29,4751,0,323,0,0,-22580,266,162,-405947,136571,137206,323,105,76
45.492,05:35:27.493,43.564098907,1.482927339,0.,0.,"0.,0.,0.","52.880646,-5.78329,-3.304332","0.,0.,0.","1.158936,1.623876,0.425984","0.007223,-0.005461,-4.411049","-0.182783,-0.077374,-5.376162",0.,0.,-0.,-0.,-0.,1.,-0.,-0.,-0.,-0.,-7.848,-1.21875,0.,0.,-20.400272,0.,0.,124.876175,0.,0.,0.557242,0.,0.,-0.661508,0.,0.,-1.21875,0.,0.,-4.411053,-0.006298,0.006273,4670.457031,4771.599121,4326.716309,4663.212891,0.09475,0.022406,0.043043,-20.90065,-6.586191,-12.665746,-0.966489,-0.073565,-0.193001,-5.377542,-0.079862,-0.186728,-4.411049,-0.005461,0.007223,"4532.472168,4699.378418,4980.607422,4219.526855","9600.,9600.,9600.,9600.","0.,0.,0.,0.","0.,0.,0.,0.","1.,1.,1.,1.",stab,"1000.,1000.,1.,100.","0.017269,-0.038006,0.109146,-10.32192",1,10000.,stab,29,4624,0,119,0,0,-22389,-148,225,-1322773,658598,558547,117,205,152
45.742,05:35:27.743,43.564101017,1.482928548,0.,0.,"0.,0.,0.","-13.100296,-1.182996,-0.389367","0.,0.,0.","0.259339,0.227673,0.449424","0.007751,-0.004682,-4.410906","0.073184,-0.090437,-5.27359",0.,0.,-0.,-0.,-0.,1.,-0.,-0.,-0.,-0.,-7.848,-1.21875,0.,0.,-20.400272,0.,0.,124.876175,0.,0.,0.557242,0.,0.,-0.661508,0.,0.,-1.21875,0.,0.,-4.411046,-0.005331,0.007256,1508.455566,2079.52832,1774.94165,1877.067139,0.14567,-0.044644,-0.006095,-32.133011,13.128209,1.786379,-0.864412,-0.086776,0.066418,-5.275457,-0.092107,0.073674,-4.410906,-0.004682,0.007751,"1944.548584,2009.177734,1989.419434,1296.846924","9600.,9600.,9600.,9600.","0.,0.,0.,0.","0.,0.,0.,0.","1.,1.,1.,1.",stab,"1000.,1000.,1.,100.","-0.010945,-0.061009,0.140924,-4.0544",1,10000.,stab,30,4469,0,13,0,0,-21811,-448,72,-825042,718109,275723,12,265,177
45.992,05:35:27.993,43.564100736,1.482928451,0.,0.,"0.,0.,0.","2.765372,-1.846472,0.252649","0.,0.,0.","-0.139854,-0.102019,0.362408","0.008214,-0.003812,-4.41088","-0.045001,-0.075344,-5.165693",0.,0.,-0.,-0.,-0.,1.,-0.,-0.,-0.,-0.,-7.848,-1.21875,0.,0.,-20.400272,0.,0.,124.876175,0.,0.,0.557242,0.,0.,-0.661508,0.,0.,-1.21875,0.,0.,-4.411046,-0.004506,0.00783,376.737305,907.540039,450.337891,685.382324,0.165764,-0.028156,0.014143,-36.565578,8.284835,-4.160301,-0.756084,-0.070552,-0.052166,-5.16713,-0.075058,-0.044336,-4.41088,-0.003812,0.008214,"700.193359,448.074707,914.313721,357.415527","9600.,9600.,9600.,9600.","0.,0.,0.,0.","0.,0.,0.,0.","1.,1.,1.,1.",stab,"1000.,1000.,1.,100.","0.007669,-0.029505,0.17632,-1.3552",1,10000.,stab,30,1275,0,82,0,0,-21417,-315,36,-174471,257742,211159,82,257,175
46.242,05:35:28.243,43.564101122,1.482928742,0.,0.,"0.,0.,0.","77.117798,-79.197403,8.813739","0.,0.,0.","0.263403,1.536866,3.001424","0.008725,-0.002421,-4.410875","-0.414205,0.581289,-4.998172",0.,0.,-0.,-0.,-0.,1.,-0.,-0.,-0.,-0.,-7.848,-1.21875,0.,0.,-20.400272,0.,0.,124.876175,0.,0.,0.557242,0.,0.,-0.661508,0.,0.,-1.21875,0.,0.,-4.411046,-0.003603,0.008285,9e-06,6374.604004,3298.835693,0.,-0.210106,-1.159849,0.292813,46.346828,341.148285,-86.118553,-0.596933,0.57384,-0.428915,-5.007978,0.570237,-0.42063,-4.410875,-0.002565,0.008684,"3.6e-05,3656.876709,5716.270508,0.","9600.,9600.,9600.,9600.","0.,0.,0.,0.","0.,0.,0.,0.","1.,1.,1.,1.",stab,"1000.,1000.,1.,100.","0.167116,-1.103579,-0.235008,-1.3552",3,10000.,stab,30,618,0,57,0,0,-20969,-341,-216,-995288,170498,183146,56,268,181
46.492,05:35:28.493,43.564101685,1.482927678,0.,0.,"0.,0.,0.","-212.698151,217.475891,-106.578293","0.,0.,0.","-7.322275,8.689261,-2.119818","0.008823,0.002038,-4.410855","0.106627,0.070222,-4.518724",0.,0.,-0.,-0.,-0.,1.,-0.,-0.,-0.,-0.,-7.848,-1.21875,0.,0.,-20.400272,0.,0.,124.876175,0.,0.,0.557242,0.,0.,-0.661508,0.,0.,-1.21875,0.,0.,-4.411046,-0.000981,0.008781,5.7e-05,9600.,0.,0.,0.235008,-1.099518,1.098564,-90.458008,323.380829,-323.121948,-0.10385,0.03674,0.130232,-4.514895,0.035758,0.139012,-4.410855,0.002038,0.008823,"0.000141,0.,9600.,7e-06","9600.,9600.,9600.,9600.","0.,0.,0.,0.","0.,0.,0.,0.","1.,1.,1.,1.",stab,"1000.,1000.,1.,100.","1.158535,-1.436893,0.235008,-0.05152",5,10000.,stab,30,1708,0,6,0,0,-19358,2020,-182,-985889,159261,-303539,5,284,159
46.742,05:35:28.743,43.564101122,1.482926904,0.,0.,"0.,0.,0.","-93.428612,184.706451,-72.856308","0.,0.,0.","2.414777,-7.776788,-1.33799","0.008959,0.001314,-4.410858","-0.210162,0.125819,-4.887089",0.,0.,-0.,-0.,-0.,1.,-0.,-0.,-0.,-0.,-7.848,-1.21875,0.,0.,-20.400272,0.,0.,124.876175,0.,0.,0.557242,0.,0.,-0.661508,0.,0.,-1.21875,0.,0.,-4.411046,-0.000427,0.00881,5.7e-05,9600.,1081.250122,3.3e-05,0.235008,-1.752941,1.197458,-128.452499,515.479065,-352.193115,-0.19757,0.293013,-0.098513,-4.608615,0.292586,-0.089702,-4.410858,0.001314,0.008959,"3.3e-05,1081.250122,9600.,5.7e-05","9600.,9600.,9600.,9600.","0.,0.,0.,0.","0.,0.,0.,0.","1.,1.,1.,1.",stab,"1000.,1000.,1.,100.","1.197458,-1.752941,0.235008,-0.03808",4,10000.,stab,31,0,0,5,0,0,-19688,2117,-1534,-638416,-333937,-173426,-13,268,143
46.992,05:35:28.993,43.564099083,1.482924535,0.,0.,"0.,0.,0.","-93.428612,184.706451,-72.856308","0.,0.,0.","0.222044,3.026574,-0.487027","0.008959,0.001314,-4.410858","-0.010166,0.035084,-4.924518",0.,0.,-0.,-0.,-0.,1.,-0.,-0.,-0.,-0.,-7.848,-1.21875,0.,0.,-20.400272,0.,0.,124.876175,0.,0.,0.557242,0.,0.,-0.661508,0.,0.,-1.21875,0.,0.,-4.411046,-0.000427,0.00881,5.7e-05,9600.,1081.250122,3.3e-05,0.235008,-1.752941,1.197458,-128.452499,515.479065,-352.193115,-0.19757,0.293013,-0.098513,-4.608615,0.292586,-0.089702,-4.410858,0.001314,0.008959,"3.3e-05,1081.250122,9600.,5.7e-05","9600.,9600.,9600.,9600.","0.,0.,0.,0.","0.,0.,0.,0.","1.,1.,1.,1.",stab,"1000.,1000.,1.,100.","1.197458,-1.752941,0.235008,-0.03808",4,10000.,stab,31,0,0,5,0,0,-20215,-1204,-449,-938803,-248526,-509060,-117,210,94
47.242,05:35:29.243,43.564102845,1.482926759,0.,0.,"0.,0.,0.","-93.428612,184.706451,-72.856308","0.,0.,0.","0.159441,-3.529852,0.118277","0.008959,0.001314,-4.410858","0.00127,0.324665,-5.055728",0.,0.,-0.,-0.,-0.,1.,-0.,-0.,-0.,-0.,-7.848,-1.21875,0.,0.,-20.400272,0.,0.,124.876175,0.,0.,0.557242,0.,0.,-0.661508,0.,0.,-1.21875,0.,0.,-4.411046,-0.000427,0.00881,5.7e-05,9600.,1081.250122,3.3e-05,0.235008,-1.752941,1.197458,-128.452499,515.479065,-352.193115,-0.19757,0.293013,-0.098513,-4.608615,0.292586,-0.089702,-4.410858,0.001314,0.008959,"3.3e-05,1081.250122,9600.,5.7e-05","9600.,9600.,9600.,9600.","0.,0.,0.,0.","0.,0.,0.,0.","1.,1.,1.,1.",stab,"1000.,1000.,1.,100.","1.197458,-1.752941,0.235008,-0.03808",4,10000.,stab,31,0,0,5,0,0,-20499,1610,-125,41476,356391,19907,16,317,140
47.492,05:35:29.493,43.564101158,1.482928113,0.,0.,"0.,0.,0.","-93.428612,184.706451,-72.856308","0.,0.,0.","-0.800319,-0.072667,-0.34115","0.008959,0.001314,-4.410858","-0.189121,0.298947,-5.107149",0.,0.,-0.,-0.,-0.,1.,-0.,-0.,-0.,-0.,-7.848,-1.21875,0.,0.,-20.400272,0.,0.,124.876175,0.,0.,0.557242,0.,0.,-0.661508,0.,0.,-1.21875,0.,0.,-4.411046,-0.000427,0.00881,5.7e-05,9600.,1081.250122,3.3e-05,0.235008,-1.752941,1.197458,-128.452499,515.479065,-352.193115,-0.19757,0.293013,-0.098513,-4.608615,0.292586,-0.089702,-4.410858,0.001314,0.008959,"3.3e-05,1081.250122,9600.,5.7e-05","9600.,9600.,9600.,9600.","0.,0.,0.,0.","0.,0.,0.,0.","1.,1.,1.,1.",stab,"1000.,1000.,1.,100.","1.197458,-1.752941,0.235008,-0.03808",4,10000.,stab,31,0,0,5,0,0,-20720,519,-160,16744,-305534,238126,20,269,168
47.742,05:35:29.743,43.564101720,1.482926566,0.,0.,"0.,0.,0.","-93.428612,184.706451,-72.856308","0.,0.,0.","0.024804,-0.020697,0.077955","0.008959,0.001314,-4.410858","-0.402981,0.122403,-5.084297",0.,0.,-0.,-0.,-0.,1.,-0.,-0.,-0.,-0.,-7.848,-1.21875,0.,0.,-20.400272,0.,0.,124.876175,0.,0.,0.557242,0.,0.,-0.661508,0.,0.,-1.21875,0.,0.,-4.411046,-0.000427,0.00881,5.7e-05,9600.,1081.250122,3.3e-05,0.235008,-1.752941,1.197458,-128.452499,515.479065,-352.193115,-0.19757,0.293013,-0.098513,-4.608615,0.292586,-0.089702,-4.410858,0.001314,0.008959,"3.3e-05,1081.250122,9600.,5.7e-05","9600.,9600.,9600.,9600.","0.,0.,0.,0.","0.,0.,0.,0.","1.,1.,1.,1.",stab,"1000.,1000.,1.,100.","1.197458,-1.752941,0.235008,-0.03808",4,10000.,stab,31,0,0,5,0,0,-20852,683,-1136,-7956,13374,-177194,19,285,136
47.992,05:35:29.993,43.564102247,1.482924003,0.,0.,"0.,0.,0.","-93.428612,184.706451,-72.856308","0.,0.,0.","-0.069478,0.223761,0.051215","0.008959,0.001314,-4.410858","-0.365303,0.136422,-5.097358",0.,0.,-0.,-0.,-0.,1.,-0.,-0.,-0.,-0.,-7.848,-1.21875,0.,0.,-20.400272,0.,0.,124.876175,0.,0.,0.557242,0.,0.,-0.661508,0.,0.,-1.21875,0.,0.,-4.411046,-0.000427,0.00881,5.7e-05,9600.,1081.250122,3.3e-05,0.235008,-1.752941,1.197458,-128.452499,515.479065,-352.193115,-0.19757,0.293013,-0.098513,-4.608615,0.292586,-0.089702,-4.410858,0.001314,0.008959,"3.3e-05,1081.250122,9600.,5.7e-05","9600.,9600.,9600.,9600.","0.,0.,0.,0.","0.,0.,0.,0.","1.,1.,1.,1.",stab,"1000.,1000.,1.,100.","1.197458,-1.752941,0.235008,-0.03808",4,10000.,stab,31,0,0,5,0,0,-20847,665,-1630,-144511,250217,-690608,10,300,83
48.242,05:35:30.243,43.564102880,1.482924632,0.,0.,"0.,0.,0.","-93.428612,184.706451,-72.856308","0.,0.,0.","0.0106,0.005743,0.00434","0.008959,0.001314,-4.410858","-0.36513,0.141102,-5.097478",0.,0.,-0.,-0.,-0.,1.,-0.,-0.,-0.,-0.,-7.848,-1.21875,0.,0.,-20.400272,0.,0.,124.876175,0.,0.,0.557242,0.,0.,-0.661508,0.,0.,-1.21875,0.,0.,-4.411046,-0.000427,0.00881,5.7e-05,9600.,1081.250122,3.3e-05,0.235008,-1.752941,1.197458,-128.452499,515.479065,-352.193115,-0.19757,0.293013,-0.098513,-4.608615,0.292586,-0.089702,-4.410858,0.001314,0.008959,"3.3e-05,1081.250122,9600.,5.7e-05","9600.,9600.,9600.,9600.","0.,0.,0.,0.","0.,0.,0.,0.","1.,1.,1.,1.",stab,"1000.,1000.,1.,100.","1.197458,-1.752941,0.235008,-0.03808",4,10000.,stab,31,0,0,5,0,0,-20880,577,-1498,-156334,348830,-614986,7,318,96
48.492,05:35:30.493,43.564102177,1.482926469,0.,0.,"0.,0.,0.","-93.428612,184.706451,-72.856308","0.,0.,0.","0.003755,0.005746,0.001638","0.008959,0.001314,-4.410858","-0.242732,0.109506,-5.121284",0.,0.,-0.,-0.,-0.,1.,-0.,-0.,-0.,-0.,-7.848,-1.21875,0.,0.,-20.400272,0.,0.,124.876175,0.,0.,0.557242,0.,0.,-0.661508,0.,0.,-1.21875,0.,0.,-4.411046,-0.000427,0.00881,5.7e-05,9600.,1081.250122,3.3e-05,0.235008,-1.752941,1.197458,-128.452499,515.479065,-352.193115,-0.19757,0.293013,-0.098513,-4.608615,0.292586,-0.089702,-4.410858,0.001314,0.008959,"3.3e-05,1081.250122,9600.,5.7e-05","9600.,9600.,9600.,9600.","0.,0.,0.,0.","0.,0.,0.,0.","1.,1.,1.,1.",stab,"1000.,1000.,1.,100.","1.197458,-1.752941,0.235008,-0.03808",4,10000.,stab,31,0,0,5,0,0,-20916,525,-1082,-50689,103374,-254930,16,298,134
48.742,05:35:30.743,43.564102318,1.482925696,0.,0.,"0.,0.,0.","-93.428612,184.706451,-72.856308","0.,0.,0.","0.004179,-0.001708,0.000367","0.008959,0.001314,-4.410858","-0.181094,0.096415,-5.120798",0.,0.,-0.,-0.,-0.,1.,-0.,-0.,-0.,-0.,-7.848,-1.21875,0.,0.,-20.400272,0.,0.,124.876175,0.,0.,0.557242,0.,0.,-0.661508,0.,0.,-1.21875,0.,0.,-4.411046,-0.000427,0.00881,5.7e-05,9600.,1081.250122,3.3e-05,0.235008,-1.752941,1.197458,-128.452499,515.479065,-352.193115,-0.19757,0.293013,-0.098513,-4.608615,0.292586,-0.089702,-4.410858,0.001314,0.008959,"3.3e-05,1081.250122,9600.,5.7e-05","9600.,9600.,9600.,9600.","0.,0.,0.,0.","0.,0.,0.,0.","1.,1.,1.,1.",stab,"1000.,1000.,1.,100.","1.197458,-1.752941,0.235008,-0.03808",4,10000.,stab,31,0,0,5,0,0,-20976,448,-993,-64307,101319,-347470,14,302,118
48.992,05:35:30.993,43.564101931,1.482926131,0.,0.,"0.,0.,0.","-93.428612,184.706451,-72.856308","0.,0.,0.","0.005041,-0.000594,0.001458","0.008959,0.001314,-4.410858","-0.186064,0.091273,-5.125473",0.,0.,-0.,-0.,-0.,1.,-0.,-0.,-0.,-0.,-7.848,-1.21875,0.,0.,-20.400272,0.,0.,124.876175,0.,0.,0.557242,0.,0.,-0.661508,0.,0.,-1.21875,0.,0.,-4.411046,-0.000427,0.00881,5.7e-05,9600.,1081.250122,3.3e-05,0.235008,-1.752941,1.197458,-128.452499,515.479065,-352.193115,-0.19757,0.293013,-0.098513,-4.608615,0.292586,-0.089702,-4.410858,0.001314,0.008959,"3.3e-05,1081.250122,9600.,5.7e-05","9600.,9600.,9600.,9600.","0.,0.,0.,0.","0.,0.,0.,0.","1.,1.,1.,1.",stab,"1000.,1000.,1.,100.","1.197458,-1.752941,0.235008,-0.03808",4,10000.,stab,31,0,0,5,0,0,-20974,395,-740,-46972,-15965,-260216,15,291,127
49.242,05:35:31.243,43.564102142,1.482926082,0.,0.,"0.,0.,0.","-93.428612,184.706451,-72.856308","0.,0.,0.","0.003104,0.001291,0.001367","0.008959,0.001314,-4.410858","-0.185229,0.087961,-5.128776",0.,0.,-0.,-0.,-0.,1.,-0.,-0.,-0.,-0.,-7.848,-1.21875,0.,0.,-20.400272,0.,0.,124.876175,0.,0.,0.557242,0.,0.,-0.661508,0.,0.,-1.21875,0.,0.,-4.411046,-0.000427,0.00881,5.7e-05,9600.,1081.250122,3.3e-05,0.235008,-1.752941,1.197458,-128.452499,515.479065,-352.193115,-0.19757,0.293013,-0.098513,-4.608615,0.292586,-0.089702,-4.410858,0.001314,0.008959,"3.3e-05,1081.250122,9600.,5.7e-05","9600.,9600.,9600.,9600.","0.,0.,0.,0.","0.,0.,0.,0.","1.,1.,1.,1.",stab,"1000.,1000.,1.,100.","1.197458,-1.752941,0.235008,-0.03808",4,10000.,stab,31,0,0,5,0,0,-21001,369,-788,-45579,49916,-286877,15,297,126
49.492,05:35:31.493,43.564102107,1.482926469,0.,0.,"0.,0.,0.","-93.428612,184.706451,-72.856308","0.,0.,0.","0.003974,0.001186,-1.4e-05","0.008959,0.001314,-4.410858","-0.190533,0.082681,-5.134511",0.,0.,-0.,-0.,-0.,1.,-0.,-0.,-0.,-0.,-7.848,-1.21875,0.,0.,-20.400272,0.,0.,124.876175,0.,0.,0.557242,0.,0.,-0.661508,0.,0.,-1.21875,0.,0.,-4.411046,-0.000427,0.00881,5.7e-05,9600.,1081.250122,3.3e-05,0.235008,-1.752941,1.197458,-128.452499,515.479065,-352.193115,-0.19757,0.293013,-0.098513,-4.608615,0.292586,-0.089702,-4.410858,0.001314,0.008959,"3.3e-05,1081.250122,9600.,5.7e-05","9600.,9600.,9600.,9600.","0.,0.,0.,0.","0.,0.,0.,0.","1.,1.,1.,1.",stab,"1000.,1000.,1.,100.","1.197458,-1.752941,0.235008,-0.03808",4,10000.,stab,31,0,0,5,0,0,-21023,346,-781,-29693,23321,-177339,17,296,134
49.742,05:35:31.743,43.564102107,1.482926276,0.,0.,"0.,0.,0.","-93.428612,184.706451,-72.856308","0.,0.,0.","0.004916,0.000197,0.001184","0.008959,0.001314,-4.410858","-0.191457,0.082048,-5.135217",0.,0.,-0.,-0.,-0.,1.,-0.,-0.,-0.,-0.,-7.848,-1.21875,0.,0.,-20.400272,0.,0.,124.876175,0.,0.,0.557242,0.,0.,-0.661508,0.,0.,-1.21875,0.,0.,-4.411046,-0.000427,0.00881,5.7e-05,9600.,1081.250122,3.3e-05,0.235008,-1.752941,1.197458,-128.452499,515.479065,-352.193115,-0.19757,0.293013,-0.098513,-4.608615,0.292586,-0.089702,-4.410858,0.001314,0.008959,"3.3e-05,1081.250122,9600.,5.7e-05","9600.,9600.,9600.,9600.","0.,0.,0.,0.","0.,0.,0.,0.","1.,1.,1.,1.",stab,"1000.,1000.,1.,100.","1.197458,-1.752941,0.235008,-0.03808",4,10000.,stab,31,0,0,5,0,0,-21034,336,-786,-35604,26840,-211087,16,296,130
49.992,05:35:31.993,43.564102072,1.482926518,0.,0.,"0.,0.,0.","-93.428612,184.706451,-72.856308","0.,0.,0.","0.003337,0.000125,0.002106","0.008959,0.001314,-4.410858","-0.174798,0.079126,-5.136752",0.,0.,-0.,-0.,-0.,1.,-0.,-0.,-0.,-0.,-7.848,-1.21875,0.,0.,-20.400272,0.,0.,124.876175,0.,0.,0.557242,0.,0.,-0.661508,0.,0.,-1.21875,0.,0.,-4.411046,-0.000427,0.00881,5.7e-05,9600.,1081.250122,3.3e-05,0.235008,-1.752941,1.197458,-128.452499,515.479065,-352.193115,-0.19757,0.293013,-0.098513,-4.608615,0.292586,-0.089702,-4.410858,0.001314,0.008959,"3.3e-05,1081.250122,9600.,5.7e-05","9600.,9600.,9600.,9600.","0.,0.,0.,0.","0.,0.,0.,0.","1.,1.,1.,1.",stab,"1000.,1000.,1.,100.","1.197458,-1.752941,0.235008,-0.03808",4,10000.,stab,31,0,0,5,0,0,-21037,327,-717,-26763,9156,-163535,17,295,135
50.242,05:35:32.243,43.564102107,1.482925696,0.,0.,"0.,0.,0.","-93.428612,184.706451,-72.856308","0.,0.,0.","0.003337,0.000125,-9.2e-05","0.008959,0.001314,-4.410858","-0.173889,0.079169,-5.136644",0.,0.,-0.,-0.,-0.,1.,-0.,-0.,-0.,-0.,-7.848,-1.21875,0.,0.,-20.400272,0.,0.,124.876175,0.,0.,0.557242,0.,0.,-0.661508,0.,0.,-1.21875,0.,0.,-4.411046,-0.000427,0.00881,5.7e-05,9600.,1081.250122,3.3e-05,0.235008,-1.752941,1.197458,-128.452499,515.479065,-352.193115,-0.19757,0.293013,-0.098513,-4.608615,0.292586,-0.089702,-4.410858,0.001314,0.008959,"3.3e-05,1081.250122,9600.,5.7e-05","9600.,9600.,9600.,9600.","0.,0.,0.,0.","0.,0.,0.,0.","1.,1.,1.,1.",stab,"1000.,1000.,1.,100.","1.197458,-1.752941,0.235008,-0.03808",4,10000.,stab,31,0,0,5,0,0,-21040,324,-714,-51854,16947,-321029,14,296,118
50.492,05:35:32.493,43.564102072,1.482926324,0.,0.,"0.,0.,0.","-93.428612,184.706451,-72.856308","0.,0.,0.","0.00347,7.2e-05,-0.00014","0.008959,0.001314,-4.410858","-0.167719,0.076895,-5.138054",0.,0.,-0.,-0.,-0.,1.,-0.,-0.,-0.,-0.,-7.848,-1.21875,0.,0.,-20.400272,0.,0.,124.876175,0.,0.,0.557242,0.,0.,-0.661508,0.,0.,-1.21875,0.,0.,-4.411046,-0.000427,0.00881,5.7e-05,9600.,1081.250122,3.3e-05,0.235008,-1.752941,1.197458,-128.452499,515.479065,-352.193115,-0.19757,0.293013,-0.098513,-4.608615,0.292586,-0.089702,-4.410858,0.001314,0.008959,"3.3e-05,1081.250122,9600.,5.7e-05","9600.,9600.,9600.,9600.","0.,0.,0.,0.","0.,0.,0.,0.","1.,1.,1.,1.",stab,"1000.,1000.,1.,100.","1.197458,-1.752941,0.235008,-0.03808",4,10000.,stab,31,0,0,5,0,0,-21045,314,-689,-34993,5182,-219283,16,295,131
50.742,05:35:32.743,43.564102107,1.482926421,0.,0.,"0.,0.,0.","-93.428612,184.706451,-72.856308","0.,0.,0.","0.003153,0.001051,0.001021","0.008959,0.001314,-4.410858","-0.182172,0.07632,-5.140222",0.,0.,-0.,-0.,-0.,1.,-0.,-0.,-0.,-0.,-7.848,-1.21875,0.,0.,-20.400272,0.,0.,124.876175,0.,0.,0.557242,0.,0.,-0.661508,0.,0.,-1.21875,0.,0.,-4.411046,-0.000427,0.00881,5.7e-05,9600.,1081.250122,3.3e-05,0.235008,-1.752941,1.197458,-128.452499,515.479065,-352.193115,-0.19757,0.293013,-0.098513,-4.608615,0.292586,-0.089702,-4.410858,0.001314,0.008959,"3.3e-05,1081.250122,9600.,5.7e-05","9600.,9600.,9600.,9600.","0.,0.,0.,0.","0.,0.,0.,0.","1.,1.,1.,1.",stab,"1000.,1000.,1.,100.","1.197458,-1.752941,0.235008,-0.03808",4,10000.,stab,31,0,0,5,0,0,-21054,312,-748,-30549,16459,-183510,16,296,133
50.992,05:35:32.993,43.564102107,1.482926372,0.,0.,"0.,0.,0.","-93.428612,184.706451,-72.856308","0.,0.,0.","0.003131,6.1e-05,-0.00023","0.008959,0.001314,-4.410858","-0.183063,0.075487,-5.141172",0.,0.,-0.,-0.,-0.,1.,-0.,-0.,-0.,-0.,-7.848,-1.21875,0.,0.,-20.400272,0.,0.,124.876175,0.,0.,0.557242,0.,0.,-0.661508,0.,0.,-1.21875,0.,0.,-4.411046,-0.000427,0.00881,5.7e-05,9600.,1081.250122,3.3e-05,0.235008,-1.752941,1.197458,-128.452499,515.479065,-352.193115,-0.19757,0.293013,-0.098513,-4.608615,0.292586,-0.089702,-4.410858,0.001314,0.008959,"3.3e-05,1081.250122,9600.,5.7e-05","9600.,9600.,9600.,9600.","0.,0.,0.,0.","0.,0.,0.,0.","1.,1.,1.,1.",stab,"1000.,1000.,1.,100.","1.197458,-1.752941,0.235008,-0.03808",4,10000.,stab,31,0,0,5,0,0,-21057,309,-733,-29445,14142,-179779,16,296,132
51.242,05:35:33.243,43.564102107,1.482926421,0.,0.,"0.,0.,0.","-93.428612,184.706451,-72.856308","0.,0.,0.","0.004245,3.8e-05,0.000967","0.008959,0.001314,-4.410858","-0.176694,0.074383,-5.141894",0.,0.,-0.,-0.,-0.,1.,-0.,-0.,-0.,-0.,-7.848,-1.21875,0.,0.,-20.400272,0.,0.,124.876175,0.,0.,0.557242,0.,0.,-0.661508,0.,0.,-1.21875,0.,0.,-4.411046,-0.000427,0.00881,5.7e-05,9600.,1081.250122,3.3e-05,0.235008,-1.752941,1.197458,-128.452499,515.479065,-352.193115,-0.19757,0.293013,-0.098513,-4.608615,0.292586,-0.089702,-4.410858,0.001314,0.008959,"3.3e-05,1081.250122,9600.,5.7e-05","9600.,9600.,9600.,9600.","0.,0.,0.,0.","0.,0.,0.,0.","1.,1.,1.,1.",stab,"1000.,1000.,1.,100.","1.197458,-1.752941,0.235008,-0.03808",4,10000.,stab,31,0,0,5,0,0,-21060,307,-745,-28821,16250,-173088,16,296,133
51.492,05:35:33.493,43.564102107,1.482925986,0.,0.,"0.,0.,0.","-93.428612,184.706451,-72.856308","0.,0.,0.","0.005381,0.000992,0.001936","0.008959,0.001314,-4.410858","-0.168809,0.07348,-5.141971",0.,0.,-0.,-0.,-0.,1.,-0.,-0.,-0.,-0.,-7.848,-1.21875,0.,0.,-20.400272,0.,0.,124.876175,0.,0.,0.557242,0.,0.,-0.661508,0.,0.,-1.21875,0.,0.,-4.411046,-0.000427,0.00881,5.7e-05,9600.,1081.250122,3.3e-05,0.235008,-1.752941,1.197458,-128.452499,515.479065,-352.193115,-0.19757,0.293013,-0.098513,-4.608615,0.292586,-0.089702,-4.410858,0.001314,0.008959,"3.3e-05,1081.250122,9600.,5.7e-05","9600.,9600.,9600.,9600.","0.,0.,0.,0.","0.,0.,0.,0.","1.,1.,1.,1.",stab,"1000.,1000.,1.,100.","1.197458,-1.752941,0.235008,-0.03808",4,10000.,stab,31,0,0,5,0,0,-21061,304,-722,-42433,17573,-260649,15,296,124
51.742,05:35:33.743,43.564102072,1.482926469,0.,0.,"0.,0.,0.","-93.428612,184.706451,-72.856308","0.,0.,0.","0.004406,-0.000966,0.000953","0.008959,0.001314,-4.410858","-0.168129,0.073052,-5.142059",0.,0.,-0.,-0.,-0.,1.,-0.,-0.,-0.,-0.,-7.848,-1.21875,0.,0.,-20.400272,0.,0.,124.876175,0.,0.,0.557242,0.,0.,-0.661508,0.,0.,-1.21875,0.,0.,-4.411046,-0.000427,0.00881,5.7e-05,9600.,1081.250122,3.3e-05,0.235008,-1.752941,1.197458,-128.452499,515.479065,-352.193115,-0.19757,0.293013,-0.098513,-4.608615,0.292586,-0.089702,-4.410858,0.001314,0.008959,"3.3e-05,1081.250122,9600.,5.7e-05","9600.,9600.,9600.,9600.","0.,0.,0.,0.","0.,0.,0.,0.","1.,1.,1.,1.",stab,"1000.,1000.,1.,100.","1.197458,-1.752941,0.235008,-0.03808",4,10000.,stab,31,0,0,5,0,0,-21062,299,-690,-26712,4732,-163444,16,295,134
51.992,05:35:33.993,43.564102107,1.482924729,0.,0.,"0.,0.,0.","-93.428612,184.706451,-72.856308","0.,0.,0.","0.00574,0.002147,0.000941","0.008959,0.001314,-4.410858","-0.150985,0.070827,-5.142089",0.,0.,-0.,-0.,-0.,1.,-0.,-0.,-0.,-0.,-7.848,-1.21875,0.,0.,-20.400272,0.,0.,124.876175,0.,0.,0.557242,0.,0.,-0.661508,0.,0.,-1.21875,0.,0.,-4.411046,-0.000427,0.00881,5.7e-05,9600.,1081.250122,3.3e-05,0.235008,-1.752941,1.197458,-128.452499,515.479065,-352.193115,-0.19757,0.293013,-0.098513,-4.608615,0.292586,-0.089702,-4.410858,0.001314,0.008959,"3.3e-05,1081.250122,9600.,5.7e-05","9600.,9600.,9600.,9600.","0.,0.,0.,0.","0.,0.,0.,0.","1.,1.,1.,1.",stab,"1000.,1000.,1.,100.","1.197458,-1.752941,0.235008,-0.03808",4,10000.,stab,31,0,0,5,0,0,-21061,299,-686,-66780,11477,-422688,11,296,98
52.242,05:35:34.243,43.564102072,1.482926469,0.,0.,"0.,0.,0.","-93.428612,184.706451,-72.856308","0.,0.,0.","0.003289,-0.000962,-0.000293","0.008959,0.001314,-4.410858","-0.174248,0.072551,-5.142789",0.,0.,-0.,-0.,-0.,1.,-0.,-0.,-0.,-0.,-7.848,-1.21875,0.,0.,-20.400272,0.,0.,124.876175,0.,0.,0.557242,0.,0.,-0.661508,0.,0.,-1.21875,0.,0.,-4.411046,-0.000427,0.00881,5.7e-05,9600.,1081.250122,3.3e-05,0.235008,-1.752941,1.197458,-128.452499,515.479065,-352.193115,-0.19757,0.293013,-0.098513,-4.608615,0.292586,-0.089702,-4.410858,0.001314,0.008959,"3.3e-05,1081.250122,9600.,5.7e-05","9600.,9600.,9600.,9600.","0.,0.,0.,0.","0.,0.,0.,0.","1.,1.,1.,1.",stab,"1000.,1000.,1.,100.","1.197458,-1.752941,0.235008,-0.03808",4,10000.,stab,31,0,0,5,0,0,-21063,295,-689,-30195,3799,-189617,17,295,134
52.492,05:35:34.493,43.564102107,1.482926469,0.,0.,"0.,0.,0.","-93.428612,184.706451,-72.856308","0.,0.,0.","0.001918,-0.00533,-0.001275","0.008959,0.001314,-4.410858","-0.181016,0.073253,-5.143134",0.,0.,-0.,-0.,-0.,1.,-0.,-0.,-0.,-0.,-7.848,-1.21875,0.,0.,-20.400272,0.,0.,124.876175,0.,0.,0.557242,0.,0.,-0.661508,0.,0.,-1.21875,0.,0.,-4.411046,-0.000427,0.00881,5.7e-05,9600.,1081.250122,3.3e-05,0.235008,-1.752941,1.197458,-128.452499,515.479065,-352.193115,-0.19757,0.293013,-0.098513,-4.608615,0.292586,-0.089702,-4.410858,0.001314,0.008959,"3.3e-05,1081.250122,9600.,5.7e-05","9600.,9600.,9600.,9600.","0.,0.,0.,0.","0.,0.,0.,0.","1.,1.,1.,1.",stab,"1000.,1000.,1.,100.","1.197458,-1.752941,0.235008,-0.03808",4,10000.,stab,31,0,0,5,0,0,-21065,299,-738,-23414,13706,-146205,17,296,134
52.742,05:35:34.743,43.564102142,1.482925599,0.,0.,"0.,0.,0.","-93.428612,184.706451,-72.856308","0.,0.,0.","0.004257,5.5e-05,-0.000306","0.008959,0.001314,-4.410858","-0.174032,0.073581,-5.143407",0.,0.,-0.,-0.,-0.,1.,-0.,-0.,-0.,-0.,-7.848,-1.21875,0.,0.,-20.400272,0.,0.,124.876175,0.,0.,0.557242,0.,0.,-0.661508,0.,0.,-1.21875,0.,0.,-4.411046,-0.000427,0.00881,5.7e-05,9600.,1081.250122,3.3e-05,0.235008,-1.752941,1.197458,-128.452499,515.479065,-352.193115,-0.19757,0.293013,-0.098513,-4.608615,0.292586,-0.089702,-4.410858,0.001314,0.008959,"3.3e-05,1081.250122,9600.,5.7e-05","9600.,9600.,9600.,9600.","0.,0.,0.,0.","0.,0.,0.,0.","1.,1.,1.,1.",stab,"1000.,1000.,1.,100.","1.197458,-1.752941,0.235008,-0.03808",4,10000.,stab,31,0,0,5,0,0,-21066,300,-739,-49379,27894,-314862,14,297,116
52.992,05:35:34.993,43.564102072,1.482926518,0.,0.,"0.,0.,0.","-93.428612,184.706451,-72.856308","0.,0.,0.","1.094582,-1.916434,-0.650463","0.008959,0.001314,-4.410858","-0.157165,-0.139621,-5.159349",0.,0.,-0.,-0.,-0.,1.,-0.,-0.,-0.,-0.,-7.848,-1.21875,0.,0.,-20.400272,0.,0.,124.876175,0.,0.,0.557242,0.,0.,-0.661508,0.,0.,-1.21875,0.,0.,-4.411046,-0.000427,0.00881,5.7e-05,9600.,1081.250122,3.3e-05,0.235008,-1.752941,1.197458,-128.452499,515.479065,-352.193115,-0.19757,0.293013,-0.098513,-4.608615,0.292586,-0.089702,-4.410858,0.001314,0.008959,"3.3e-05,1081.250122,9600.,5.7e-05","9600.,9600.,9600.,9600.","0.,0.,0.,0.","0.,0.,0.,0.","1.,1.,1.,1.",stab,"1000.,1000.,1.,100.","1.197458,-1.752941,0.235008,-0.03808",4,10000.,stab,31,0,0,5,0,0,-21062,301,-730,-19398,14440,-136536,17,295,135
53.242,05:35:35.243,43.564102283,1.482925212,0.,0.,"0.,0.,0.","-93.428612,184.706451,-72.856308","0.,0.,0.","2.058449,-3.963553,1.337574","0.008959,0.001314,-4.410858","0.134628,-0.887654,-5.007867",0.,0.,-0.,-0.,-0.,1.,-0.,-0.,-0.,-0.,-7.848,-1.21875,0.,0.,-20.400272,0.,0.,124.876175,0.,0.,0.557242,0.,0.,-0.661508,0.,0.,-1.21875,0.,0.,-4.411046,-0.000427,0.00881,5.7e-05,9600.,1081.250122,3.3e-05,0.235008,-1.752941,1.197458,-128.452499,515.479065,-352.193115,-0.19757,0.293013,-0.098513,-4.608615,0.292586,-0.089702,-4.410858,0.001314,0.008959,"3.3e-05,1081.250122,9600.,5.7e-05","9600.,9600.,9600.,9600.","0.,0.,0.,0.","0.,0.,0.,0.","1.,1.,1.,1.",stab,"1000.,1000.,1.,100.","1.197458,-1.752941,0.235008,-0.03808",4,10000.,stab,31,0,0,5,0,0,-21168,-1707,112,22861,303351,-210686,16,301,108
53.492,05:35:35.493,43.564104005,1.482927581,0.,0.,"0.,0.,0.","-93.428612,184.706451,-72.856308","0.,0.,0.","-0.304812,0.752909,-1.839116","0.008959,0.001314,-4.410858","0.294791,-1.183614,-4.862294",0.,0.,-0.,-0.,-0.,1.,-0.,-0.,-0.,-0.,-7.848,-1.21875,0.,0.,-20.400272,0.,0.,124.876175,0.,0.,0.557242,0.,0.,-0.661508,0.,0.,-1.21875,0.,0.,-4.411046,-0.000427,0.00881,5.7e-05,9600.,1081.250122,3.3e-05,0.235008,-1.752941,1.197458,-128.452499,515.479065,-352.193115,-0.19757,0.293013,-0.098513,-4.608615,0.292586,-0.089702,-4.410858,0.001314,0.008959,"3.3e-05,1081.250122,9600.,5.7e-05","9600.,9600.,9600.,9600.","0.,0.,0.,0.","0.,0.,0.,0.","1.,1.,1.,1.",stab,"1000.,1000.,1.,100.","1.197458,-1.752941,0.235008,-0.03808",4,10000.,stab,31,0,0,5,0,0,-18950,-4867,74,-697797,1475194,320674,5,350,157
53.742,05:35:35.743,43.564103302,1.482924535,0.,0.,"0.,0.,0.","-93.428612,184.706451,-72.856308","0.,0.,0.","-3.527529,-0.238408,-0.821678","0.008959,0.001314,-4.410858","0.084245,-0.852077,-5.093593",0.,0.,-0.,-0.,-0.,1.,-0.,-0.,-0.,-0.,-7.848,-1.21875,0.,0.,-20.400272,0.,0.,124.876175,0.,0.,0.557242,0.,0.,-0.661508,0.,0.,-1.21875,0.,0.,-4.411046,-0.000427,0.00881,5.7e-05,9600.,1081.250122,3.3e-05,0.235008,-1.752941,1.197458,-128.452499,515.479065,-352.193115,-0.19757,0.293013,-0.098513,-4.608615,0.292586,-0.089702,-4.410858,0.001314,0.008959,"3.3e-05,1081.250122,9600.,5.7e-05","9600.,9600.,9600.,9600.","0.,0.,0.,0.","0.,0.,0.,0.","1.,1.,1.,1.",stab,"1000.,1000.,1.,100.","1.197458,-1.752941,0.235008,-0.03808",4,10000.,stab,31,0,0,5,0,0,-20751,-3998,1630,-180924,988558,-267191,74,330,94
53.992,05:35:35.993,43.564104181,1.482922891,0.,0.,"0.,0.,0.","-93.428612,184.706451,-72.856308","0.,0.,0.","-0.092073,-1.275065,-0.30119","0.008959,0.001314,-4.410858","0.207022,-1.125687,-5.46183",0.,0.,-0.,-0.,-0.,1.,-0.,-0.,-0.,-0.,-7.848,-1.21875,0.,0.,-20.400272,0.,0.,124.876175,0.,0.,0.557242,0.,0.,-0.661508,0.,0.,-1.21875,0.,0.,-4.411046,-0.000427,0.00881,5.7e-05,9600.,1081.250122,3.3e-05,0.235008,-1.752941,1.197458,-128.452499,515.479065,-352.193115,-0.19757,0.293013,-0.098513,-4.608615,0.292586,-0.089702,-4.410858,0.001314,0.008959,"3.3e-05,1081.250122,9600.,5.7e-05","9600.,9600.,9600.,9600.","0.,0.,0.,0.","0.,0.,0.,0.","1.,1.,1.,1.",stab,"1000.,1000.,1.,100.","1.197458,-1.752941,0.235008,-0.03808",4,10000.,stab,31,0,0,5,0,0,-21285,-3854,-227,-756308,976435,-326919,57,355,60
54.242,05:35:36.243,43.564098591,1.482913802,0.,0.,"0.,0.,0.","-93.428612,184.706451,-72.856308","0.,0.,0.","-1.955442,-1.209873,-0.034874","0.008959,0.001314,-4.410858","0.467028,-1.415312,-5.908079",0.,0.,-0.,-0.,-0.,1.,-0.,-0.,-0.,-0.,-7.848,-1.21875,0.,0.,-20.400272,0.,0.,124.876175,0.,0.,0.557242,0.,0.,-0.661508,0.,0.,-1.21875,0.,0.,-4.411046,-0.000427,0.00881,5.7e-05,9600.,1081.250122,3.3e-05,0.235008,-1.752941,1.197458,-128.452499,515.479065,-352.193115,-0.19757,0.293013,-0.098513,-4.608615,0.292586,-0.089702,-4.410858,0.001314,0.008959,"3.3e-05,1081.250122,9600.,5.7e-05","9600.,9600.,9600.,9600.","0.,0.,0.,0.","0.,0.,0.,0.","1.,1.,1.,1.",stab,"1000.,1000.,1.,100.","1.197458,-1.752941,0.235008,-0.03808",4,10000.,stab,31,0,0,5,0,0,-23359,-5069,1816,-364124,252175,-1218331,149,196,-128
54.492,05:35:36.493,43.564093177,1.482910853,0.,0.,"0.,0.,0.","-93.428612,184.706451,-72.856308","0.,0.,0.","-3.260106,1.031011,-0.468022","0.008959,0.001314,-4.410858","-0.398808,-1.485073,-5.644855",0.,0.,-0.,-0.,-0.,1.,-0.,-0.,-0.,-0.,-7.848,-1.21875,0.,0.,-20.400272,0.,0.,124.876175,0.,0.,0.557242,0.,0.,-0.661508,0.,0.,-1.21875,0.,0.,-4.411046,-0.000427,0.00881,5.7e-05,9600.,1081.250122,3.3e-05,0.235008,-1.752941,1.197458,-128.452499,515.479065,-352.193115,-0.19757,0.293013,-0.098513,-4.608615,0.292586,-0.089702,-4.410858,0.001314,0.008959,"3.3e-05,1081.250122,9600.,5.7e-05","9600.,9600.,9600.,9600.","0.,0.,0.,0.","0.,0.,0.,0.","1.,1.,1.,1.",stab,"1000.,1000.,1.,100.","1.197458,-1.752941,0.235008,-0.03808",4,10000.,stab,31,0,0,5,0,0,-25117,-6132,1987,-658897,-183549,-841116,157,42,-189
54.742,05:35:36.743,43.564090962,1.482906840,0.,0.,"0.,0.,0.","-93.428612,184.706451,-72.856308","0.,0.,0.","-3.332339,-0.105213,-0.455091","0.008959,0.001314,-4.410858","0.066475,-1.331111,-7.066792",0.,0.,-0.,-0.,-0.,1.,-0.,-0.,-0.,-0.,-7.848,-1.21875,0.,0.,-20.400272,0.,0.,124.876175,0.,0.,0.557242,0.,0.,-0.661508,0.,0.,-1.21875,0.,0.,-4.411046,-0.000427,0.00881,5.7e-05,9600.,1081.250122,3.3e-05,0.235008,-1.752941,1.197458,-128.452499,515.479065,-352.193115,-0.19757,0.293013,-0.098513,-4.608615,0.292586,-0.089702,-4.410858,0.001314,0.008959,"3.3e-05,1081.250122,9600.,5.7e-05","9600.,9600.,9600.,9600.","0.,0.,0.,0.","0.,0.,0.,0.","1.,1.,1.,1.",stab,"1000.,1000.,1.,100.","1.197458,-1.752941,0.235008,-0.03808",4,10000.,stab,31,0,0,5,0,0,-26738,-5693,411,-1439151,-150199,-1396025,74,-21,-272
54.992,05:35:36.993,43.564086567,1.482905631,0.,0.,"0.,0.,0.","-93.428612,184.706451,-72.856308","0.,0.,0.","0.405622,-1.437047,1.741006","0.008959,0.001314,-4.410858","-1.657538,-1.41235,-5.602355",0.,0.,-0.,-0.,-0.,1.,-0.,-0.,-0.,-0.,-7.848,-1.21875,0.,0.,-20.400272,0.,0.,124.876175,0.,0.,0.557242,0.,0.,-0.661508,0.,0.,-1.21875,0.,0.,-4.411046,-0.000427,0.00881,5.7e-05,9600.,1081.250122,3.3e-05,0.235008,-1.752941,1.197458,-128.452499,515.479065,-352.193115,-0.19757,0.293013,-0.098513,-4.608615,0.292586,-0.089702,-4.410858,0.001314,0.008959,"3.3e-05,1081.250122,9600.,5.7e-05","9600.,9600.,9600.,9600.","0.,0.,0.,0.","0.,0.,0.,0.","1.,1.,1.,1.",stab,"1000.,1000.,1.,100.","1.197458,-1.752941,0.235008,-0.03808",4,10000.,stab,31,0,0,5,0,0,-28872,-5723,-833,-1262786,-909529,-1423657,77,-146,-297
55.242,05:35:37.243,43.564081926,1.482905583,0.,0.,"0.,0.,0.","-93.428612,184.706451,-72.856308","0.,0.,0.","0.061384,1.147914,0.57914","0.008959,0.001314,-4.410858","-1.906223,-0.973177,-5.030589",0.,0.,-0.,-0.,-0.,1.,-0.,-0.,-0.,-0.,-7.848,-1.21875,0.,0.,-20.400272,0.,0.,124.876175,0.,0.,0.557242,0.,0.,-0.661508,0.,0.,-1.21875,0.,0.,-4.411046,-0.000427,0.00881,5.7e-05,9600.,1081.250122,3.3e-05,0.235008,-1.752941,1.197458,-128.452499,515.479065,-352.193115,-0.19757,0.293013,-0.098513,-4.608615,0.292586,-0.089702,-4.410858,0.001314,0.008959,"3.3e-05,1081.250122,9600.,5.7e-05","9600.,9600.,9600.,9600.","0.,0.,0.,0.","0.,0.,0.,0.","1.,1.,1.,1.",stab,"1000.,1000.,1.,100.","1.197458,-1.752941,0.235008,-0.03808",4,10000.,stab,31,0,0,5,0,0,-20853,-4861,-8195,-2013292,-1581711,-1353341,10,-278,-298
55.492,05:35:37.493,43.564084634,1.482911626,0.,0.,"0.,0.,0.","-93.428612,184.706451,-72.856308","0.,0.,0.","1.22482,1.940053,-1.852845","0.008959,0.001314,-4.410858","-1.268873,-1.152323,-6.715283",0.,0.,-0.,-0.,-0.,1.,-0.,-0.,-0.,-0.,-7.848,-1.21875,0.,0.,-20.400272,0.,0.,124.876175,0.,0.,0.557242,0.,0.,-0.661508,0.,0.,-1.21875,0.,0.,-4.411046,-0.000427,0.00881,5.7e-05,9600.,1081.250122,3.3e-05,0.235008,-1.752941,1.197458,-128.452499,515.479065,-352.193115,-0.19757,0.293013,-0.098513,-4.608615,0.292586,-0.089702,-4.410858,0.001314,0.008959,"3.3e-05,1081.250122,9600.,5.7e-05","9600.,9600.,9600.,9600.","0.,0.,0.,0.","0.,0.,0.,0.","1.,1.,1.,1.",stab,"1000.,1000.,1.,100.","1.197458,-1.752941,0.235008,-0.03808",4,10000.,stab,31,0,0,5,0,0,-24954,-4088,-7114,-1718591,-1451932,-45363,126,-201,-173
55.742,05:35:37.743,43.564076653,1.482911191,0.,0.,"0.,0.,0.","-93.428612,184.706451,-72.856308","0.,0.,0.","-1.330112,0.904652,-0.479799","0.008959,0.001314,-4.410858","0.06219,-1.053071,-8.107266",0.,0.,-0.,-0.,-0.,1.,-0.,-0.,-0.,-0.,-7.848,-1.21875,0.,0.,-20.400272,0.,0.,124.876175,0.,0.,0.557242,0.,0.,-0.661508,0.,0.,-1.21875,0.,0.,-4.411046,-0.000427,0.00881,5.7e-05,9600.,1081.250122,3.3e-05,0.235008,-1.752941,1.197458,-128.452499,515.479065,-352.193115,-0.19757,0.293013,-0.098513,-4.608615,0.292586,-0.089702,-4.410858,0.001314,0.008959,"3.3e-05,1081.250122,9600.,5.7e-05","9600.,9600.,9600.,9600.","0.,0.,0.,0.","0.,0.,0.,0.","1.,1.,1.,1.",stab,"1000.,1000.,1.,100.","1.197458,-1.752941,0.235008,-0.03808",4,10000.,stab,31,0,0,5,0,0,-30837,-4957,-1456,-3222372,-2509673,-107091,-180,-428,-182
55.992,05:35:37.993,43.564062801,1.482910321,0.,0.,"0.,0.,0.","-93.428612,184.706451,-72.856308","0.,0.,0.","-1.232047,-0.911346,-0.327453","0.008959,0.001314,-4.410858","0.13364,-0.867961,-8.436909",0.,0.,-0.,-0.,-0.,1.,-0.,-0.,-0.,-0.,-7.848,-1.21875,0.,0.,-20.400272,0.,0.,124.876175,0.,0.,0.557242,0.,0.,-0.661508,0.,0.,-1.21875,0.,0.,-4.411046,-0.000427,0.00881,5.7e-05,9600.,1081.250122,3.3e-05,0.235008,-1.752941,1.197458,-128.452499,515.479065,-352.193115,-0.19757,0.293013,-0.098513,-4.608615,0.292586,-0.089702,-4.410858,0.001314,0.008959,"3.3e-05,1081.250122,9600.,5.7e-05","9600.,9600.,9600.,9600.","0.,0.,0.,0.","0.,0.,0.,0.","1.,1.,1.,1.",stab,"1000.,1000.,1.,100.","1.197458,-1.752941,0.235008,-0.03808",4,10000.,stab,31,0,0,5,0,0,-35335,-4056,1483,-4494127,-3950535,-133338,-642,-822,-200
56.242,05:35:38.243,43.564067723,1.482896638,0.,0.,"0.,0.,0.","-93.428612,184.706451,-72.856308","0.,0.,0.","0.394981,-2.199368,2.352083","0.008959,0.001314,-4.410858","0.0475,-1.474385,-8.050613",0.,0.,-0.,-0.,-0.,1.,-0.,-0.,-0.,-0.,-7.848,-1.21875,0.,0.,-20.400272,0.,0.,124.876175,0.,0.,0.557242,0.,0.,-0.661508,0.,0.,-1.21875,0.,0.,-4.411046,-0.000427,0.00881,5.7e-05,9600.,1081.250122,3.3e-05,0.235008,-1.752941,1.197458,-128.452499,515.479065,-352.193115,-0.19757,0.293013,-0.098513,-4.608615,0.292586,-0.089702,-4.410858,0.001314,0.008959,"3.3e-05,1081.250122,9600.,5.7e-05","9600.,9600.,9600.,9600.","0.,0.,0.,0.","0.,0.,0.,0.","1.,1.,1.,1.",stab,"1000.,1000.,1.,100.","1.197458,-1.752941,0.235008,-0.03808",4,10000.,stab,31,0,0,5,0,0,-34438,-4342,610,-1454991,-2641668,-1222149,61,-682,-483
56.492,05:35:38.493,43.564068988,1.482901811,0.,0.,"0.,0.,0.","-93.428612,184.706451,-72.856308","0.,0.,0.","0.232368,0.859398,-0.107922","0.008959,0.001314,-4.410858","-1.128236,-1.36734,-7.186242",0.,0.,-0.,-0.,-0.,1.,-0.,-0.,-0.,-0.,-7.848,-1.21875,0.,0.,-20.400272,0.,0.,124.876175,0.,0.,0.557242,0.,0.,-0.661508,0.,0.,-1.21875,0.,0.,-4.411046,-0.000427,0.00881,5.7e-05,9600.,1081.250122,3.3e-05,0.235008,-1.752941,1.197458,-128.452499,515.479065,-352.193115,-0.19757,0.293013,-0.098513,-4.608615,0.292586,-0.089702,-4.410858,0.001314,0.008959,"3.3e-05,1081.250122,9600.,5.7e-05","9600.,9600.,9600.,9600.","0.,0.,0.,0.","0.,0.,0.,0.","1.,1.,1.,1.",stab,"1000.,1000.,1.,100.","1.197458,-1.752941,0.235008,-0.03808",4,10000.,stab,31,0,0,5,0,0,-30819,-5801,-2709,-1161208,-2087055,207322,118,-646,-376
56.742,05:35:38.743,43.564058230,1.482903262,0.,0.,"0.,0.,0.","-93.428612,184.706451,-72.856308","0.,0.,0.","-2.010359,1.844345,-0.61023","0.008959,0.001314,-4.410858","0.052836,-1.313483,-8.175526",0.,0.,-0.,-0.,-0.,1.,-0.,-0.,-0.,-0.,-7.848,-1.21875,0.,0.,-20.400272,0.,0.,124.876175,0.,0.,0.557242,0.,0.,-0.661508,0.,0.,-1.21875,0.,0.,-4.411046,-0.000427,0.00881,5.7e-05,9600.,1081.250122,3.3e-05,0.235008,-1.752941,1.197458,-128.452499,515.479065,-352.193115,-0.19757,0.293013,-0.098513,-4.608615,0.292586,-0.089702,-4.410858,0.001314,0.008959,"3.3e-05,1081.250122,9600.,5.7e-05","9600.,9600.,9600.,9600.","0.,0.,0.,0.","0.,0.,0.,0.","1.,1.,1.,1.",stab,"1000.,1000.,1.,100.","1.197458,-1.752941,0.235008,-0.03808",4,10000.,stab,31,0,0,5,0,0,-32733,-5400,-1452,-2628822,-3002597,399876,-114,-952,-346
56.992,05:35:38.993,43.564069586,1.482901570,0.,0.,"0.,0.,0.","-93.428612,184.706451,-72.856308","0.,0.,0.","0.674455,-0.116348,0.52478","0.008959,0.001314,-4.410858","-0.125425,-1.045069,-8.121833",0.,0.,-0.,-0.,-0.,1.,-0.,-0.,-0.,-0.,-7.848,-1.21875,0.,0.,-20.400272,0.,0.,124.876175,0.,0.,0.557242,0.,0.,-0.661508,0.,0.,-1.21875,0.,0.,-4.411046,-0.000427,0.00881,5.7e-05,9600.,1081.250122,3.3e-05,0.235008,-1.752941,1.197458,-128.452499,515.479065,-352.193115,-0.19757,0.293013,-0.098513,-4.608615,0.292586,-0.089702,-4.410858,0.001314,0.008959,"3.3e-05,1081.250122,9600.,5.7e-05","9600.,9600.,9600.,9600.","0.,0.,0.,0.","0.,0.,0.,0.","1.,1.,1.,1.",stab,"1000.,1000.,1.,100.","1.197458,-1.752941,0.235008,-0.03808",4,10000.,stab,31,0,0,5,0,0,-33597,-4733,-299,-1468734,-1188906,159606,74,-629,-381
57.242,05:35:39.243,43.564062871,1.482902730,0.,0.,"0.,0.,0.","-93.428612,184.706451,-72.856308","0.,0.,0.","1.019426,-1.566055,0.755981","0.008959,0.001314,-4.410858","-0.532116,-1.280245,-7.361872",0.,0.,-0.,-0.,-0.,1.,-0.,-0.,-0.,-0.,-7.848,-1.21875,0.,0.,-20.400272,0.,0.,124.876175,0.,0.,0.557242,0.,0.,-0.661508,0.,0.,-1.21875,0.,0.,-4.411046,-0.000427,0.00881,5.7e-05,9600.,1081.250122,3.3e-05,0.235008,-1.752941,1.197458,-128.452499,515.479065,-352.193115,-0.19757,0.293013,-0.098513,-4.608615,0.292586,-0.089702,-4.410858,0.001314,0.008959,"3.3e-05,1081.250122,9600.,5.7e-05","9600.,9600.,9600.,9600.","0.,0.,0.,0.","0.,0.,0.,0.","1.,1.,1.,1.",stab,"1000.,1000.,1.,100.","1.197458,-1.752941,0.235008,-0.03808",4,10000.,stab,31,0,0,5,0,0,-32538,-4579,-731,-2757415,-1993609,212765,-183,-820,-357
57.492,05:35:39.493,43.564051445,1.482903745,0.,0.,"0.,0.,0.","-93.428612,184.706451,-72.856308","0.,0.,0.","1.248674,0.154892,0.452515","0.008959,0.001314,-4.410858","-1.362276,-1.309367,-6.291417",0.,0.,-0.,-0.,-0.,1.,-0.,-0.,-0.,-0.,-7.848,-1.21875,0.,0.,-20.400272,0.,0.,124.876175,0.,0.,0.557242,0.,0.,-0.661508,0.,0.,-1.21875,0.,0.,-4.411046,-0.000427,0.00881,5.7e-05,9600.,1081.250122,3.3e-05,0.235008,-1.752941,1.197458,-128.452499,515.479065,-352.193115,-0.19757,0.293013,-0.098513,-4.608615,0.292586,-0.089702,-4.410858,0.001314,0.008959,"3.3e-05,1081.250122,9600.,5.7e-05","9600.,9600.,9600.,9600.","0.,0.,0.,0.","0.,0.,0.,0.","1.,1.,1.,1.",stab,"1000.,1000.,1.,100.","1.197458,-1.752941,0.235008,-0.03808",4,10000.,stab,31,0,0,5,0,0,-27834,-5511,-4080,-4051325,-3351522,57487,-597,-1145,-336
57.742,05:35:39.743,43.564035343,1.482903165,0.,0.,"0.,0.,0.","-93.428612,184.706451,-72.856308","0.,0.,0.","0.005998,-0.086563,-0.418579","0.008959,0.001314,-4.410858","-0.488434,-1.368164,-7.003369",0.,0.,-0.,-0.,-0.,1.,-0.,-0.,-0.,-0.,-7.848,-1.21875,0.,0.,-20.400272,0.,0.,124.876175,0.,0.,0.557242,0.,0.,-0.661508,0.,0.,-1.21875,0.,0.,-4.411046,-0.000427,0.00881,5.7e-05,9600.,1081.250122,3.3e-05,0.235008,-1.752941,1.197458,-128.452499,515.479065,-352.193115,-0.19757,0.293013,-0.098513,-4.608615,0.292586,-0.089702,-4.410858,0.001314,0.008959,"3.3e-05,1081.250122,9600.,5.7e-05","9600.,9600.,9600.,9600.","0.,0.,0.,0.","0.,0.,0.,0.","1.,1.,1.,1.",stab,"1000.,1000.,1.,100.","1.197458,-1.752941,0.235008,-0.03808",4,10000.,stab,31,0,0,5,0,0,-26633,-5341,-4340,-5407025,-4203107,-289245,-1174,-1603,-348
57.992,05:35:39.993,43.564014986,1.482899684,0.,0.,"0.,0.,0.","-93.428612,184.706451,-72.856308","0.,0.,0.","-0.033553,0.140976,-0.342896","0.008959,0.001314,-4.410858","-0.527643,-1.31662,-6.903008",0.,0.,-0.,-0.,-0.,1.,-0.,-0.,-0.,-0.,-7.848,-1.21875,0.,0.,-20.400272,0.,0.,124.876175,0.,0.,0.557242,0.,0.,-0.661508,0.,0.,-1.21875,0.,0.,-4.411046,-0.000427,0.00881,5.7e-05,9600.,1081.250122,3.3e-05,0.235008,-1.752941,1.197458,-128.452499,515.479065,-352.193115,-0.19757,0.293013,-0.098513,-4.608615,0.292586,-0.089702,-4.410858,0.001314,0.008959,"3.3e-05,1081.250122,9600.,5.7e-05","9600.,9600.,9600.,9600.","0.,0.,0.,0.","0.,0.,0.,0.","1.,1.,1.,1.",stab,"1000.,1000.,1.,100.","1.197458,-1.752941,0.235008,-0.03808",4,10000.,stab,31,0,0,5,0,0,-28063,-5501,-2519,-6612979,-5238085,-886161,-1906,-2182,-420
58.242,05:35:40.243,43.563990868,1.482893060,0.,0.,"0.,0.,0.","-93.428612,184.706451,-72.856308","0.,0.,0.","-0.623641,0.053574,-0.591187","0.008959,0.001314,-4.410858","-0.168719,-1.280043,-7.431185",0.,0.,-0.,-0.,-0.,1.,-0.,-0.,-0.,-0.,-7.848,-1.21875,0.,0.,-20.400272,0.,0.,124.876175,0.,0.,0.557242,0.,0.,-0.661508,0.,0.,-1.21875,0.,0.,-4.411046,-0.000427,0.00881,5.7e-05,9600.,1081.250122,3.3e-05,0.235008,-1.752941,1.197458,-128.452499,515.479065,-352.193115,-0.19757,0.293013,-0.098513,-4.608615,0.292586,-0.089702,-4.410858,0.001314,0.008959,"3.3e-05,1081.250122,9600.,5.7e-05","9600.,9600.,9600.,9600.","0.,0.,0.,0.","0.,0.,0.,0.","1.,1.,1.,1.",stab,"1000.,1000.,1.,100.","1.197458,-1.752941,0.235008,-0.03808",4,10000.,stab,31,0,0,5,0,0,-29205,-5355,-1384,-7967879,-5986489,-1354654,-2796,-2868,-557
58.492,05:35:40.493,43.563962813,1.482883439,0.,0.,"0.,0.,0.","-93.428612,184.706451,-72.856308","0.,0.,0.","0.842668,0.022812,0.741089","0.008959,0.001314,-4.410858","-0.292144,-1.297606,-7.262175",0.,0.,-0.,-0.,-0.,1.,-0.,-0.,-0.,-0.,-7.848,-1.21875,0.,0.,-20.400272,0.,0.,124.876175,0.,0.,0.557242,0.,0.,-0.661508,0.,0.,-1.21875,0.,0.,-4.411046,-0.000427,0.00881,5.7e-05,9600.,1081.250122,3.3e-05,0.235008,-1.752941,1.197458,-128.452499,515.479065,-352.193115,-0.19757,0.293013,-0.098513,-4.608615,0.292586,-0.089702,-4.410858,0.001314,0.008959,"3.3e-05,1081.250122,9600.,5.7e-05","9600.,9600.,9600.,9600.","0.,0.,0.,0.","0.,0.,0.,0.","1.,1.,1.,1.",stab,"1000.,1000.,1.,100.","1.197458,-1.752941,0.235008,-0.03808",4,10000.,stab,31,0,0,5,0,0,-30968,-5321,-354,-9080600,-7115468,-1909232,-3838,-3666,-756
58.742,05:35:40.743,43.563930432,1.482870868,0.,0.,"0.,0.,0.","-93.428612,184.706451,-72.856308","0.,0.,0.","-0.191268,-0.393203,0.542847","0.008959,0.001314,-4.410858","-0.562595,-1.355602,-6.898649",0.,0.,-0.,-0.,-0.,1.,-0.,-0.,-0.,-0.,-7.848,-1.21875,0.,0.,-20.400272,0.,0.,124.876175,0.,0.,0.557242,0.,0.,-0.661508,0.,0.,-1.21875,0.,0.,-4.411046,-0.000427,0.00881,5.7e-05,9600.,1081.250122,3.3e-05,0.235008,-1.752941,1.197458,-128.452499,515.479065,-352.193115,-0.19757,0.293013,-0.098513,-4.608615,0.292586,-0.089702,-4.410858,0.001314,0.008959,"3.3e-05,1081.250122,9600.,5.7e-05","9600.,9600.,9600.,9600.","0.,0.,0.,0.","0.,0.,0.,0.","1.,1.,1.,1.",stab,"1000.,1000.,1.,100.","1.197458,-1.752941,0.235008,-0.03808",4,10000.,stab,31,0,0,5,0,0,-28943,-5321,-1751,-10275368,-7963779,-2349531,-5018,-4587,-1016
58.992,05:35:40.993,43.563894325,1.482855300,0.,0.,"0.,0.,0.","-93.428612,184.706451,-72.856308","0.,0.,0.","0.355852,0.177109,1.118042","0.008959,0.001314,-4.410858","-1.255271,-1.227304,-6.212183",0.,0.,-0.,-0.,-0.,1.,-0.,-0.,-0.,-0.,-7.848,-1.21875,0.,0.,-20.400272,0.,0.,124.876175,0.,0.,0.557242,0.,0.,-0.661508,0.,0.,-1.21875,0.,0.,-4.411046,-0.000427,0.00881,5.7e-05,9600.,1081.250122,3.3e-05,0.235008,-1.752941,1.197458,-128.452499,515.479065,-352.193115,-0.19757,0.293013,-0.098513,-4.608615,0.292586,-0.089702,-4.410858,0.001314,0.008959,"3.3e-05,1081.250122,9600.,5.7e-05","9600.,9600.,9600.,9600.","0.,0.,0.,0.","0.,0.,0.,0.","1.,1.,1.,1.",stab,"1000.,1000.,1.,100.","1.197458,-1.752941,0.235008,-0.03808",4,10000.,stab,31,0,0,5,0,0,-26734,-5498,-3857,-11397124,-8917151,-2978502,-6340,-5614,-1338
59.242,05:35:41.243,43.563854210,1.482836057,0.,0.,"0.,0.,0.","-93.428612,184.706451,-72.856308","0.,0.,0.","-0.248641,-0.190811,0.527954","0.008959,0.001314,-4.410858","-1.309759,-1.095639,-6.218886",0.,0.,-0.,-0.,-0.,1.,-0.,-0.,-0.,-0.,-7.848,-1.21875,0.,0.,-20.400272,0.,0.,124.876175,0.,0.,0.557242,0.,0.,-0.661508,0.,0.,-1.21875,0.,0.,-4.411046,-0.000427,0.00881,5.7e-05,9600.,1081.250122,3.3e-05,0.235008,-1.752941,1.197458,-128.452499,515.479065,-352.193115,-0.19757,0.293013,-0.098513,-4.608615,0.292586,-0.089702,-4.410858,0.001314,0.008959,"3.3e-05,1081.250122,9600.,5.7e-05","9600.,9600.,9600.,9600.","0.,0.,0.,0.","0.,0.,0.,0.","1.,1.,1.,1.",stab,"1000.,1000.,1.,100.","1.197458,-1.752941,0.235008,-0.03808",4,10000.,stab,31,0,0,5,0,0,-25528,-4680,-4975,-12746908,-9794526,-3517228,-7810,-6755,-1736
59.492,05:35:41.493,43.563809806,1.482813382,0.,0.,"0.,0.,0.","-93.428612,184.706451,-72.856308","0.,0.,0.","1.313615,-0.643692,-0.49939","0.008959,0.001314,-4.410858","-1.421118,-0.948761,-5.991815",0.,0.,-0.,-0.,-0.,1.,-0.,-0.,-0.,-0.,-7.848,-1.21875,0.,0.,-20.400272,0.,0.,124.876175,0.,0.,0.557242,0.,0.,-0.661508,0.,0.,-1.21875,0.,0.,-4.411046,-0.000427,0.00881,5.7e-05,9600.,1081.250122,3.3e-05,0.235008,-1.752941,1.197458,-128.452499,515.479065,-352.193115,-0.19757,0.293013,-0.098513,-4.608615,0.292586,-0.089702,-4.410858,0.001314,0.008959,"3.3e-05,1081.250122,9600.,5.7e-05","9600.,9600.,9600.,9600.","0.,0.,0.,0.","0.,0.,0.,0.","1.,1.,1.,1.",stab,"1000.,1000.,1.,100.","1.197458,-1.752941,0.235008,-0.03808",4,10000.,stab,31,0,0,5,0,0,-25206,-4092,-5592,-14339519,-10827559,-4132491,-9459,-8018,-2205
59.742,05:35:41.743,43.563761604,1.482787370,0.,0.,"0.,0.,0.","-93.428612,184.706451,-72.856308","0.,0.,0.","0.745744,-0.277237,-1.134155","0.008959,0.001314,-4.410858","-1.242996,-1.262227,-6.035749",0.,0.,-0.,-0.,-0.,1.,-0.,-0.,-0.,-0.,-7.848,-1.21875,0.,0.,-20.400272,0.,0.,124.876175,0.,0.,0.557242,0.,0.,-0.661508,0.,0.,-1.21875,0.,0.,-4.411046,-0.000427,0.00881,5.7e-05,9600.,1081.250122,3.3e-05,0.235008,-1.752941,1.197458,-128.452499,515.479065,-352.193115,-0.19757,0.293013,-0.098513,-4.608615,0.292586,-0.089702,-4.410858,0.001314,0.008959,"3.3e-05,1081.250122,9600.,5.7e-05","9600.,9600.,9600.,9600.","0.,0.,0.,0.","0.,0.,0.,0.","1.,1.,1.,1.",stab,"1000.,1000.,1.,100.","1.197458,-1.752941,0.235008,-0.03808",4,10000.,stab,31,0,0,5,0,0,-24449,-4424,-5483,-16111715,-11570797,-4674418,-11321,-9389,-2743
59.992,05:35:41.993,43.563710625,1.482757539,0.,0.,"0.,0.,0.","-93.428612,184.706451,-72.856308","0.,0.,0.","-0.651473,0.654404,-0.958618","0.008959,0.001314,-4.410858","-0.101437,-1.394669,-7.140244",0.,0.,-0.,-0.,-0.,1.,-0.,-0.,-0.,-0.,-7.848,-1.21875,0.,0.,-20.400272,0.,0.,124.876175,0.,0.,0.557242,0.,0.,-0.661508,0.,0.,-1.21875,0.,0.,-4.411046,-0.000427,0.00881,5.7e-05,9600.,1081.250122,3.3e-05,0.235008,-1.752941,1.197458,-128.452499,515.479065,-352.193115,-0.19757,0.293013,-0.098513,-4.608615,0.292586,-0.089702,-4.410858,0.001314,0.008959,"3.3e-05,1081.250122,9600.,5.7e-05","9600.,9600.,9600.,9600.","0.,0.,0.,0.","0.,0.,0.,0.","1.,1.,1.,1.",stab,"1000.,1000.,1.,100.","1.197458,-1.752941,0.235008,-0.03808",4,10000.,stab,31,0,0,5,0,0,-25415,-5525,-4056,-17364094,-12263388,-5533707,-13368,-10839,-3360
60.242,05:35:42.243,43.563656095,1.482721809,0.,0.,"0.,0.,0.","-93.428612,184.706451,-72.856308","0.,0.,0.","-0.395613,0.824814,1.031616","0.008959,0.001314,-4.410858","0.105678,-1.087005,-7.525138",0.,0.,-0.,-0.,-0.,1.,-0.,-0.,-0.,-0.,-7.848,-1.21875,0.,0.,-20.400272,0.,0.,124.876175,0.,0.,0.557242,0.,0.,-0.661508,0.,0.,-1.21875,0.,0.,-4.411046,-0.000427,0.00881,5.7e-05,9600.,1081.250122,3.3e-05,0.235008,-1.752941,1.197458,-128.452499,515.479065,-352.193115,-0.19757,0.293013,-0.098513,-4.608615,0.292586,-0.089702,-4.410858,0.001314,0.008959,"3.3e-05,1081.250122,9600.,5.7e-05","9600.,9600.,9600.,9600.","0.,0.,0.,0.","0.,0.,0.,0.","1.,1.,1.,1.",stab,"1000.,1000.,1.,100.","1.197458,-1.752941,0.235008,-0.03808",4,10000.,stab,31,0,0,5,0,0,-31240,-5214,1392,-18295150,-13083654,-6444412,-15545,-12390,-4099
60.492,05:35:42.493,43.563598540,1.482682260,0.,0.,"0.,0.,0.","-93.428612,184.706451,-72.856308","0.,0.,0.","0.432512,-1.853897,0.530151","0.008959,0.001314,-4.410858","-0.210049,-1.284809,-7.041348",0.,0.,-0.,-0.,-0.,1.,-0.,-0.,-0.,-0.,-7.848,-1.21875,0.,0.,-20.400272,0.,0.,124.876175,0.,0.,0.557242,0.,0.,-0.661508,0.,0.,-1.21875,0.,0.,-4.411046,-0.000427,0.00881,5.7e-05,9600.,1081.250122,3.3e-05,0.235008,-1.752941,1.197458,-128.452499,515.479065,-352.193115,-0.19757,0.293013,-0.098513,-4.608615,0.292586,-0.089702,-4.410858,0.001314,0.008959,"3.3e-05,1081.250122,9600.,5.7e-05","9600.,9600.,9600.,9600.","0.,0.,0.,0.","0.,0.,0.,0.","1.,1.,1.,1.",stab,"1000.,1000.,1.,100.","1.197458,-1.752941,0.235008,-0.03808",4,10000.,stab,31,0,0,5,0,0,-29854,-4338,-241,-19393474,-13832866,-7041697,-17844,-14027,-4917
60.742,05:35:42.743,43.563537084,1.482637973,0.,0.,"0.,0.,0.","-93.428612,184.706451,-72.856308","0.,0.,0.","-0.834578,0.34874,0.403442","0.008959,0.001314,-4.410858","-0.836152,-1.285745,-6.338358",0.,0.,-0.,-0.,-0.,1.,-0.,-0.,-0.,-0.,-7.848,-1.21875,0.,0.,-20.400272,0.,0.,124.876175,0.,0.,0.557242,0.,0.,-0.661508,0.,0.,-1.21875,0.,0.,-4.411046,-0.000427,0.00881,5.7e-05,9600.,1081.250122,3.3e-05,0.235008,-1.752941,1.197458,-128.452499,515.479065,-352.193115,-0.19757,0.293013,-0.098513,-4.608615,0.292586,-0.089702,-4.410858,0.001314,0.008959,"3.3e-05,1081.250122,9600.,5.7e-05","9600.,9600.,9600.,9600.","0.,0.,0.,0.","0.,0.,0.,0.","1.,1.,1.,1.",stab,"1000.,1000.,1.,100.","1.197458,-1.752941,0.235008,-0.03808",4,10000.,stab,31,0,0,5,0,0,-26544,-5613,-2867,-20524920,-14656130,-7906199,-20277,-15775,-5833
60.992,05:35:42.993,43.563473165,1.482589382,0.,0.,"0.,0.,0.","-93.428612,184.706451,-72.856308","0.,0.,0.","-2.180769,1.024033,-0.595337","0.008959,0.001314,-4.410858","-0.781281,-1.301511,-6.77352",0.,0.,-0.,-0.,-0.,1.,-0.,-0.,-0.,-0.,-7.848,-1.21875,0.,0.,-20.400272,0.,0.,124.876175,0.,0.,0.557242,0.,0.,-0.661508,0.,0.,-1.21875,0.,0.,-4.411046,-0.000427,0.00881,5.7e-05,9600.,1081.250122,3.3e-05,0.235008,-1.752941,1.197458,-128.452499,515.479065,-352.193115,-0.19757,0.293013,-0.098513,-4.608615,0.292586,-0.089702,-4.410858,0.001314,0.008959,"3.3e-05,1081.250122,9600.,5.7e-05","9600.,9600.,9600.,9600.","0.,0.,0.,0.","0.,0.,0.,0.","1.,1.,1.,1.",stab,"1000.,1000.,1.,100.","1.197458,-1.752941,0.235008,-0.03808",4,10000.,stab,31,0,0,5,0,0,-25996,-5106,-3862,-21798840,-15225963,-8635859,-22861,-17593,-6838
61.242,05:35:43.243,43.563405450,1.482536102,0.,0.,"0.,0.,0.","-93.428612,184.706451,-72.856308","0.,0.,0.","-2.070174,0.507431,0.27356","0.008959,0.001314,-4.410858","-0.619589,-1.047863,-7.549133",0.,0.,-0.,-0.,-0.,1.,-0.,-0.,-0.,-0.,-7.848,-1.21875,0.,0.,-20.400272,0.,0.,124.876175,0.,0.,0.557242,0.,0.,-0.661508,0.,0.,-1.21875,0.,0.,-4.411046,-0.000427,0.00881,5.7e-05,9600.,1081.250122,3.3e-05,0.235008,-1.752941,1.197458,-128.452499,515.479065,-352.193115,-0.19757,0.293013,-0.098513,-4.608615,0.292586,-0.089702,-4.410858,0.001314,0.008959,"3.3e-05,1081.250122,9600.,5.7e-05","9600.,9600.,9600.,9600.","0.,0.,0.,0.","0.,0.,0.,0.","1.,1.,1.,1.",stab,"1000.,1000.,1.,100.","1.197458,-1.752941,0.235008,-0.03808",4,10000.,stab,31,0,0,5,0,0,-29651,-4955,-2383,-22963302,-16283907,-9274287,-25591,-19519,-7940
61.492,05:35:43.493,43.563333831,1.482481322,0.,0.,"0.,0.,0.","-93.428612,184.706451,-72.856308","0.,0.,0.","-0.030379,-0.562637,0.573852","0.008959,0.001314,-4.410858","-1.168519,-0.992352,-7.107434",0.,0.,-0.,-0.,-0.,1.,-0.,-0.,-0.,-0.,-7.848,-1.21875,0.,0.,-20.400272,0.,0.,124.876175,0.,0.,0.557242,0.,0.,-0.661508,0.,0.,-1.21875,0.,0.,-4.411046,-0.000427,0.00881,5.7e-05,9600.,1081.250122,3.3e-05,0.235008,-1.752941,1.197458,-128.452499,515.479065,-352.193115,-0.19757,0.293013,-0.098513,-4.608615,0.292586,-0.089702,-4.410858,0.001314,0.008959,"3.3e-05,1081.250122,9600.,5.7e-05","9600.,9600.,9600.,9600.","0.,0.,0.,0.","0.,0.,0.,0.","1.,1.,1.,1.",stab,"1000.,1000.,1.,100.","1.197458,-1.752941,0.235008,-0.03808",4,10000.,stab,31,0,0,5,0,0,-30391,-4157,-3566,-24241472,-17244032,-9213701,-28470,-21556,-9073
61.742,05:35:43.743,43.563257079,1.482427703,0.,0.,"0.,0.,0.","-93.428612,184.706451,-72.856308","0.,0.,0.","-1.853865,1.339463,-1.15979","0.008959,0.001314,-4.410858","-1.314335,-1.020839,-7.355527",0.,0.,-0.,-0.,-0.,1.,-0.,-0.,-0.,-0.,-7.848,-1.21875,0.,0.,-20.400272,0.,0.,124.876175,0.,0.,0.557242,0.,0.,-0.661508,0.,0.,-1.21875,0.,0.,-4.411046,-0.000427,0.00881,5.7e-05,9600.,1081.250122,3.3e-05,0.235008,-1.752941,1.197458,-128.452499,515.479065,-352.193115,-0.19757,0.293013,-0.098513,-4.608615,0.292586,-0.089702,-4.410858,0.001314,0.008959,"3.3e-05,1081.250122,9600.,5.7e-05","9600.,9600.,9600.,9600.","0.,0.,0.,0.","0.,0.,0.,0.","1.,1.,1.,1.",stab,"1000.,1000.,1.,100.","1.197458,-1.752941,0.235008,-0.03808",4,10000.,stab,31,0,0,5,0,0,-28932,-4003,-5264,-25734592,-18339122,-8984052,-31519,-23739,-10182
61.992,05:35:43.993,43.563176495,1.482376115,0.,0.,"0.,0.,0.","-93.428612,184.706451,-72.856308","0.,0.,0.","-0.250838,0.231552,-0.403687","0.008959,0.001314,-4.410858","-1.15591,-1.112768,-7.97831",0.,0.,-0.,-0.,-0.,1.,-0.,-0.,-0.,-0.,-7.848,-1.21875,0.,0.,-20.400272,0.,0.,124.876175,0.,0.,0.557242,0.,0.,-0.661508,0.,0.,-1.21875,0.,0.,-4.411046,-0.000427,0.00881,5.7e-05,9600.,1081.250122,3.3e-05,0.235008,-1.752941,1.197458,-128.452499,515.479065,-352.193115,-0.19757,0.293013,-0.098513,-4.608615,0.292586,-0.089702,-4.410858,0.001314,0.008959,"3.3e-05,1081.250122,9600.,5.7e-05","9600.,9600.,9600.,9600.","0.,0.,0.,0.","0.,0.,0.,0.","1.,1.,1.,1.",stab,"1000.,1000.,1.,100.","1.197458,-1.752941,0.235008,-0.03808",4,10000.,stab,31,0,0,5,0,0,-31606,-4400,-4882,-27235782,-19210858,-8377188,-34752,-26031,-11249
62.242,05:35:44.243,43.563092570,1.482329409,0.,0.,"0.,0.,0.","-93.428612,184.706451,-72.856308","0.,0.,0.","1.168596,-0.000137,0.246704","0.008959,0.001314,-4.410858","-0.86698,-1.176272,-8.147093",0.,0.,-0.,-0.,-0.,1.,-0.,-0.,-0.,-0.,-7.848,-1.21875,0.,0.,-20.400272,0.,0.,124.876175,0.,0.,0.557242,0.,0.,-0.661508,0.,0.,-1.21875,0.,0.,-4.411046,-0.000427,0.00881,5.7e-05,9600.,1081.250122,3.3e-05,0.235008,-1.752941,1.197458,-128.452499,515.479065,-352.193115,-0.19757,0.293013,-0.098513,-4.608615,0.292586,-0.089702,-4.410858,0.001314,0.008959,"3.3e-05,1081.250122,9600.,5.7e-05","9600.,9600.,9600.,9600.","0.,0.,0.,0.","0.,0.,0.,0.","1.,1.,1.,1.",stab,"1000.,1000.,1.,100.","1.197458,-1.752941,0.235008,-0.03808",4,10000.,stab,31,0,0,5,0,0,-33084,-4705,-4209,-28795626,-19862616,-7439502,-38171,-28418,-12215
62.492,05:35:44.493,43.563006113,1.482287974,0.,0.,"0.,0.,0.","-93.428612,184.706451,-72.856308","0.,0.,0.","1.437883,-0.274063,-1.011597","0.008959,0.001314,-4.410858","-0.598659,-1.289288,-8.01414",0.,0.,-0.,-0.,-0.,1.,-0.,-0.,-0.,-0.,-7.848,-1.21875,0.,0.,-20.400272,0.,0.,124.876175,0.,0.,0.557242,0.,0.,-0.661508,0.,0.,-1.21875,0.,0.,-4.411046,-0.000427,0.00881,5.7e-05,9600.,1081.250122,3.3e-05,0.235008,-1.752941,1.197458,-128.452499,515.479065,-352.193115,-0.19757,0.293013,-0.098513,-4.608615,0.292586,-0.089702,-4.410858,0.001314,0.008959,"3.3e-05,1081.250122,9600.,5.7e-05","9600.,9600.,9600.,9600.","0.,0.,0.,0.","0.,0.,0.,0.","1.,1.,1.,1.",stab,"1000.,1000.,1.,100.","1.197458,-1.752941,0.235008,-0.03808",4,10000.,stab,31,0,0,5,0,0,-32893,-4817,-3373,-30384166,-20498654,-6563334,-41781,-30877,-13072
62.742,05:35:44.743,43.562915753,1.482252002,0.,0.,"0.,0.,0.","-93.428612,184.706451,-72.856308","0.,0.,0.","-0.096297,-0.470108,-1.061646","0.008959,0.001314,-4.410858","0.551296,-1.213783,-9.13987",0.,0.,-0.,-0.,-0.,1.,-0.,-0.,-0.,-0.,-7.848,-1.21875,0.,0.,-20.400272,0.,0.,124.876175,0.,0.,0.557242,0.,0.,-0.661508,0.,0.,-1.21875,0.,0.,-4.411046,-0.000427,0.00881,5.7e-05,9600.,1081.250122,3.3e-05,0.235008,-1.752941,1.197458,-128.452499,515.479065,-352.193115,-0.19757,0.293013,-0.098513,-4.608615,0.292586,-0.089702,-4.410858,0.001314,0.008959,"3.3e-05,1081.250122,9600.,5.7e-05","9600.,9600.,9600.,9600.","0.,0.,0.,0.","0.,0.,0.,0.","1.,1.,1.,1.",stab,"1000.,1000.,1.,100.","1.197458,-1.752941,0.235008,-0.03808",4,10000.,stab,31,0,0,5,0,0,-34962,-5354,-41,-31847386,-21583020,-5701889,-45583,-33447,-13816
62.992,05:35:44.993,43.562821419,1.482219849,0.,0.,"0.,0.,0.","-93.428612,184.706451,-72.856308","0.,0.,0.","-0.636336,-0.381485,0.646362","0.008959,0.001314,-4.410858","0.703746,-1.320123,-9.301849",0.,0.,-0.,-0.,-0.,1.,-0.,-0.,-0.,-0.,-7.848,-1.21875,0.,0.,-20.400272,0.,0.,124.876175,0.,0.,0.557242,0.,0.,-0.661508,0.,0.,-1.21875,0.,0.,-4.411046,-0.000427,0.00881,5.7e-05,9600.,1081.250122,3.3e-05,0.235008,-1.752941,1.197458,-128.452499,515.479065,-352.193115,-0.19757,0.293013,-0.098513,-4.608615,0.292586,-0.089702,-4.410858,0.001314,0.008959,"3.3e-05,1081.250122,9600.,5.7e-05","9600.,9600.,9600.,9600.","0.,0.,0.,0.","0.,0.,0.,0.","1.,1.,1.,1.",stab,"1000.,1000.,1.,100.","1.197458,-1.752941,0.235008,-0.03808",4,10000.,stab,31,0,0,5,0,0,-38248,-5045,3037,-32979480,-22352980,-5217594,-49540,-36130,-14481
63.242,05:35:45.243,43.562723991,1.482190501,0.,0.,"0.,0.,0.","-93.428612,184.706451,-72.856308","0.,0.,0.","-0.999617,-0.440078,0.718628","0.008959,0.001314,-4.410858","-0.445421,-1.358804,-8.296862",0.,0.,-0.,-0.,-0.,1.,-0.,-0.,-0.,-0.,-7.848,-1.21875,0.,0.,-20.400272,0.,0.,124.876175,0.,0.,0.557242,0.,0.,-0.661508,0.,0.,-1.21875,0.,0.,-4.411046,-0.000427,0.00881,5.7e-05,9600.,1081.250122,3.3e-05,0.235008,-1.752941,1.197458,-128.452499,515.479065,-352.193115,-0.19757,0.293013,-0.098513,-4.608615,0.292586,-0.089702,-4.410858,0.001314,0.008959,"3.3e-05,1081.250122,9600.,5.7e-05","9600.,9600.,9600.,9600.","0.,0.,0.,0.","0.,0.,0.,0.","1.,1.,1.,1.",stab,"1000.,1000.,1.,100.","1.197458,-1.752941,0.235008,-0.03808",4,10000.,stab,31,0,0,5,0,0,-36927,-5600,1654,-34113436,-23071848,-4697506,-53635,-38901,-15088
63.492,05:35:45.493,43.562623328,1.482164585,0.,0.,"0.,0.,0.","-93.428612,184.706451,-72.856308","0.,0.,0.","-0.660994,0.691758,-0.112671","0.008959,0.001314,-4.410858","-0.858011,-1.328495,-7.983897",0.,0.,-0.,-0.,-0.,1.,-0.,-0.,-0.,-0.,-7.848,-1.21875,0.,0.,-20.400272,0.,0.,124.876175,0.,0.,0.557242,0.,0.,-0.661508,0.,0.,-1.21875,0.,0.,-4.411046,-0.000427,0.00881,5.7e-05,9600.,1081.250122,3.3e-05,0.235008,-1.752941,1.197458,-128.452499,515.479065,-352.193115,-0.19757,0.293013,-0.098513,-4.608615,0.292586,-0.089702,-4.410858,0.001314,0.008959,"3.3e-05,1081.250122,9600.,5.7e-05","9600.,9600.,9600.,9600.","0.,0.,0.,0.","0.,0.,0.,0.","1.,1.,1.,1.",stab,"1000.,1000.,1.,100.","1.197458,-1.752941,0.235008,-0.03808",4,10000.,stab,31,0,0,5,0,0,-32542,-5621,-3403,-35363080,-23839414,-4061186,-57873,-41764,-15624
63.742,05:35:45.743,43.562519429,1.482143020,0.,0.,"0.,0.,0.","-93.428612,184.706451,-72.856308","0.,0.,0.","0.55507,-1.462783,-0.308716","0.008959,0.001314,-4.410858","-0.560555,-1.377303,-8.325131",0.,0.,-0.,-0.,-0.,1.,-0.,-0.,-0.,-0.,-7.848,-1.21875,0.,0.,-20.400272,0.,0.,124.876175,0.,0.,0.557242,0.,0.,-0.661508,0.,0.,-1.21875,0.,0.,-4.411046,-0.000427,0.00881,5.7e-05,9600.,1081.250122,3.3e-05,0.235008,-1.752941,1.197458,-128.452499,515.479065,-352.193115,-0.19757,0.293013,-0.098513,-4.608615,0.292586,-0.089702,-4.410858,0.001314,0.008959,"3.3e-05,1081.250122,9600.,5.7e-05","9600.,9600.,9600.,9600.","0.,0.,0.,0.","0.,0.,0.,0.","1.,1.,1.,1.",stab,"1000.,1000.,1.,100.","1.197458,-1.752941,0.235008,-0.03808",4,10000.,stab,31,0,0,5,0,0,-33887,-5354,-2438,-36690084,-24563100,-3228424,-62271,-44719,-16070
63.992,05:35:45.993,43.562412507,1.482126484,0.,0.,"0.,0.,0.","-93.428612,184.706451,-72.856308","0.,0.,0.","-0.424422,-1.104873,0.014526","0.008959,0.001314,-4.410858","-2.901065,-1.210619,-5.770102",0.,0.,-0.,-0.,-0.,1.,-0.,-0.,-0.,-0.,-7.848,-1.21875,0.,0.,-20.400272,0.,0.,124.876175,0.,0.,0.557242,0.,0.,-0.661508,0.,0.,-1.21875,0.,0.,-4.411046,-0.000427,0.00881,5.7e-05,9600.,1081.250122,3.3e-05,0.235008,-1.752941,1.197458,-128.452499,515.479065,-352.193115,-0.19757,0.293013,-0.098513,-4.608615,0.292586,-0.089702,-4.410858,0.001314,0.008959,"3.3e-05,1081.250122,9600.,5.7e-05","9600.,9600.,9600.,9600.","0.,0.,0.,0.","0.,0.,0.,0.","1.,1.,1.,1.",stab,"1000.,1000.,1.,100.","1.197458,-1.752941,0.235008,-0.03808",4,10000.,stab,31,0,0,5,0,0,-27360,-6089,-8601,-37976748,-25242878,-2398929,-66828,-47760,-16412
64.243,05:35:46.243,43.562302841,1.482114783,0.,0.,"0.,0.,0.","-93.428612,184.706451,-72.856308","0.,0.,0.","0.813859,-1.610977,0.345825","0.008959,0.001314,-4.410858","-3.109812,-0.95825,-5.64107",0.,0.,-0.,-0.,-0.,1.,-0.,-0.,-0.,-0.,-7.848,-1.21875,0.,0.,-20.400272,0.,0.,124.876175,0.,0.,0.557242,0.,0.,-0.661508,0.,0.,-1.21875,0.,0.,-4.411046,-0.000427,0.00881,5.7e-05,9600.,1081.250122,3.3e-05,0.235008,-1.752941,1.197458,-128.452499,515.479065,-352.193115,-0.19757,0.293013,-0.098513,-4.608615,0.292586,-0.089702,-4.410858,0.001314,0.008959,"3.3e-05,1081.250122,9600.,5.7e-05","9600.,9600.,9600.,9600.","0.,0.,0.,0.","0.,0.,0.,0.","1.,1.,1.,1.",stab,"1000.,1000.,1.,100.","1.197458,-1.752941,0.235008,-0.03808",4,10000.,stab,31,0,0,5,0,0,-23248,-4759,-12743,-39245932,-25802604,-1364908,-71543,-50879,-16654
64.493,05:35:46.493,43.562191732,1.482109463,0.,0.,"0.,0.,0.","-93.428612,184.706451,-72.856308","0.,0.,0.","-0.075057,-1.502334,0.295776","0.008959,0.001314,-4.410858","-3.099223,-0.46339,-5.625071",0.,0.,-0.,-0.,-0.,1.,-0.,-0.,-0.,-0.,-7.848,-1.21875,0.,0.,-20.400272,0.,0.,124.876175,0.,0.,0.557242,0.,0.,-0.661508,0.,0.,-1.21875,0.,0.,-4.411046,-0.000427,0.00881,5.7e-05,9600.,1081.250122,3.3e-05,0.235008,-1.752941,1.197458,-128.452499,515.479065,-352.193115,-0.19757,0.293013,-0.098513,-4.608615,0.292586,-0.089702,-4.410858,0.001314,0.008959,"3.3e-05,1081.250122,9600.,5.7e-05","9600.,9600.,9600.,9600.","0.,0.,0.,0.","0.,0.,0.,0.","1.,1.,1.,1.",stab,"1000.,1000.,1.,100.","1.197458,-1.752941,0.235008,-0.03808",4,10000.,stab,31,0,0,5,0,0,-23085,-3050,-12711,-40334236,-25869432,-418243,-76406,-54039,-16764
64.743,05:35:46.743,43.562081291,1.482109221,0.,0.,"0.,0.,0.","-93.428612,184.706451,-72.856308","0.,0.,0.","-0.139998,-0.52211,0.758179","0.008959,0.001314,-4.410858","-3.095618,-0.216671,-5.605771",0.,0.,-0.,-0.,-0.,1.,-0.,-0.,-0.,-0.,-7.848,-1.21875,0.,0.,-20.400272,0.,0.,124.876175,0.,0.,0.557242,0.,0.,-0.661508,0.,0.,-1.21875,0.,0.,-4.411046,-0.000427,0.00881,5.7e-05,9600.,1081.250122,3.3e-05,0.235008,-1.752941,1.197458,-128.452499,515.479065,-352.193115,-0.19757,0.293013,-0.098513,-4.608615,0.292586,-0.089702,-4.410858,0.001314,0.008959,"3.3e-05,1081.250122,9600.,5.7e-05","9600.,9600.,9600.,9600.","0.,0.,0.,0.","0.,0.,0.,0.","1.,1.,1.,1.",stab,"1000.,1000.,1.,100.","1.197458,-1.752941,0.235008,-0.03808",4,10000.,stab,31,0,0,5,0,0,-22986,-1301,-12683,-40617056,-25596120,274610,-81355,-57180,-16769
64.993,05:35:46.993,43.561971834,1.482111976,0.,0.,"0.,0.,0.","-93.428612,184.706451,-72.856308","0.,0.,0.","0.026018,-0.376358,0.196655","0.008959,0.001314,-4.410858","-3.08801,-0.057888,-5.761483",0.,0.,-0.,-0.,-0.,1.,-0.,-0.,-0.,-0.,-7.848,-1.21875,0.,0.,-20.400272,0.,0.,124.876175,0.,0.,0.557242,0.,0.,-0.661508,0.,0.,-1.21875,0.,0.,-4.411046,-0.000427,0.00881,5.7e-05,9600.,1081.250122,3.3e-05,0.235008,-1.752941,1.197458,-128.452499,515.479065,-352.193115,-0.19757,0.293013,-0.098513,-4.608615,0.292586,-0.089702,-4.410858,0.001314,0.008959,"3.3e-05,1081.250122,9600.,5.7e-05","9600.,9600.,9600.,9600.","0.,0.,0.,0.","0.,0.,0.,0.","1.,1.,1.,1.",stab,"1000.,1000.,1.,100.","1.197458,-1.752941,0.235008,-0.03808",4,10000.,stab,31,0,0,5,0,0,-23385,-615,-12646,-40700840,-25367142,616854,-86319,-60293,-16712
65.243,05:35:47.243,43.561863572,1.482115601,0.,0.,"0.,0.,0.","-93.428612,184.706451,-72.856308","0.,0.,0.","0.009172,0.006211,0.004028","0.008959,0.001314,-4.410858","-3.082365,-0.033874,-5.827652",0.,0.,-0.,-0.,-0.,1.,-0.,-0.,-0.,-0.,-7.848,-1.21875,0.,0.,-20.400272,0.,0.,124.876175,0.,0.,0.557242,0.,0.,-0.661508,0.,0.,-1.21875,0.,0.,-4.411046,-0.000427,0.00881,5.7e-05,9600.,1081.250122,3.3e-05,0.235008,-1.752941,1.197458,-128.452499,515.479065,-352.193115,-0.19757,0.293013,-0.098513,-4.608615,0.292586,-0.089702,-4.410858,0.001314,0.008959,"3.3e-05,1081.250122,9600.,5.7e-05","9600.,9600.,9600.,9600.","0.,0.,0.,0.","0.,0.,0.,0.","1.,1.,1.,1.",stab,"1000.,1000.,1.,100.","1.197458,-1.752941,0.235008,-0.03808",4,10000.,stab,31,0,0,5,0,0,-23762,-142,-12635,-40701224,-25058250,543008,-91289,-63372,-16637
65.493,05:35:47.493,43.561756469,1.482118501,0.,0.,"0.,0.,0.","-93.428612,184.706451,-72.856308","0.,0.,0.","0.011125,0.004013,0.001831","0.008959,0.001314,-4.410858","-3.080022,-0.034808,-5.827944",0.,0.,-0.,-0.,-0.,1.,-0.,-0.,-0.,-0.,-7.848,-1.21875,0.,0.,-20.400272,0.,0.,124.876175,0.,0.,0.557242,0.,0.,-0.661508,0.,0.,-1.21875,0.,0.,-4.411046,-0.000427,0.00881,5.7e-05,9600.,1081.250122,3.3e-05,0.235008,-1.752941,1.197458,-128.452499,515.479065,-352.193115,-0.19757,0.293013,-0.098513,-4.608615,0.292586,-0.089702,-4.410858,0.001314,0.008959,"3.3e-05,1081.250122,9600.,5.7e-05","9600.,9600.,9600.,9600.","0.,0.,0.,0.","0.,0.,0.,0.","1.,1.,1.,1.",stab,"1000.,1000.,1.,100.","1.197458,-1.752941,0.235008,-0.03808",4,10000.,stab,31,0,0,5,0,0,-23870,-140,-12621,-40710688,-24853854,453060,-96257,-66418,-16577
65.743,05:35:47.743,43.561650209,1.482120966,0.,0.,"0.,0.,0.","-93.428612,184.706451,-72.856308","0.,0.,0.","0.007951,0.007187,0.002808","0.008959,0.001314,-4.410858","-3.07768,-0.035738,-5.828285",0.,0.,-0.,-0.,-0.,1.,-0.,-0.,-0.,-0.,-7.848,-1.21875,0.,0.,-20.400272,0.,0.,124.876175,0.,0.,0.557242,0.,0.,-0.661508,0.,0.,-1.21875,0.,0.,-4.411046,-0.000427,0.00881,5.7e-05,9600.,1081.250122,3.3e-05,0.235008,-1.752941,1.197458,-128.452499,515.479065,-352.193115,-0.19757,0.293013,-0.098513,-4.608615,0.292586,-0.089702,-4.410858,0.001314,0.008959,"3.3e-05,1081.250122,9600.,5.7e-05","9600.,9600.,9600.,9600.","0.,0.,0.,0.","0.,0.,0.,0.","1.,1.,1.,1.",stab,"1000.,1000.,1.,100.","1.197458,-1.752941,0.235008,-0.03808",4,10000.,stab,31,0,0,5,0,0,-23871,-144,-12611,-40725920,-24658442,382113,-101228,-69440,-16526
65.993,05:35:47.993,43.561544793,1.482122995,0.,0.,"0.,0.,0.","-93.428612,184.706451,-72.856308","0.,0.,0.","0.010148,0.003037,-0.000366","0.008959,0.001314,-4.410858","-3.075319,-0.036626,-5.828645",0.,0.,-0.,-0.,-0.,1.,-0.,-0.,-0.,-0.,-7.848,-1.21875,0.,0.,-20.400272,0.,0.,124.876175,0.,0.,0.557242,0.,0.,-0.661508,0.,0.,-1.21875,0.,0.,-4.411046,-0.000427,0.00881,5.7e-05,9600.,1081.250122,3.3e-05,0.235008,-1.752941,1.197458,-128.452499,515.479065,-352.193115,-0.19757,0.293013,-0.098513,-4.608615,0.292586,-0.089702,-4.410858,0.001314,0.008959,"3.3e-05,1081.250122,9600.,5.7e-05","9600.,9600.,9600.,9600.","0.,0.,0.,0.","0.,0.,0.,0.","1.,1.,1.,1.",stab,"1000.,1000.,1.,100.","1.197458,-1.752941,0.235008,-0.03808",4,10000.,stab,31,0,0,5,0,0,-23873,-147,-12601,-40741712,-24461388,316021,-106200,-72438,-16484
66.243,05:35:48.243,43.561440219,1.482124686,0.,0.,"0.,0.,0.","-93.428612,184.706451,-72.856308","0.,0.,0.","0.009172,0.004013,0.00061","0.008959,0.001314,-4.410858","-3.072972,-0.037545,-5.828991",0.,0.,-0.,-0.,-0.,1.,-0.,-0.,-0.,-0.,-7.848,-1.21875,0.,0.,-20.400272,0.,0.,124.876175,0.,0.,0.557242,0.,0.,-0.661508,0.,0.,-1.21875,0.,0.,-4.411046,-0.000427,0.00881,5.7e-05,9600.,1081.250122,3.3e-05,0.235008,-1.752941,1.197458,-128.452499,515.479065,-352.193115,-0.19757,0.293013,-0.098513,-4.608615,0.292586,-0.089702,-4.410858,0.001314,0.008959,"3.3e-05,1081.250122,9600.,5.7e-05","9600.,9600.,9600.,9600.","0.,0.,0.,0.","0.,0.,0.,0.","1.,1.,1.,1.",stab,"1000.,1000.,1.,100.","1.197458,-1.752941,0.235008,-0.03808",4,10000.,stab,31,0,0,5,0,0,-23874,-151,-12592,-40756584,-24266132,251875,-111175,-75412,-16449
66.493,05:35:48.493,43.561336489,1.482125991,0.,0.,"0.,0.,0.","-93.428612,184.706451,-72.856308","0.,0.,0.","0.007951,-0.014053,-0.005737","0.008959,0.001314,-4.410858","-3.070551,-0.038417,-5.82943",0.,0.,-0.,-0.,-0.,1.,-0.,-0.,-0.,-0.,-7.848,-1.21875,0.,0.,-20.400272,0.,0.,124.876175,0.,0.,0.557242,0.,0.,-0.661508,0.,0.,-1.21875,0.,0.,-4.411046,-0.000427,0.00881,5.7e-05,9600.,1081.250122,3.3e-05,0.235008,-1.752941,1.197458,-128.452499,515.479065,-352.193115,-0.19757,0.293013,-0.098513,-4.608615,0.292586,-0.089702,-4.410858,0.001314,0.008959,"3.3e-05,1081.250122,9600.,5.7e-05","9600.,9600.,9600.,9600.","0.,0.,0.,0.","0.,0.,0.,0.","1.,1.,1.,1.",stab,"1000.,1000.,1.,100.","1.197458,-1.752941,0.235008,-0.03808",4,10000.,stab,31,0,0,5,0,0,-23876,-155,-12582,-40770316,-24070842,190610,-116151,-78362,-16422
66.743,05:35:48.743,43.561233567,1.482126957,0.,0.,"0.,0.,0.","-93.428612,184.706451,-72.856308","0.,0.,0.","-0.955916,0.150498,-0.369507","0.008959,0.001314,-4.410858","-3.087983,-0.048355,-5.799565",0.,0.,-0.,-0.,-0.,1.,-0.,-0.,-0.,-0.,-7.848,-1.21875,0.,0.,-20.400272,0.,0.,124.876175,0.,0.,0.557242,0.,0.,-0.661508,0.,0.,-1.21875,0.,0.,-4.411046,-0.000427,0.00881,5.7e-05,9600.,1081.250122,3.3e-05,0.235008,-1.752941,1.197458,-128.452499,515.479065,-352.193115,-0.19757,0.293013,-0.098513,-4.608615,0.292586,-0.089702,-4.410858,0.001314,0.008959,"3.3e-05,1081.250122,9600.,5.7e-05","9600.,9600.,9600.,9600.","0.,0.,0.,0.","0.,0.,0.,0.","1.,1.,1.,1.",stab,"1000.,1000.,1.,100.","1.197458,-1.752941,0.235008,-0.03808",4,10000.,stab,31,0,0,5,0,0,-23880,-158,-12573,-40783612,-23876408,133225,-121128,-81289,-16402
66.993,05:35:48.993,43.561131488,1.482127584,0.,0.,"0.,0.,0.","-93.428612,184.706451,-72.856308","0.,0.,0.","-0.084578,0.263535,-0.322632","0.008959,0.001314,-4.410858","-3.343661,-0.046151,-5.766572",0.,0.,-0.,-0.,-0.,1.,-0.,-0.,-0.,-0.,-7.848,-1.21875,0.,0.,-20.400272,0.,0.,124.876175,0.,0.,0.557242,0.,0.,-0.661508,0.,0.,-1.21875,0.,0.,-4.411046,-0.000427,0.00881,5.7e-05,9600.,1081.250122,3.3e-05,0.235008,-1.752941,1.197458,-128.452499,515.479065,-352.193115,-0.19757,0.293013,-0.098513,-4.608615,0.292586,-0.089702,-4.410858,0.001314,0.008959,"3.3e-05,1081.250122,9600.,5.7e-05","9600.,9600.,9600.,9600.","0.,0.,0.,0.","0.,0.,0.,0.","1.,1.,1.,1.",stab,"1000.,1000.,1.,100.","1.197458,-1.752941,0.235008,-0.03808",4,10000.,stab,31,0,0,5,0,0,-23706,-295,-13145,-40690956,-23660544,47221,-126103,-84192,-16389
67.243,05:35:49.243,43.561031131,1.482127680,0.,0.,"0.,0.,0.","-93.428612,184.706451,-72.856308","0.,0.,0.","-0.283797,-0.114151,0.181763","0.008959,0.001314,-4.410858","-3.25514,-0.046158,-5.762045",0.,0.,-0.,-0.,-0.,1.,-0.,-0.,-0.,-0.,-7.848,-1.21875,0.,0.,-20.400272,0.,0.,124.876175,0.,0.,0.557242,0.,0.,-0.661508,0.,0.,-1.21875,0.,0.,-4.411046,-0.000427,0.00881,5.7e-05,9600.,1081.250122,3.3e-05,0.235008,-1.752941,1.197458,-128.452499,515.479065,-352.193115,-0.19757,0.293013,-0.098513,-4.608615,0.292586,-0.089702,-4.410858,0.001314,0.008959,"3.3e-05,1081.250122,9600.,5.7e-05","9600.,9600.,9600.,9600.","0.,0.,0.,0.","0.,0.,0.,0.","1.,1.,1.,1.",stab,"1000.,1000.,1.,100.","1.197458,-1.752941,0.235008,-0.03808",4,10000.,stab,31,0,0,5,0,0,-23542,-192,-13496,-41007784,-23042078,-38843,-131088,-87046,-16387
67.493,05:35:49.493,43.560933517,1.482127099,0.,0.,"0.,0.,0.","-93.428612,184.706451,-72.856308","0.,0.,0.","-2.93492,-0.160049,0.253296","0.008959,0.001314,-4.410858","-3.762077,-0.036947,-5.840826",0.,0.,-0.,-0.,-0.,1.,-0.,-0.,-0.,-0.,-7.848,-1.21875,0.,0.,-20.400272,0.,0.,124.876175,0.,0.,0.557242,0.,0.,-0.661508,0.,0.,-1.21875,0.,0.,-4.411046,-0.000427,0.00881,5.7e-05,9600.,1081.250122,3.3e-05,0.235008,-1.752941,1.197458,-128.452499,515.479065,-352.193115,-0.19757,0.293013,-0.098513,-4.608615,0.292586,-0.089702,-4.410858,0.001314,0.008959,"3.3e-05,1081.250122,9600.,5.7e-05","9600.,9600.,9600.,9600.","0.,0.,0.,0.","0.,0.,0.,0.","1.,1.,1.,1.",stab,"1000.,1000.,1.,100.","1.197458,-1.752941,0.235008,-0.03808",4,10000.,stab,31,0,0,5,0,0,-23733,-190,-13743,-40902188,-22437844,-194339,-136091,-89822,-16399
67.743,05:35:49.743,43.560839171,1.482125212,0.,0.,"0.,0.,0.","-93.428612,184.706451,-72.856308","0.,0.,0.","-4.065779,-1.053848,0.296753","0.008959,0.001314,-4.410858","-4.41861,-0.031011,-5.909565",0.,0.,-0.,-0.,-0.,1.,-0.,-0.,-0.,-0.,-7.848,-1.21875,0.,0.,-20.400272,0.,0.,124.876175,0.,0.,0.557242,0.,0.,-0.661508,0.,0.,-1.21875,0.,0.,-4.411046,-0.000427,0.00881,5.7e-05,9600.,1081.250122,3.3e-05,0.235008,-1.752941,1.197458,-128.452499,515.479065,-352.193115,-0.19757,0.293013,-0.098513,-4.608615,0.292586,-0.089702,-4.410858,0.001314,0.008959,"3.3e-05,1081.250122,9600.,5.7e-05","9600.,9600.,9600.,9600.","0.,0.,0.,0.","0.,0.,0.,0.","1.,1.,1.,1.",stab,"1000.,1000.,1.,100.","1.197458,-1.752941,0.235008,-0.03808",4,10000.,stab,31,0,0,5,0,0,-24032,-135,-16513,-41429220,-21471342,-460299,-141102,-92505,-16438
67.993,05:35:49.993,43.560749642,1.482122454,0.,0.,"0.,0.,0.","-93.428612,184.706451,-72.856308","0.,0.,0.","-3.179793,-0.650039,-0.193726","0.008959,0.001314,-4.410858","-5.341664,-0.064524,-6.030407",0.,0.,-0.,-0.,-0.,1.,-0.,-0.,-0.,-0.,-7.848,-1.21875,0.,0.,-20.400272,0.,0.,124.876175,0.,0.,0.557242,0.,0.,-0.661508,0.,0.,-1.21875,0.,0.,-4.411046,-0.000427,0.00881,5.7e-05,9600.,1081.250122,3.3e-05,0.235008,-1.752941,1.197458,-128.452499,515.479065,-352.193115,-0.19757,0.293013,-0.098513,-4.608615,0.292586,-0.089702,-4.410858,0.001314,0.008959,"3.3e-05,1081.250122,9600.,5.7e-05","9600.,9600.,9600.,9600.","0.,0.,0.,0.","0.,0.,0.,0.","1.,1.,1.,1.",stab,"1000.,1000.,1.,100.","1.197458,-1.752941,0.235008,-0.03808",4,10000.,stab,31,0,0,5,0,0,-24387,-228,-19923,-42717628,-20310068,-335540,-146230,-95051,-16495
68.243,05:35:50.243,43.560664155,1.482123275,0.,0.,"0.,0.,0.","-93.428612,184.706451,-72.856308","0.,0.,0.","-0.552352,1.015488,0.873169","0.008959,0.001314,-4.410858","-5.845638,-0.170996,-6.003911",0.,0.,-0.,-0.,-0.,1.,-0.,-0.,-0.,-0.,-7.848,-1.21875,0.,0.,-20.400272,0.,0.,124.876175,0.,0.,0.557242,0.,0.,-0.661508,0.,0.,-1.21875,0.,0.,-4.411046,-0.000427,0.00881,5.7e-05,9600.,1081.250122,3.3e-05,0.235008,-1.752941,1.197458,-128.452499,515.479065,-352.193115,-0.19757,0.293013,-0.098513,-4.608615,0.292586,-0.089702,-4.410858,0.001314,0.008959,"3.3e-05,1081.250122,9600.,5.7e-05","9600.,9600.,9600.,9600.","0.,0.,0.,0.","0.,0.,0.,0.","1.,1.,1.,1.",stab,"1000.,1000.,1.,100.","1.197458,-1.752941,0.235008,-0.03808",4,10000.,stab,31,0,0,5,0,0,-24983,-510,-23046,-43687924,-19572042,717418,-151516,-97482,-16478
68.493,05:35:50.493,43.560581305,1.482130236,0.,0.,"0.,0.,0.","-93.428612,184.706451,-72.856308","0.,0.,0.","0.170549,0.295517,-0.144653","0.008959,0.001314,-4.410858","-5.886392,-0.164203,-5.915064",0.,0.,-0.,-0.,-0.,1.,-0.,-0.,-0.,-0.,-7.848,-1.21875,0.,0.,-20.400272,0.,0.,124.876175,0.,0.,0.557242,0.,0.,-0.661508,0.,0.,-1.21875,0.,0.,-4.411046,-0.000427,0.00881,5.7e-05,9600.,1081.250122,3.3e-05,0.235008,-1.752941,1.197458,-128.452499,515.479065,-352.193115,-0.19757,0.293013,-0.098513,-4.608615,0.292586,-0.089702,-4.410858,0.001314,0.008959,"3.3e-05,1081.250122,9600.,5.7e-05","9600.,9600.,9600.,9600.","0.,0.,0.,0.","0.,0.,0.,0.","1.,1.,1.,1.",stab,"1000.,1000.,1.,100.","1.197458,-1.752941,0.235008,-0.03808",4,10000.,stab,31,0,0,5,0,0,-24279,-642,-24104,-43958656,-18999766,1619804,-156866,-99838,-16334
68.743,05:35:50.743,43.560500986,1.482141838,0.,0.,"0.,0.,0.","-93.428612,184.706451,-72.856308","0.,0.,0.","0.064103,0.330674,-0.569702","0.008959,0.001314,-4.410858","-5.868455,-0.079966,-5.962382",0.,0.,-0.,-0.,-0.,1.,-0.,-0.,-0.,-0.,-7.848,-1.21875,0.,0.,-20.400272,0.,0.,124.876175,0.,0.,0.557242,0.,0.,-0.661508,0.,0.,-1.21875,0.,0.,-4.411046,-0.000427,0.00881,5.7e-05,9600.,1081.250122,3.3e-05,0.235008,-1.752941,1.197458,-128.452499,515.479065,-352.193115,-0.19757,0.293013,-0.098513,-4.608615,0.292586,-0.089702,-4.410858,0.001314,0.008959,"3.3e-05,1081.250122,9600.,5.7e-05","9600.,9600.,9600.,9600.","0.,0.,0.,0.","0.,0.,0.,0.","1.,1.,1.,1.",stab,"1000.,1000.,1.,100.","1.197458,-1.752941,0.235008,-0.03808",4,10000.,stab,31,0,0,5,0,0,-24245,-582,-24087,-44236420,-18476486,2324817,-162250,-102122,-16094
68.993,05:35:50.993,43.560422494,1.482157793,0.,0.,"0.,0.,0.","-93.428612,184.706451,-72.856308","0.,0.,0.","-0.178328,0.205918,-0.583618","0.008959,0.001314,-4.410858","-5.858972,0.067341,-6.069516",0.,0.,-0.,-0.,-0.,1.,-0.,-0.,-0.,-0.,-7.848,-1.21875,0.,0.,-20.400272,0.,0.,124.876175,0.,0.,0.557242,0.,0.,-0.661508,0.,0.,-1.21875,0.,0.,-4.411046,-0.000427,0.00881,5.7e-05,9600.,1081.250122,3.3e-05,0.235008,-1.752941,1.197458,-128.452499,515.479065,-352.193115,-0.19757,0.293013,-0.098513,-4.608615,0.292586,-0.089702,-4.410858,0.001314,0.008959,"3.3e-05,1081.250122,9600.,5.7e-05","9600.,9600.,9600.,9600.","0.,0.,0.,0.","0.,0.,0.,0.","1.,1.,1.,1.",stab,"1000.,1000.,1.,100.","1.197458,-1.752941,0.235008,-0.03808",4,10000.,stab,31,0,0,5,0,0,-24602,-70,-23994,-44496916,-18100162,3114400,-167665,-104354,-15764
69.243,05:35:51.243,43.560345444,1.482178823,0.,0.,"0.,0.,0.","-93.428612,184.706451,-72.856308","0.,0.,0.","-0.183699,0.10582,-0.363159","0.008959,0.001314,-4.410858","-5.880864,0.09446,-6.180334",0.,0.,-0.,-0.,-0.,1.,-0.,-0.,-0.,-0.,-7.848,-1.21875,0.,0.,-20.400272,0.,0.,124.876175,0.,0.,0.557242,0.,0.,-0.661508,0.,0.,-1.21875,0.,0.,-4.411046,-0.000427,0.00881,5.7e-05,9600.,1081.250122,3.3e-05,0.235008,-1.752941,1.197458,-128.452499,515.479065,-352.193115,-0.19757,0.293013,-0.098513,-4.608615,0.292586,-0.089702,-4.410858,0.001314,0.008959,"3.3e-05,1081.250122,9600.,5.7e-05","9600.,9600.,9600.,9600.","0.,0.,0.,0.","0.,0.,0.,0.","1.,1.,1.,1.",stab,"1000.,1000.,1.,100.","1.197458,-1.752941,0.235008,-0.03808",4,10000.,stab,31,0,0,5,0,0,-25070,339,-24025,-44779676,-17818854,4019438,-173114,-106545,-15329
69.493,05:35:51.493,43.560269623,1.482205028,0.,0.,"0.,0.,0.","-93.428612,184.706451,-72.856308","0.,0.,0.","-1.200057,-0.890762,-0.340698","0.008959,0.001314,-4.410858","-6.085388,0.19916,-6.239272",0.,0.,-0.,-0.,-0.,1.,-0.,-0.,-0.,-0.,-7.848,-1.21875,0.,0.,-20.400272,0.,0.,124.876175,0.,0.,0.557242,0.,0.,-0.661508,0.,0.,-1.21875,0.,0.,-4.411046,-0.000427,0.00881,5.7e-05,9600.,1081.250122,3.3e-05,0.235008,-1.752941,1.197458,-128.452499,515.479065,-352.193115,-0.19757,0.293013,-0.098513,-4.608615,0.292586,-0.089702,-4.410858,0.001314,0.008959,"3.3e-05,1081.250122,9600.,5.7e-05","9600.,9600.,9600.,9600.","0.,0.,0.,0.","0.,0.,0.,0.","1.,1.,1.,1.",stab,"1000.,1000.,1.,100.","1.197458,-1.752941,0.235008,-0.03808",4,10000.,stab,31,0,0,5,0,0,-25405,563,-24265,-45017328,-17501848,4852745,-178595,-108701,-14787
69.743,05:35:51.743,43.560194752,1.482236019,0.,0.,"0.,0.,0.","-93.428612,184.706451,-72.856308","0.,0.,0.","-0.233748,-0.35292,-0.315064","0.008959,0.001314,-4.410858","-6.441441,0.047014,-6.331282",0.,0.,-0.,-0.,-0.,1.,-0.,-0.,-0.,-0.,-7.848,-1.21875,0.,0.,-20.400272,0.,0.,124.876175,0.,0.,0.557242,0.,0.,-0.661508,0.,0.,-1.21875,0.,0.,-4.411046,-0.000427,0.00881,5.7e-05,9600.,1081.250122,3.3e-05,0.235008,-1.752941,1.197458,-128.452499,515.479065,-352.193115,-0.19757,0.293013,-0.098513,-4.608615,0.292586,-0.089702,-4.410858,0.001314,0.008959,"3.3e-05,1081.250122,9600.,5.7e-05","9600.,9600.,9600.,9600.","0.,0.,0.,0.","0.,0.,0.,0.","1.,1.,1.,1.",stab,"1000.,1000.,1.,100.","1.197458,-1.752941,0.235008,-0.03808",4,10000.,stab,31,0,0,5,0,0,-25757,623,-25593,-45174900,-17453598,5603197,-184102,-110830,-14146
69.993,05:35:51.993,43.560119141,1.482269719,0.,0.,"0.,0.,0.","-93.428612,184.706451,-72.856308","0.,0.,0.","-0.084578,-0.009903,-0.013794","0.008959,0.001314,-4.410858","-6.439387,0.038514,-6.339478",0.,0.,-0.,-0.,-0.,1.,-0.,-0.,-0.,-0.,-7.848,-1.21875,0.,0.,-20.400272,0.,0.,124.876175,0.,0.,0.557242,0.,0.,-0.661508,0.,0.,-1.21875,0.,0.,-4.411046,-0.000427,0.00881,5.7e-05,9600.,1081.250122,3.3e-05,0.235008,-1.752941,1.197458,-128.452499,515.479065,-352.193115,-0.19757,0.293013,-0.098513,-4.608615,0.292586,-0.089702,-4.410858,0.001314,0.008959,"3.3e-05,1081.250122,9600.,5.7e-05","9600.,9600.,9600.,9600.","0.,0.,0.,0.","0.,0.,0.,0.","1.,1.,1.,1.",stab,"1000.,1000.,1.,100.","1.197458,-1.752941,0.235008,-0.03808",4,10000.,stab,31,0,0,5,0,0,-25967,162,-26376,-45192752,-17793306,5755156,-189617,-112980,-13449
70.243,05:35:52.243,43.560042159,1.482303901,0.,0.,"0.,0.,0.","-93.428612,184.706451,-72.856308","0.,0.,0.","0.013322,0.009873,-0.020142","0.008959,0.001314,-4.410858","-6.437191,0.036895,-6.335859",0.,0.,-0.,-0.,-0.,1.,-0.,-0.,-0.,-0.,-7.848,-1.21875,0.,0.,-20.400272,0.,0.,124.876175,0.,0.,0.557242,0.,0.,-0.661508,0.,0.,-1.21875,0.,0.,-4.411046,-0.000427,0.00881,5.7e-05,9600.,1081.250122,3.3e-05,0.235008,-1.752941,1.197458,-128.452499,515.479065,-352.193115,-0.19757,0.293013,-0.098513,-4.608615,0.292586,-0.089702,-4.410858,0.001314,0.008959,"3.3e-05,1081.250122,9600.,5.7e-05","9600.,9600.,9600.,9600.","0.,0.,0.,0.","0.,0.,0.,0.","1.,1.,1.,1.",stab,"1000.,1000.,1.,100.","1.197458,-1.752941,0.235008,-0.03808",4,10000.,stab,31,0,0,5,0,0,-25960,163,-26365,-45205908,-18069770,5831001,-195135,-115169,-12742
70.493,05:35:52.493,43.559964016,1.482338568,0.,0.,"0.,0.,0.","-93.428612,184.706451,-72.856308","0.,0.,0.","-0.012313,-0.056778,0.005005","0.008959,0.001314,-4.410858","-6.435695,0.034753,-6.336873",0.,0.,-0.,-0.,-0.,1.,-0.,-0.,-0.,-0.,-7.848,-1.21875,0.,0.,-20.400272,0.,0.,124.876175,0.,0.,0.557242,0.,0.,-0.661508,0.,0.,-1.21875,0.,0.,-4.411046,-0.000427,0.00881,5.7e-05,9600.,1081.250122,3.3e-05,0.235008,-1.752941,1.197458,-128.452499,515.479065,-352.193115,-0.19757,0.293013,-0.098513,-4.608615,0.292586,-0.089702,-4.410858,0.001314,0.008959,"3.3e-05,1081.250122,9600.,5.7e-05","9600.,9600.,9600.,9600.","0.,0.,0.,0.","0.,0.,0.,0.","1.,1.,1.,1.",stab,"1000.,1000.,1.,100.","1.197458,-1.752941,0.235008,-0.03808",4,10000.,stab,31,0,0,5,0,0,-25956,150,-26364,-45218176,-18341774,5907536,-200654,-117391,-12025
70.743,05:35:52.743,43.559884712,1.482373670,0.,0.,"0.,0.,0.","-93.428612,184.706451,-72.856308","0.,0.,0.","-0.031355,0.137802,-0.115845","0.008959,0.001314,-4.410858","-6.435086,0.034187,-6.339468",0.,0.,-0.,-0.,-0.,1.,-0.,-0.,-0.,-0.,-7.848,-1.21875,0.,0.,-20.400272,0.,0.,124.876175,0.,0.,0.557242,0.,0.,-0.661508,0.,0.,-1.21875,0.,0.,-4.411046,-0.000427,0.00881,5.7e-05,9600.,1081.250122,3.3e-05,0.235008,-1.752941,1.197458,-128.452499,515.479065,-352.193115,-0.19757,0.293013,-0.098513,-4.608615,0.292586,-0.089702,-4.410858,0.001314,0.008959,"3.3e-05,1081.250122,9600.,5.7e-05","9600.,9600.,9600.,9600.","0.,0.,0.,0.","0.,0.,0.,0.","1.,1.,1.,1.",stab,"1000.,1000.,1.,100.","1.197458,-1.752941,0.235008,-0.03808",4,10000.,stab,31,0,0,5,0,0,-25973,147,-26360,-45231520,-18614912,5986045,-206174,-119646,-11299
70.993,05:35:52.993,43.559804212,1.482409207,0.,0.,"0.,0.,0.","-93.428612,184.706451,-72.856308","0.,0.,0.","-0.043074,-0.043838,0.104126","0.008959,0.001314,-4.410858","-6.438264,0.037871,-6.326333",0.,0.,-0.,-0.,-0.,1.,-0.,-0.,-0.,-0.,-7.848,-1.21875,0.,0.,-20.400272,0.,0.,124.876175,0.,0.,0.557242,0.,0.,-0.661508,0.,0.,-1.21875,0.,0.,-4.411046,-0.000427,0.00881,5.7e-05,9600.,1081.250122,3.3e-05,0.235008,-1.752941,1.197458,-128.452499,515.479065,-352.193115,-0.19757,0.293013,-0.098513,-4.608615,0.292586,-0.089702,-4.410858,0.001314,0.008959,"3.3e-05,1081.250122,9600.,5.7e-05","9600.,9600.,9600.,9600.","0.,0.,0.,0.","0.,0.,0.,0.","1.,1.,1.,1.",stab,"1000.,1000.,1.,100.","1.197458,-1.752941,0.235008,-0.03808",4,10000.,stab,31,0,0,5,0,0,-25950,154,-26353,-45245292,-18892618,6066924,-211697,-121935,-10564
