Time,UTC,GPS_lat(deg),GPS_long(deg),/uav/MFC_ACC2ATT/att_sp_psi,/uav/MFC_ACC2ATT/att_sp_theta,/uav/MFC_ACC2ATT/att_sp_phi,/uav/MFC_ACC2ATT/vhaty_cd,/uav/MFC_ACC2ATT/cosphid,/uav/MFC_ACC2ATT/theta_d,/uav/MFC_ACC2ATT/phi_d,/uav/MFC_ACC2ATT/vhaty,/uav/MFC_ACC2ATT/vhatx,/uav/MFC_ACC2ATT/u1,/uav/MFC_GUIDANCE/sp_traj_z,/uav/MFC_GUIDANCE/sp_traj_y,/uav/MFC_GUIDANCE/sp_traj_x,/uav/MFC_GUIDANCE/cmd_z,/uav/MFC_GUIDANCE/cmd_y,/uav/MFC_GUIDANCE/cmd_x,/uav/MFC_GUIDANCE/fk_z,/uav/MFC_GUIDANCE/fk_y,/uav/MFC_GUIDANCE/fk_x,/uav/MFC_GUIDANCE/err_z,/uav/MFC_GUIDANCE/err_y,/uav/MFC_GUIDANCE/err_x,/uav/MFC_GUIDANCE/me_z,/uav/MFC_GUIDANCE/me_y,/uav/MFC_GUIDANCE/me_x,/uav/MFC_GUIDANCE/sp_z,/uav/MFC_GUIDANCE/sp_y,/uav/MFC_GUIDANCE/sp_x,/uav/MFC_STAB/sp_traj_psi,/uav/MFC_STAB/sp_traj_theta,/uav/MFC_STAB/sp_traj_phi,/uav/MFC_STAB/u3,/uav/MFC_STAB/u2,/uav/MFC_STAB/u1,/uav/MFC_STAB/u0,/uav/MFC_STAB/cmd_psi,/uav/MFC_STAB/cmd_theta,/uav/MFC_STAB/cmd_phi,/uav/MFC_STAB/fk_psi,/uav/MFC_STAB/fk_theta,/uav/MFC_STAB/fk_phi,/uav/MFC_STAB/err_psi,/uav/MFC_STAB/err_theta,/uav/MFC_STAB/err_phi,/uav/MFC_STAB/me_psi,/uav/MFC_STAB/me_theta,/uav/MFC_STAB/me_phi,/uav/MFC_STAB/sp_psi,/uav/MFC_STAB/sp_theta,/uav/MFC_STAB/sp_phi,/uav/ROTORCRAFT_FP/flight_time,/uav/ROTORCRAFT_FP/thrust,/uav/ROTORCRAFT_FP/carrot_psi,/uav/ROTORCRAFT_FP/carrot_up,/uav/ROTORCRAFT_FP/carrot_north,/uav/ROTORCRAFT_FP/carrot_east,/uav/ROTORCRAFT_FP/psi,/uav/ROTORCRAFT_FP/theta,/uav/ROTORCRAFT_FP/phi,/uav/ROTORCRAFT_FP/vup,/uav/ROTORCRAFT_FP/vnorth,/uav/ROTORCRAFT_FP/veast,/uav/ROTORCRAFT_FP/up,/uav/ROTORCRAFT_FP/north,/uav/ROTORCRAFT_FP/east
32.984,03:56:37.984,43.564103275,1.481250813,0.,-0.,-0.,-0.,1.,-0.,-0.,-0.,-0.,-8.,0.,0.,0.,-8.,0.,0.,39.999996,0.,0.,0.,0.,0.,0.,0.,0.,0.,0.,0.,0.,0.,0.,-9600.,-9600.,-9600.,-9600.,0.,0.,0.,0.,0.,0.,0.,0.,0.,0.,0.,0.,0.,0.,0.,0,0,0,76,0,0,261,212,-1161,-500,-90,161,20,-457,-612
33.234,03:56:38.234,43.564103275,1.481250813,0.,-0.,-0.,-0.,1.,-0.,-0.,-0.,-0.,-8.,0.,0.,0.,-8.,0.,0.,39.999996,0.,0.,0.,0.,0.,0.,0.,0.,0.,0.,0.,0.,0.,0.,-9600.,-9600.,-9600.,-9600.,0.,0.,0.,0.,0.,0.,0.,0.,0.,0.,0.,0.,0.,0.,0.,0,0,0,76,0,0,261,212,-1161,-583,-302,199,20,-457,-612
33.484,03:56:38.484,43.564103275,1.481250813,0.,-0.,-0.,-0.,1.,-0.,-0.,-0.,-0.,-8.,0.,0.,0.,-8.,0.,0.,39.999996,0.,0.,0.,0.,0.,0.,0.,0.,0.,0.,0.,0.,0.,0.,-9600.,-9600.,-9600.,-9600.,0.,0.,0.,0.,0.,0.,0.,0.,0.,0.,0.,0.,0.,0.,0.,0,0,0,76,0,0,261,211,-1161,-231,-228,-272,20,-457,-612
33.734,03:56:38.734,43.564103275,1.481250813,0.,-0.,-0.,-0.,1.,-0.,-0.,-0.,-0.,-8.,0.,0.,0.,-8.,0.,0.,39.999996,0.,0.,0.,0.,0.,0.,0.,0.,0.,0.,0.,0.,0.,0.,-9600.,-9600.,-9600.,-9600.,0.,0.,0.,0.,0.,0.,0.,0.,0.,0.,0.,0.,0.,0.,0.,0,0,0,76,0,0,261,211,-1162,6,-223,-231,20,-457,-612
33.984,03:56:38.984,43.564103275,1.481250764,0.,-0.,-0.,-0.,1.,-0.,-0.,-0.,-0.,-8.,0.,0.,0.,-8.,0.,0.,39.999996,0.,0.,0.,0.,0.,0.,0.,0.,0.,0.,0.,0.,0.,0.,-9600.,-9600.,-9600.,-9600.,0.,0.,0.,0.,0.,0.,0.,0.,0.,0.,0.,0.,0.,0.,0.,0,0,0,76,0,0,261,211,-1162,388,-370,-592,20,-457,-613
34.234,03:56:39.234,43.564103275,1.481250813,0.,-0.,-0.,-0.,1.,-0.,-0.,-0.,-0.,-8.,0.,0.,0.,-8.,0.,0.,39.999996,0.,0.,0.,0.,0.,0.,0.,0.,0.,0.,0.,0.063801,0.0496,-0.27142,-9600.,-9600.,-9600.,-9600.,0.,-1.29547,7.089227,0.,0.,0.,2e-06,0.002239,-0.0122,0.063803,0.051839,-0.28362,0.063806,-0.,0.,0,0,0,76,0,0,261,212,-1161,1117,-380,-435,20,-457,-612
34.484,03:56:39.484,43.564103275,1.481250813,0.,-0.,-0.,-0.,1.,-0.,-0.,-0.,-0.,-8.,0.,0.,0.,-8.,0.,0.,39.999996,0.,0.,0.,0.,0.,0.,0.,0.,0.,0.,0.,0.063775,0.011959,-0.065439,-9600.,-9600.,-9600.,-9600.,-0.013184,0.185758,-0.920807,0.041416,0.188908,-1.226163,-2.4e-05,0.039948,-0.218085,0.063751,0.051907,-0.283524,0.063751,-0.,0.,0,0,0,20,0,0,261,212,-1161,1044,-385,-413,20,-457,-612
34.734,03:56:39.734,43.564103275,1.481250764,0.,-0.,-0.,-0.,1.,-0.,-0.,-0.,-0.,-8.,0.,0.,0.,-8.,0.,0.,39.999996,0.,0.,0.,0.,0.,0.,0.,0.,0.,0.,0.,0.063755,0.001661,-0.00909,-9600.,-9600.,-9600.,-9600.,0.000626,0.986672,-5.418391,-0.001879,-1.860683,10.220246,-4e-05,0.050196,-0.274326,0.063715,0.051857,-0.283416,0.063713,-0.,0.,0,0,0,20,0,0,261,212,-1161,2737,-967,-1076,20,-457,-613
34.984,03:56:39.984,43.564103275,1.481250813,0.,-0.,-0.,-0.,1.,-0.,-0.,-0.,-0.,-8.,0.,0.,0.,-8.,0.,0.,39.999996,0.,0.,0.,0.,0.,0.,0.,0.,0.,0.,0.,0.063715,0.000195,-0.001066,-9600.,-9600.,-9600.,-9600.,0.013899,0.164501,-0.84015,-0.04356,-0.314013,1.598284,-5e-05,0.051447,-0.28208,0.063665,0.051641,-0.283146,0.06367,-0.,0.,0,0,0,20,0,0,260,212,-1160,1621,-494,-247,20,-457,-612
35.234,03:56:40.234,43.564103275,1.481250813,0.,-0.,-0.,-0.,1.,-0.,-0.,-0.,-0.,-8.,0.,0.,0.,-8.,0.,0.,39.999996,0.,0.,0.,0.,0.,0.,0.,0.,0.,0.,0.,0.063689,2.1e-05,-0.000115,-9600.,-9600.,-9600.,-9600.,-0.001409,-0.958719,5.411552,0.004228,1.919163,-10.832545,1e-06,0.05157,-0.282929,0.063689,0.051591,-0.283044,0.06369,-0.,0.,0,0,0,20,0,0,260,211,-1159,1418,-52,-123,20,-457,-612
35.484,03:56:40.484,43.564103275,1.481250813,0.,-0.,-0.,-0.,1.,-0.,-0.,-0.,-0.,-8.,0.,0.,0.,-8.,0.,0.,39.999996,0.,0.,0.,0.,0.,0.,0.,0.,0.,0.,0.,0.063675,2e-06,-1.2e-05,-9600.,-9600.,-9600.,-9600.,0.012704,-2.143701,11.950047,-0.038111,4.287587,-23.9011,-1.4e-05,0.051619,-0.283091,0.063661,0.051621,-0.283103,0.063662,-0.,0.,0,0,0,20,0,0,260,211,-1159,1609,-200,-50,20,-457,-612
35.734,03:56:40.734,43.564103275,1.481250813,0.,-0.,-0.,-0.,1.,-0.,-0.,-0.,-0.,-8.,0.,0.,0.,-8.,0.,0.,39.999996,0.,0.,0.,0.,0.,0.,0.,0.,0.,0.,0.,0.063682,0.,-1e-06,-9600.,-9600.,-9600.,-9600.,0.012332,-3.306356,18.398325,-0.038858,6.612731,-36.796753,-2.2e-05,0.051344,-0.282612,0.06366,0.051344,-0.282613,0.06366,-0.,0.,0,0,0,20,0,0,260,210,-1157,1307,-114,235,20,-457,-612
35.984,03:56:40.984,43.564103275,1.481250813,0.,-0.,-0.,-0.,1.,-0.,-0.,-0.,-0.,-8.,0.,0.,0.,-8.,0.,0.,39.999996,0.,0.,0.,0.,0.,0.,0.,0.,0.,0.,0.,0.063666,0.,-0.,-9600.,-9600.,-9600.,-9600.,-0.00306,-4.481765,24.966726,0.007316,8.963531,-49.933464,-2e-05,0.051407,-0.282969,0.063646,0.051407,-0.282969,0.063644,-0.,0.,0,0,0,20,0,0,260,210,-1158,1078,190,527,20,-457,-612
36.234,03:56:41.234,43.564103275,1.481250813,0.,-0.,-0.,-0.,1.,-0.,-0.,-0.,-0.,-8.,0.,0.,0.,-8.,0.,0.,39.999996,0.,0.,0.,0.,0.,0.,0.,0.,0.,0.,0.,0.06363,0.,-0.,-9600.,-9600.,-9600.,-9600.,0.009355,-5.648533,31.461382,-0.02434,11.297067,-62.922764,-1e-06,0.051295,-0.282768,0.063629,0.051295,-0.282768,0.063632,-0.,0.,0,0,0,20,0,0,260,210,-1159,768,-72,189,20,-457,-612
36.484,03:56:41.484,43.564103275,1.481250813,0.,-0.,-0.,-0.,1.,-0.,-0.,-0.,-0.,-8.,0.,0.,0.,-8.,0.,0.,39.999996,0.,0.,0.,0.,0.,0.,0.,0.,0.,0.,0.,0.063639,0.,-0.,-9600.,-9600.,-9600.,-9600.,0.010098,-6.871275,38.036423,-0.030293,13.74255,-76.072845,3.3e-05,0.051415,-0.282884,0.063672,0.051415,-0.282884,0.063675,-0.,0.,0,0,0,20,0,0,260,210,-1158,681,11,378,20,-457,-612
36.734,03:56:41.734,43.564103275,1.481250813,0.,-0.,-0.,-0.,1.,-0.,-0.,-0.,-0.,-8.,0.,0.,0.,-8.,0.,0.,39.999996,0.,0.,0.,0.,0.,0.,0.,0.,0.,0.,0.,0.063675,0.,-0.,-9600.,-9600.,-9600.,-9600.,-0.009599,-8.07834,44.643993,0.03066,16.156679,-89.287987,1.8e-05,0.051491,-0.283116,0.063693,0.051491,-0.283116,0.063693,-0.,0.,0,0,0,20,0,0,260,210,-1159,456,-72,240,20,-457,-612
36.984,03:56:41.984,43.564103275,1.481250813,0.,-0.,-0.,-0.,1.,-0.,-0.,-0.,-0.,-8.,0.,0.,0.,-8.,0.,0.,39.999996,0.,0.,0.,0.,0.,0.,0.,0.,0.,0.,0.,0.063678,0.,-0.,-9600.,-9600.,-9600.,-9600.,-0.00208,-9.269281,51.229103,0.004378,18.538563,-102.458206,-3e-06,0.051473,-0.283182,0.063674,0.051473,-0.283182,0.063673,-0.,0.,0,0,0,20,0,0,260,210,-1159,1276,-265,520,20,-457,-612
37.234,03:56:42.234,43.564103275,1.481250813,0.,-0.,-0.,-0.,1.,-0.,-0.,-0.,-0.,-8.,0.,0.,0.,-8.,0.,0.,39.999996,0.,0.,0.,0.,0.,0.,0.,0.,0.,0.,0.,0.06366,0.,-0.,-9600.,-9600.,-9600.,-9600.,-0.007016,-10.477211,57.792923,0.022912,20.954422,-115.585846,1.6e-05,0.051576,-0.283343,0.063677,0.051576,-0.283343,0.063672,-0.,0.,0,0,0,20,0,0,260,210,-1160,1016,-75,201,20,-457,-612
37.484,03:56:42.484,43.564103275,1.481250813,0.,-0.,-0.,-0.,1.,-0.,-0.,-0.,-0.,-8.,0.,0.,0.,-8.,0.,0.,39.999996,0.,0.,0.,0.,0.,0.,0.,0.,0.,0.,0.,0.06366,0.,-0.,-9600.,-9600.,-9600.,-9600.,-0.015134,-11.658327,64.338371,0.045403,23.316654,-128.676743,2.3e-05,0.051612,-0.28341,0.063683,0.051612,-0.28341,0.063679,-0.,0.,0,0,0,20,0,0,260,211,-1160,542,-273,-83,20,-457,-612
37.734,03:56:42.734,43.564103275,1.481250813,0.,-0.,-0.,-0.,1.,-0.,-0.,-0.,-0.,-8.,0.,0.,0.,-8.,0.,0.,39.999996,0.,0.,0.,0.,0.,0.,0.,0.,0.,0.,0.,0.063668,0.,-0.,-9600.,-9600.,-9600.,-9600.,0.005475,-12.849129,70.885078,-0.016425,25.698257,-141.770157,-1.8e-05,0.051648,-0.283439,0.063651,0.051648,-0.283439,0.063651,-0.,0.,0,0,0,20,0,0,260,211,-1160,604,-56,-116,20,-457,-612
37.984,03:56:42.984,43.564103275,1.481250813,0.,-0.,-0.,-0.,1.,-0.,-0.,-0.,-0.,-8.,0.,0.,0.,-8.,0.,0.,39.999996,0.,0.,0.,0.,0.,0.,0.,0.,0.,0.,0.,0.063661,0.,-0.,-9600.,-9600.,-9600.,-9600.,0.004975,-13.507854,73.496101,-0.014925,27.015709,-146.992203,-3.2e-05,0.0517,-0.283428,0.063629,0.0517,-0.283428,0.063629,-0.,0.,0,0,0,20,0,0,260,211,-1160,439,-203,-70,20,-457,-612
38.234,03:56:43.234,43.564103275,1.481250813,0.,-0.,-0.,-0.,1.,-0.,-0.,-0.,-0.,-8.,0.,0.,0.,-8.,0.,0.,39.999996,0.,0.,0.,0.,0.,0.,0.,0.,0.,0.,0.,0.063661,0.,-0.,-9600.,-9600.,-9600.,-9600.,0.004975,-13.507854,73.496101,-0.014925,27.015709,-146.992203,-3.2e-05,0.0517,-0.283428,0.063629,0.0517,-0.283428,0.063629,-0.,0.,0,0,0,20,0,0,260,212,-1160,521,-374,-51,20,-457,-612
38.484,03:56:43.484,43.564103275,1.481250813,0.,-0.,-0.,-0.,1.,-0.,-0.,-0.,-0.,-8.,0.,0.,0.,-8.,0.,0.,39.999996,0.,0.,0.,0.,0.,0.,0.,0.,0.,0.,0.,0.063661,0.,-0.,-9600.,-9600.,-9600.,-9600.,0.004975,-13.507854,73.496101,-0.014925,27.015709,-146.992203,-3.2e-05,0.0517,-0.283428,0.063629,0.0517,-0.283428,0.063629,-0.,0.,0,0,0,20,0,0,261,211,-1160,358,-130,-11,20,-457,-612
38.734,03:56:43.734,43.564103275,1.481250813,0.,-0.,-0.,-0.,1.,-0.,-0.,-0.,-0.,-8.,0.,0.,0.,-8.,0.,0.,39.999996,0.,0.,0.,0.,0.,0.,0.,0.,0.,0.,0.,0.063659,0.035816,-0.19605,-9600.,-9600.,-9600.,-9600.,-0.005088,-0.880644,4.836812,0.015265,1.927995,-10.593771,-3.5e-05,0.015926,-0.08722,0.063624,0.051742,-0.283269,0.063624,-0.,0.,0,0,0,20,0,0,260,211,-1160,306,-424,106,20,-457,-612
38.984,03:56:43.984,43.564103275,1.481250813,0.,-0.,-0.,-0.,1.,-0.,-0.,-0.,-0.,-8.,0.,0.,0.,-8.,0.,0.,39.999996,0.,0.,0.,0.,0.,0.,0.,0.,0.,0.,0.,0.06363,0.006534,-0.035764,-9600.,-9600.,-9600.,-9600.,-0.004203,0.756046,-4.111649,0.01261,-1.146083,6.219092,4e-06,0.045232,-0.247656,0.063634,0.051766,-0.28342,0.063634,-0.,0.,0,0,0,20,0,0,260,212,-1160,271,-291,201,20,-457,-612
39.234,03:56:44.234,43.564103275,1.481250813,0.,-0.,-0.,-0.,1.,-0.,-0.,-0.,-0.,-8.,0.,0.,0.,-8.,0.,0.,39.999996,0.,0.,0.,0.,0.,0.,0.,0.,0.,0.,0.,0.063627,0.000846,-0.00463,-9600.,-9600.,-9600.,-9600.,0.000556,0.788005,-4.239438,-0.003532,-1.515591,8.148023,-2e-05,0.050898,-0.278868,0.063607,0.051744,-0.283498,0.063609,-0.,0.,0,0,0,20,0,0,260,211,-1161,362,-279,-114,20,-457,-612
39.484,03:56:44.484,43.564103275,1.481250813,0.,-0.,-0.,-0.,1.,-0.,-0.,-0.,-0.,-8.,0.,0.,0.,-8.,0.,0.,39.999996,0.,0.,0.,0.,0.,0.,0.,0.,0.,0.,0.,0.063596,9.6e-05,-0.000526,26.270456,68.522194,0.,0.,-0.156156,-0.591526,1.327133,0.474055,1.190629,-2.695739,7.5e-05,0.051929,-0.283115,0.063672,0.052025,-0.283641,0.063595,-0.,0.,0,0,0,20,0,0,260,211,-1161,276,-362,-79,20,-457,-612
39.734,03:56:44.734,43.564103275,1.481250813,0.,-0.,-0.,-0.,1.,-0.,-0.,-0.,-0.,-8.,0.,0.,0.,-8.,0.,0.,39.999996,0.,0.,0.,0.,0.,0.,0.,0.,0.,0.,0.,0.063646,1e-05,-5.6e-05,226.426895,334.275452,6e-06,0.,-0.189948,-1.509883,7.850019,0.575431,3.020613,-15.704675,0.000132,0.051705,-0.283599,0.063778,0.051715,-0.283655,0.06373,-0.,0.,0,-406,0,20,0,0,260,211,-1160,315,12,4,20,-457,-612
39.984,03:56:44.984,43.564103275,1.481250813,0.,-0.,-0.,-0.,1.,-0.,-0.,-0.,-0.,-8.,0.,0.,0.,-8.,0.,0.,39.999996,0.,0.,0.,0.,0.,0.,0.,0.,0.,0.,0.,0.063717,1e-06,-6e-06,373.953583,564.947083,0.,0.,0.194695,-2.673907,13.144939,-0.582223,5.347903,-26.290365,5.6e-05,0.051693,-0.281787,0.063774,0.051694,-0.281792,0.063825,-0.,0.,0,144,0,20,0,0,261,211,-1160,2080,230,-183,20,-457,-612
40.234,03:56:45.234,43.564103275,1.481250813,0.,-0.,-0.,-0.,1.,-0.,-0.,-0.,-0.,-8.,0.,0.,0.,-8.,0.,0.,39.999996,0.,0.,0.,0.,0.,0.,0.,0.,0.,0.,0.,0.063888,0.,-1e-06,512.687317,795.495728,6e-06,0.000101,-0.224958,-3.959315,18.315004,0.676738,7.918643,-36.630077,0.000369,0.052164,-0.275492,0.064257,0.052164,-0.275493,0.064139,-0.,0.,0,252,0,20,0,0,262,212,-1139,4241,-34,588,20,-457,-612
40.484,03:56:45.484,43.564103310,1.481250813,0.,-0.,-0.,-0.,1.,-0.,-0.,-0.,-0.,-8.,0.,0.,0.,-8.,0.,0.,39.999996,0.,0.,0.,0.,0.,0.,0.,0.,0.,0.,0.,0.063888,0.,-1e-06,512.687317,795.495728,6e-06,0.000101,-0.224958,-3.959315,18.315004,0.676738,7.918643,-36.630077,0.000369,0.052164,-0.275492,0.064257,0.052164,-0.275493,0.064139,-0.,0.,0,0,0,20,0,0,261,211,-1166,5147,4229,4906,20,-456,-612
40.734,03:56:45.734,43.564103275,1.481250813,0.,-0.,-0.,-0.,1.,-0.,-0.,-0.,-0.,-8.,0.,0.,0.,-8.,0.,0.,39.999996,0.,0.,0.,0.,0.,0.,0.,0.,0.,0.,0.,0.063888,0.,-1e-06,512.687317,795.495728,6e-06,0.000101,-0.224958,-3.959315,18.315004,0.676738,7.918643,-36.630077,0.000369,0.052164,-0.275492,0.064257,0.052164,-0.275493,0.064139,-0.,0.,0,0,0,20,0,0,262,211,-1164,2580,940,-721,20,-457,-612
40.984,03:56:45.984,43.564103275,1.481250764,0.,-0.,-0.,-0.,1.,-0.,-0.,-0.,-0.,-8.,0.,0.,0.,-8.,0.,0.,39.999996,0.,0.,0.,0.,0.,0.,0.,0.,0.,0.,0.,0.064007,0.019526,-0.107035,110.375435,123.296043,0.,0.,-0.426884,-0.180889,3.271472,1.299279,1.045834,-10.290586,0.00035,0.031915,-0.176474,0.064357,0.051442,-0.283509,0.064346,-0.,0.,0,176,0,20,0,0,264,212,-1160,875,-280,-1511,20,-457,-613
41.234,03:56:46.234,43.564103275,1.481250813,0.,-0.,-0.,-0.,1.,-0.,-0.,-0.,-0.,-8.,0.,0.,0.,-8.,0.,0.,39.999996,0.,0.,0.,0.,0.,0.,0.,0.,0.,0.,0.,0.064051,0.002951,-0.016176,1e-06,0.,179.095551,237.851944,-0.208869,0.822591,-5.837404,0.617293,-1.456879,10.641971,-0.000107,0.048636,-0.26737,0.063943,0.051587,-0.283545,0.063943,-0.,0.,0,39,0,20,0,0,262,211,-1160,597,11,-563,20,-457,-612
41.484,03:56:46.484,43.564103275,1.481250764,0.,-0.,-0.,-0.,1.,-0.,-0.,-0.,-0.,-8.,0.,0.,0.,-8.,0.,0.,39.999996,0.,0.,0.,0.,0.,0.,0.,0.,0.,0.,0.,0.064036,0.000358,-0.001964,5e-06,1.8e-05,83.772285,110.723045,-0.142884,0.377306,-2.722994,0.424927,-0.727756,5.298781,-9.9e-05,0.051201,-0.281634,0.063937,0.05156,-0.283599,0.063985,-0.,0.,0,95,0,20,0,0,262,210,-1162,1187,12,-167,20,-457,-613
41.734,03:56:46.734,43.564103275,1.481250764,0.,-0.,-0.,-0.,1.,-0.,-0.,-0.,-0.,-8.,0.,0.,0.,-8.,0.,0.,39.999996,0.,0.,0.,0.,0.,0.,0.,0.,0.,0.,0.,0.064083,3.9e-05,-0.000216,87.853233,143.805115,7e-06,3.7e-05,-0.21327,-0.783323,3.243294,0.634221,1.569831,-6.504055,1.7e-05,0.051419,-0.283029,0.0641,0.051458,-0.283245,0.064097,-0.,0.,0,28,0,20,0,0,262,211,-1161,3586,358,-2107,20,-457,-613
41.984,03:56:46.984,43.564103275,1.481250764,0.,-0.,-0.,-0.,1.,-0.,-0.,-0.,-0.,-8.,0.,0.,0.,-8.,0.,0.,39.999996,0.,0.,0.,0.,0.,0.,0.,0.,0.,0.,0.,0.064123,4e-06,-2.2e-05,919.500488,891.166748,623.081543,478.251465,-0.15622,-1.630945,9.930682,0.466797,3.262237,-19.86326,-0.000196,0.051595,-0.282772,0.063928,0.051599,-0.282794,0.063994,-0.,0.,0,81,0,20,0,0,262,210,-1159,4444,-341,-1854,20,-457,-613
42.234,03:56:47.234,43.564103275,1.481250764,0.,-0.,-0.,-0.,1.,-0.,-0.,-0.,-0.,-8.,0.,0.,0.,-8.,0.,0.,39.999996,0.,0.,0.,0.,0.,0.,0.,0.,0.,0.,0.,0.064021,0.,-2e-06,1081.76001,1249.67627,674.770508,681.791504,0.157954,-2.252523,13.648247,-0.471999,4.505082,-27.296688,8.7e-05,0.051832,-0.273699,0.064108,0.051832,-0.273701,0.064025,-0.,0.,0,789,0,20,0,0,262,212,-1150,4537,87,900,20,-457,-613
42.484,03:56:47.484,43.564103310,1.481250813,0.,-0.,-0.,-0.,1.,-0.,-0.,-0.,-0.,-8.,0.,0.,0.,-8.,0.,0.,39.999996,0.,0.,0.,0.,0.,0.,0.,0.,0.,0.,0.,0.064024,0.,-0.,1271.878418,1238.568848,726.929199,450.622559,-0.279525,-3.401954,18.660522,0.838574,6.803912,-37.321064,0.000708,0.0522,-0.265633,0.064732,0.0522,-0.265633,0.064025,-0.,0.,0,920,0,20,0,0,263,214,-1106,9157,8464,-1694,20,-456,-612
42.734,03:56:47.734,43.564103310,1.481250813,0.,-0.,-0.,-0.,1.,-0.,-0.,-0.,-0.,-8.,0.,0.,0.,-8.,0.,0.,39.999996,0.,0.,0.,0.,0.,0.,0.,0.,0.,0.,0.,0.064024,0.,-0.,1470.700195,1349.556885,703.681152,164.060059,-0.596551,-5.858689,27.335215,1.789653,11.717379,-54.670429,0.001742,0.05481,-0.253049,0.065766,0.05481,-0.253049,0.064025,-0.,0.,0,921,0,20,0,0,265,218,-1057,11240,10117,12604,20,-456,-612
42.984,03:56:47.984,43.564103310,1.481250861,0.,-0.,-0.,-0.,1.,-0.,-0.,-0.,-0.,-8.,0.,0.,0.,-8.,0.,0.,39.999996,0.,0.,0.,0.,0.,0.,0.,0.,0.,0.,0.,0.064024,0.,-0.,1526.930908,1242.697266,881.026367,37.344727,-1.018176,-7.832267,25.917595,3.054528,15.664534,-51.83519,0.003156,0.055992,-0.238763,0.067181,0.055992,-0.238763,0.064025,-0.,0.,0,921,0,20,0,0,272,225,-1016,16791,24067,33096,20,-456,-611
43.234,03:56:48.234,43.564103345,1.481250910,0.,-0.,-0.,-0.,1.,-0.,-0.,-0.,-0.,-8.,0.,0.,0.,-8.,0.,0.,39.999996,0.,0.,0.,0.,0.,0.,0.,0.,0.,0.,0.,0.064024,0.,-0.,1159.132568,1567.135498,615.272461,346.458984,0.125698,-9.475426,24.70352,-0.377093,18.950851,-49.40704,0.003436,0.060198,-0.205693,0.06746,0.060198,-0.205693,0.064025,-0.,0.,1,921,0,20,0,0,276,231,-941,15717,38854,32233,20,-455,-610
43.484,03:56:48.484,43.564103345,1.481250958,0.,-0.,-0.,-0.,1.,-0.,-0.,-0.,-0.,-8.,0.,0.,0.,-8.,0.,0.,39.999996,0.,0.,0.,0.,0.,0.,0.,0.,0.,0.,0.,0.064024,0.,-0.,1448.494141,1351.649292,959.874878,0.,-1.064264,-12.08242,25.763765,3.192791,24.164841,-51.527531,0.004624,0.065558,-0.182328,0.068648,0.065558,-0.182328,0.064025,-0.,0.,1,921,0,20,0,0,279,260,-804,24512,55039,54878,20,-455,-609
43.734,03:56:48.734,43.564103591,1.481251296,0.,-0.,-0.,-0.,1.,-0.,-0.,-0.,-0.,-8.,0.,0.,0.,-8.,0.,0.,39.999996,0.,0.,0.,0.,0.,0.,0.,0.,0.,0.,0.,0.064024,0.,-0.,1468.66626,1662.930664,1219.762207,256.638184,-0.694094,-16.203428,23.172747,2.082281,32.406857,-46.345493,0.005386,0.080186,-0.143261,0.069411,0.080186,-0.143261,0.064025,-0.,0.,1,938,0,23,0,0,282,291,-660,51230,150115,154564,23,-448,-602
43.984,03:56:48.984,43.564103556,1.481251345,0.,-0.,-0.,-0.,1.,-0.,-0.,-0.,-0.,-8.,0.,0.,0.,-8.,0.,0.,39.999996,0.,0.,0.,0.,0.,0.,0.,0.,0.,0.,0.,0.064024,0.,-0.,1641.159546,1451.837402,1795.142944,0.,-2.570073,-22.481493,18.169964,7.710218,44.962986,-36.339928,0.00667,0.10199,-0.090986,0.070695,0.10199,-0.090986,0.064025,-0.,0.,1,1169,0,22,0,0,282,365,-483,48335,157979,190066,22,-449,-601
44.234,03:56:49.234,43.564103450,1.481251296,0.,-0.,-0.,-0.,1.,-0.,-0.,-0.,-0.,-8.,0.,0.,0.,-8.,0.,0.,39.999996,0.,0.,0.,0.,0.,0.,0.,0.,0.,0.,0.,0.064024,0.,-0.,1561.472534,1455.901001,1870.926147,0.000101,-3.427285,-24.714962,16.050264,10.281856,49.429924,-32.100529,0.010283,0.113704,-0.05642,0.074307,0.113704,-0.05642,0.064025,-0.,0.,2,1219,0,21,0,0,295,435,-296,34726,165150,201474,21,-452,-602
44.484,03:56:49.484,43.564103732,1.481251780,0.,-0.,-0.,-0.,1.,-0.,-0.,-0.,-0.,-8.,0.,0.,0.,-8.,0.,0.,39.999996,0.,0.,0.,0.,0.,0.,0.,0.,0.,0.,0.,0.064024,0.,-0.,1380.219238,1726.581665,1781.377808,6.2e-05,-2.28065,-29.788366,18.555916,6.841951,59.576733,-37.111832,0.00895,0.123394,-0.047036,0.072974,0.123394,-0.047036,0.064025,-0.,0.,2,1219,0,23,0,0,300,479,-195,51910,262380,311396,23,-444,-592
44.734,03:56:49.734,43.564103556,1.481251490,0.,-0.,-0.,-0.,1.,-0.,-0.,-0.,-0.,-8.,0.,0.,0.,-8.,0.,0.,39.999996,0.,0.,0.,0.,0.,0.,0.,0.,0.,0.,0.,0.064024,0.,-0.,1297.80957,1751.97583,1838.285522,0.,-1.651885,-32.09433,16.961,4.955656,64.18866,-33.922001,0.009977,0.129875,-0.038312,0.074001,0.129875,-0.038312,0.064025,-0.,0.,2,1221,0,21,0,0,306,521,-188,50978,230269,239034,21,-449,-598
44.984,03:56:49.984,43.564103732,1.481251780,0.,-0.,-0.,-0.,1.,-0.,-0.,-0.,-0.,-8.,0.,0.,0.,-8.,0.,0.,39.999996,0.,0.,0.,0.,0.,0.,0.,0.,0.,0.,0.,0.064024,0.,-0.,1236.206055,2977.901611,674.960449,0.,-4.865713,-33.833183,49.548069,14.597137,67.666367,-99.096138,0.00958,0.132123,-0.031068,0.073604,0.132123,-0.031068,0.064025,-0.,0.,2,1221,0,22,0,0,305,540,-131,56012,306384,313260,22,-444,-592
45.234,03:56:50.234,43.564103556,1.481251538,0.,-0.,-0.,-0.,1.,-0.,-0.,-0.,-0.,-8.,0.,0.,0.,-8.,0.,0.,39.999996,0.,0.,0.,0.,0.,0.,0.,0.,0.,0.,0.,0.055828,0.,-0.,648.148315,1728.486084,1432.228394,0.,-5.022709,-35.17593,13.221675,14.428309,70.35186,-26.44335,0.000183,0.120019,-0.005802,0.056011,0.120019,-0.005802,0.026115,-0.,0.,3,1219,0,20,0,0,282,513,-83,40039,271307,241909,20,-449,-597
45.484,03:56:50.484,43.564103837,1.481251780,0.,-0.,-0.,-0.,1.,-0.,-0.,-0.,-0.,-8.,0.,0.,0.,-8.,0.,0.,39.999996,0.,0.,0.,0.,0.,0.,0.,0.,0.,0.,0.,0.028625,0.,-0.,560.822998,1946.825684,1349.362549,0.,-5.482939,-38.295113,16.216013,16.837179,76.590225,-32.432026,0.024986,0.116643,-0.000395,0.053611,0.116643,-0.000395,0.020587,-0.,0.,3,953,0,21,0,0,221,477,-8,28681,389656,307417,21,-441,-592
45.734,03:56:50.734,43.564103661,1.481251538,0.,-0.,-0.,-0.,1.,-0.,-0.,-0.,-0.,-8.,0.,0.,0.,-8.,0.,0.,39.999996,0.,0.,0.,0.,0.,0.,0.,0.,0.,0.,0.,0.021691,0.,-0.,453.043091,1917.160522,1486.348999,0.,-3.039883,-41.306538,12.373957,9.195551,82.613075,-24.747913,0.029424,0.117003,0.007914,0.051115,0.117003,0.007914,0.020587,-0.,0.,3,960,0,20,0,0,222,478,-36,34281,334448,222515,20,-446,-597
45.984,03:56:50.984,43.564103697,1.481251635,0.,-0.,-0.,-0.,1.,-0.,-0.,-0.,-0.,-8.,0.,0.,0.,-8.,0.,0.,39.999996,0.,0.,0.,0.,0.,0.,0.,0.,0.,0.,0.,0.020716,0.,-0.,494.807861,1993.194702,1368.156006,6.3e-05,-0.757998,-40.131596,15.677858,2.284239,80.263191,-31.355717,0.011542,0.100104,-9.3e-05,0.032258,0.100104,-9.3e-05,0.020587,-0.,0.,3,987,0,20,0,0,200,444,11,22910,381920,266010,20,-445,-595
46.234,03:56:51.234,43.564105490,1.481253279,0.,-0.,-0.,-0.,1.,-0.,-0.,-0.,-0.,-8.,0.,0.,0.,-8.,0.,0.,39.999996,0.,0.,0.,0.,0.,0.,0.,0.,0.,0.,0.,0.020601,0.,-0.,389.612854,2149.437256,1317.306641,0.,-1.55233,-43.079838,17.10441,4.657921,86.159676,-34.20882,0.003011,0.091168,-0.005027,0.023612,0.091168,-0.005027,0.020587,-0.,0.,4,964,0,21,0,0,111,374,9,22625,792785,537497,21,-394,-561
46.484,03:56:51.484,43.564103943,1.481251683,0.,-0.,-0.,-0.,1.,-0.,-0.,-0.,-0.,-8.,0.,0.,0.,-8.,0.,0.,39.999996,0.,0.,0.,0.,0.,0.,0.,0.,0.,0.,0.,0.020589,0.,-0.,1906.210693,3174.881104,2738.560547,1092.343506,-0.340831,-40.808422,17.50263,1.02296,81.616844,-35.00526,-0.009252,0.082387,-0.011105,0.011337,0.082387,-0.011105,0.020587,-0.,0.,4,963,0,19,0,0,79,361,-36,12441,453460,233063,19,-438,-594
46.734,03:56:51.734,43.564104365,1.481251925,0.,-0.,-0.,-0.,1.,-0.,-0.,-0.,-0.,-8.,0.,0.,0.,-8.,0.,0.,39.999996,0.,0.,0.,0.,0.,0.,0.,0.,0.,0.,0.,0.020588,0.,-0.,656.279297,4454.743652,1474.825928,2394.147461,4.259088,-40.307999,17.388695,-12.777263,80.615997,-34.77739,-0.039119,0.053564,-0.005953,-0.018531,0.053564,-0.005953,0.020587,-0.,0.,4,2113,0,19,0,0,-12,274,-37,16384,572173,288150,19,-426,-589
46.984,03:56:51.984,43.564103943,1.481251586,0.,-0.,-0.,-0.,1.,-0.,-0.,-0.,-0.,-8.,0.,0.,0.,-8.,0.,0.,39.999996,0.,0.,0.,0.,0.,0.,0.,0.,0.,0.,0.,0.020588,0.,-0.,0.,3038.438477,1073.437012,564.884155,6.435634,-49.657887,19.601646,-19.306902,99.315773,-39.203293,-0.0581,0.048223,-0.003694,-0.037513,0.048223,-0.003694,0.020587,-0.,0.,4,2237,0,19,0,0,-105,172,0,2682,471711,181790,19,-438,-596
47.234,03:56:52.234,43.564104329,1.481251731,0.,-0.,-0.,-0.,1.,-0.,-0.,-0.,-0.,-8.,0.,0.,0.,-8.,0.,0.,39.999996,0.,0.,0.,0.,0.,0.,0.,0.,0.,0.,0.,0.020588,0.,-0.,6.7e-05,3213.900635,1108.729614,874.377686,8.192782,-48.275539,17.231098,-24.578346,96.551079,-34.462196,-0.081697,0.068129,-0.001466,-0.061109,0.068129,-0.001466,0.020587,-0.,0.,5,1221,0,18,0,0,-250,303,-7,-3041,578862,233021,18,-427,-593
47.484,03:56:52.484,43.564103837,1.481251538,0.,-0.,-0.,-0.,1.,-0.,-0.,-0.,-0.,-8.,0.,0.,0.,-8.,0.,0.,39.999996,0.,0.,0.,0.,0.,0.,0.,0.,0.,0.,0.,0.020588,0.,-0.,2.3e-05,3900.584473,1015.330688,1712.928101,8.757726,-44.84182,16.41256,-26.273178,89.68364,-32.825119,-0.08445,0.064914,-0.000828,-0.063862,0.064914,-0.000828,0.020587,-0.,0.,5,1499,0,19,0,0,-246,258,7,7325,429853,160814,19,-441,-597
47.734,03:56:52.734,43.564103943,1.481251538,0.,-0.,-0.,-0.,1.,-0.,-0.,-0.,-0.,-8.,0.,0.,0.,-8.,0.,0.,39.999996,0.,0.,0.,0.,0.,0.,0.,0.,0.,0.,0.,0.020588,0.,-0.,0.,4617.176758,904.753723,2822.648926,9.078519,-37.789944,12.456828,-27.235556,75.579887,-24.913656,-0.087859,0.046607,0.024065,-0.067271,0.046607,0.024065,0.020587,-0.,0.,5,1682,0,19,0,0,-272,259,-10,10476,456505,158350,19,-438,-597
47.984,03:56:52.984,43.564104751,1.481252022,0.,-0.,-0.,-0.,1.,-0.,-0.,-0.,-0.,-8.,0.,0.,0.,-8.,0.,0.,39.999996,0.,0.,0.,0.,0.,0.,0.,0.,0.,0.,0.,0.020588,0.,-0.,0.000117,4265.793945,1286.355591,2912.969727,11.437493,-36.948513,0.930557,-34.312481,73.897026,-1.861115,-0.076742,-0.021736,0.041263,-0.056154,-0.021736,0.041263,0.020587,-0.,0.,5,2087,0,19,0,0,-240,5,117,-4118,684742,263538,19,-415,-587
48.234,03:56:53.234,43.564104857,1.481251731,0.,-0.,-0.,-0.,1.,-0.,-0.,-0.,-0.,-8.,0.,0.,0.,-8.,0.,0.,39.999996,0.,0.,0.,0.,0.,0.,0.,0.,0.,0.,0.,0.020588,0.,-0.,0.,4524.414062,1198.987549,2742.219238,14.323238,-41.736557,8.164893,-42.969715,83.473114,-16.329786,-0.092917,-0.005715,0.050616,-0.072329,-0.005715,0.050616,0.020587,-0.,0.,6,2115,0,16,0,0,-243,-99,164,-61132,772035,174766,16,-412,-593
48.484,03:56:53.484,43.564104681,1.481251683,0.,-0.,-0.,-0.,1.,-0.,-0.,-0.,-0.,-8.,0.,0.,0.,-8.,0.,0.,39.999996,0.,0.,0.,0.,0.,0.,0.,0.,0.,0.,0.,0.020588,0.,-0.,0.000196,4496.261719,1042.084717,2927.57251,16.229214,-36.550838,7.372462,-48.687641,73.101677,-14.744924,-0.110407,0.007448,0.051715,-0.08982,0.007448,0.051715,0.020587,-0.,0.,6,2114,0,16,0,0,-325,43,206,-37363,691684,167038,16,-417,-594
48.734,03:56:53.734,43.564104118,1.481251538,0.,-0.,-0.,-0.,1.,-0.,-0.,-0.,-0.,-8.,0.,0.,0.,-8.,0.,0.,39.999996,0.,0.,0.,0.,0.,0.,0.,0.,0.,0.,0.,0.020509,0.003139,-0.018671,0.,4071.216553,1675.374023,2719.636475,16.766426,-42.377361,-4.533129,-50.293686,84.534637,9.31492,-0.129322,0.006178,0.067085,-0.108813,0.009317,0.048414,0.020388,0.007202,-0.05533,6,2116,0,18,0,0,-394,-6,212,-21498,522835,132515,18,-433,-597
48.984,03:56:53.984,43.564104611,1.481251683,0.,-0.,-0.,-0.,1.,-0.,-0.,-0.,-0.,-8.,0.,0.,0.,-8.,0.,0.,39.999996,0.,0.,0.,0.,0.,0.,0.,0.,0.,0.,0.,0.019782,0.013046,-0.081288,0.,4713.544922,1152.106689,2600.328369,16.368156,-45.714539,13.455537,-49.049988,90.622086,-22.273088,-0.217451,0.035172,0.088169,-0.197669,0.048218,0.006881,0.020587,-0.,0.,6,2110,0,17,0,0,-555,139,176,-31643,654098,159904,17,-419,-594
49.234,03:56:54.234,43.564103661,1.481251393,0.,-0.,-0.,-0.,1.,-0.,-0.,-0.,-0.,-8.,0.,0.,0.,-8.,0.,0.,39.999996,0.,0.,0.,0.,0.,0.,0.,0.,0.,0.,0.,0.020045,0.010825,-0.032509,0.,3475.865967,1586.987305,3355.322021,16.608318,-23.905439,-20.53021,-50.650108,51.846996,24.272402,-0.240751,-0.020619,0.089127,-0.220706,-0.009795,0.056618,0.008973,0.088027,-0.262199,7,2112,0,18,0,0,-883,133,196,43025,367011,112936,19,-446,-600
49.484,03:56:54.484,43.564104435,1.481251538,0.,-0.,-0.,-0.,1.,-0.,-0.,-0.,-0.,-8.,0.,0.,0.,-8.,0.,0.,39.999996,0.,0.,0.,0.,0.,0.,0.,0.,0.,0.,0.,0.01514,0.042056,-0.142971,1165.270752,4687.316406,305.258789,2306.148193,4.985897,-21.296186,45.376522,-14.864559,41.823101,-87.575371,-0.310736,-0.016958,-0.015793,-0.295596,0.025098,-0.158764,0.020592,-0.005437,-0.001799,7,2113,0,17,0,0,-1053,108,64,-43982,640190,54502,17,-424,-597
49.734,03:56:54.734,43.564104470,1.481251393,0.,-0.,-0.,-0.,1.,-0.,-0.,-0.,-0.,-8.,0.,0.,0.,-8.,0.,0.,39.999996,0.,0.,0.,0.,0.,0.,0.,0.,0.,0.,0.,0.019375,0.01046,-0.043483,0.000162,3206.115234,2180.475586,3077.966309,6.762143,-32.320736,-28.732586,-20.358606,65.403992,54.953396,-0.244706,-0.103925,0.098642,-0.225331,-0.093465,0.055158,0.019921,0.018325,-0.072753,7,2110,0,21,0,0,-1020,-383,-413,41237,458496,4482,21,-423,-600
49.984,03:56:54.984,43.564103872,1.481251103,0.,-0.,-0.,-0.,1.,-0.,-0.,-0.,-0.,-8.,0.,0.,0.,-8.,0.,0.,39.999996,0.,0.,0.,0.,0.,0.,0.,0.,0.,0.,0.,0.018958,0.02358,-0.092378,0.,3961.043945,1414.550537,3089.534668,11.260856,-32.004841,-7.602581,-33.738796,63.60083,16.812624,-0.264417,-0.003012,0.070068,-0.245459,0.020568,-0.02231,0.017124,0.043243,-0.159807,7,2111,0,17,0,0,-956,-62,274,-59779,489764,-37909,17,-440,-606
50.234,03:56:55.234,43.564103697,1.481251200,0.,-0.,-0.,-0.,1.,-0.,-0.,-0.,-0.,-8.,0.,0.,0.,-8.,0.,0.,39.999996,0.,0.,0.,0.,0.,0.,0.,0.,0.,0.,0.,0.018486,0.031135,-0.125232,0.,3902.013428,1406.620728,3107.527832,5.96905,-30.815485,-8.569892,-17.915068,61.598373,16.906954,-0.205603,-0.026648,0.046625,-0.187117,0.004487,-0.078607,0.018541,0.029302,-0.139409,8,2107,0,18,0,0,-922,95,-346,29531,309723,32157,18,-445,-604
50.484,03:56:55.484,43.564103732,1.481251103,0.,-0.,-0.,-0.,1.,-0.,-0.,-0.,-0.,-8.,0.,0.,0.,-8.,0.,0.,39.999996,0.,0.,0.,0.,0.,0.,0.,0.,0.,0.,0.,0.019544,0.01632,-0.077133,559.075684,3906.342285,1511.06543,2487.512939,3.903315,-33.19146,6.53575,-11.733227,66.766159,-14.138797,-0.151638,-0.021965,0.027849,-0.132094,-0.005644,-0.049284,0.020587,-0.,0.,8,2107,0,20,0,0,-665,16,-347,31430,247740,-7099,20,-444,-606
50.734,03:56:55.734,43.564103907,1.481251151,0.,-0.,-0.,-0.,1.,-0.,-0.,-0.,-0.,-8.,0.,0.,0.,-8.,0.,0.,39.999996,0.,0.,0.,0.,0.,0.,0.,0.,0.,0.,0.,0.020416,0.002661,-0.013342,839.059326,3565.009766,1918.92749,2140.999268,2.661389,-35.054298,4.817997,-7.994412,70.269661,-10.411319,-0.116954,-0.019909,0.031031,-0.096537,-0.017248,0.017688,0.020587,-0.,0.,8,2115,0,20,0,0,-461,-102,37,23800,349094,32758,20,-439,-605
50.984,03:56:55.984,43.564103802,1.481251200,0.,-0.,-0.,-0.,1.,-0.,-0.,-0.,-0.,-8.,0.,0.,0.,-8.,0.,0.,39.999996,0.,0.,0.,0.,0.,0.,0.,0.,0.,0.,0.,0.020566,0.000332,-0.001699,158.579102,4185.689941,1218.725586,2901.000977,5.154272,-32.827694,3.143599,-15.464213,65.679771,-6.410103,-0.097659,-0.015121,0.010113,-0.077093,-0.014788,0.008414,0.020587,-0.,0.,8,2115,0,19,0,0,-355,-42,7,4861,368110,72582,19,-442,-604
51.234,03:56:56.234,43.564104224,1.481251345,0.,-0.,-0.,-0.,1.,-0.,-0.,-0.,-0.,-8.,0.,0.,0.,-8.,0.,0.,39.999996,0.,0.,0.,0.,0.,0.,0.,0.,0.,0.,0.,0.020585,3.7e-05,-0.000191,394.681152,4235.356934,1496.734619,3089.221924,4.904903,-31.47464,0.617151,-14.715177,62.952244,-1.24949,-0.07954,-0.022585,-0.00288,-0.058955,-0.022548,-0.003072,0.020587,-0.,0.,9,2195,0,19,0,0,-281,-67,-8,2225,457882,90629,19,-430,-601
51.484,03:56:56.484,43.564103767,1.481251200,0.,-0.,-0.,-0.,1.,-0.,-0.,-0.,-0.,-8.,0.,0.,0.,-8.,0.,0.,39.999996,0.,0.,0.,0.,0.,0.,0.,0.,0.,0.,0.,0.020587,4e-06,-2e-05,1304.499756,3842.592773,2185.273438,2563.628662,2.632873,-30.23633,5.57467,-7.89862,60.472984,-11.151027,-0.061932,-0.032295,-0.007275,-0.041345,-0.032291,-0.007295,0.020587,-0.,0.,9,2390,0,19,0,0,-207,-99,-59,8394,327323,45412,19,-443,-604
51.734,03:56:56.734,43.564104083,1.481251248,0.,-0.,-0.,-0.,1.,-0.,-0.,-0.,-0.,-8.,0.,0.,0.,-8.,0.,0.,39.999996,0.,0.,0.,0.,0.,0.,0.,0.,0.,0.,0.,0.020587,0.,-2e-06,1138.43457,3928.103027,2066.083496,2763.374756,3.147957,-29.293272,3.319111,-9.44387,58.586578,-6.638398,-0.047505,-0.034996,-0.014967,-0.026918,-0.034996,-0.014969,0.020587,-0.,0.,9,2470,0,19,0,0,-142,-147,-53,-29,419977,56504,19,-434,-603
51.984,03:56:56.984,43.564104400,1.481251248,0.,-0.,-0.,-0.,1.,-0.,-0.,-0.,-0.,-8.,0.,0.,0.,-8.,0.,0.,39.999996,0.,0.,0.,0.,0.,0.,0.,0.,0.,0.,0.,0.020351,0.,-0.,1324.748291,3563.108398,2287.21167,2300.926025,2.033105,-31.145033,4.196066,-6.355894,62.29007,-8.392151,-0.036039,-0.016816,-0.010757,-0.015688,-0.016816,-0.010757,0.015839,-0.,0.,9,2473,0,19,0,0,-86,-109,-52,4502,483301,66001,19,-425,-603
52.234,03:56:57.234,43.564104716,1.481251393,0.,-0.,-0.,-0.,1.,-0.,-0.,-0.,-0.,-8.,0.,0.,0.,-8.,0.,0.,39.999996,0.,0.,0.,0.,0.,0.,0.,0.,0.,0.,0.,0.007665,0.,-0.,1317.605713,3531.470215,2306.618652,2200.300781,1.902648,-32.482544,4.790203,-6.236703,64.965088,-9.580408,-0.03048,-0.009155,-0.014972,-0.022815,-0.009155,-0.014972,-0.017549,0.,0.,10,2364,0,19,0,0,-67,-58,-47,12761,543719,110839,19,-416,-600
52.484,03:56:57.484,43.564103978,1.481251296,0.,-0.,-0.,-0.,1.,-0.,-0.,-0.,-0.,-8.,0.,0.,0.,-8.,0.,0.,39.999996,0.,0.,0.,0.,0.,0.,0.,0.,0.,0.,0.,-0.039315,0.,-0.,2030.635254,2830.628906,2937.536377,1533.193604,-0.545611,-30.86071,5.467484,1.065002,61.72142,-10.934969,-0.02783,-0.005242,-0.019266,-0.067145,-0.005242,-0.019266,-0.09907,0.,0.,10,2336,0,19,0,0,-150,-28,-60,18032,401953,92134,19,-437,-602
52.734,03:56:57.734,43.564103767,1.481251248,0.,-0.,-0.,-0.,1.,-0.,-0.,-0.,-0.,-8.,0.,0.,0.,-8.,0.,0.,39.999996,0.,0.,0.,0.,0.,0.,0.,0.,0.,0.,0.,-0.117485,0.,-0.,1881.103271,2752.487549,2884.137207,1438.266602,-0.518655,-32.441559,4.356618,1.142459,64.883118,-8.713237,-0.030973,0.003117,-0.011309,-0.148458,0.003117,-0.011309,-0.190812,0.,0.,10,2334,0,19,0,0,-409,-34,-63,6920,306523,61797,19,-443,-603
52.984,03:56:57.984,43.564104048,1.481251296,0.,-0.,-0.,-0.,1.,-0.,-0.,-0.,-0.,-8.,0.,0.,0.,-8.,0.,0.,39.999996,0.,0.,0.,0.,0.,0.,0.,0.,0.,0.,0.,-0.20914,0.,-0.,1931.257324,2805.576172,2834.177734,1340.983643,-0.558728,-33.145184,7.863411,2.071066,66.290367,-15.726822,-0.031398,0.006011,-0.022045,-0.240539,0.006011,-0.022045,-0.276848,0.,0.,10,2247,0,19,0,0,-777,25,-67,33613,392883,80520,20,-435,-602
53.234,03:56:58.234,43.564103732,1.481251200,0.,-0.,-0.,-0.,1.,-0.,-0.,-0.,-0.,-8.,0.,0.,0.,-8.,0.,0.,39.999996,0.,0.,0.,0.,0.,0.,0.,0.,0.,0.,0.,-0.269685,0.,-0.,1526.128662,3158.209961,2375.55127,1896.104736,1.04054,-29.56139,5.777568,-2.324407,59.12278,-11.555137,-0.013307,0.006033,-0.013753,-0.282992,0.006033,-0.013753,-0.28446,0.,0.,11,2232,0,19,0,0,-1106,42,-84,23645,306997,34999,19,-444,-604
53.484,03:56:58.484,43.564104048,1.481251248,0.,-0.,-0.,-0.,1.,-0.,-0.,-0.,-0.,-8.,0.,0.,0.,-8.,0.,0.,39.999996,0.,0.,0.,0.,0.,0.,0.,0.,0.,0.,0.,-0.282504,0.,-0.,1407.125244,3752.846191,2382.499756,2261.523193,2.008433,-34.533756,7.223284,-5.89119,69.067513,-14.446568,0.00345,0.010402,-0.016482,-0.279053,0.010402,-0.016482,-0.28446,0.,0.,11,2238,0,20,0,0,-1152,25,-68,25477,403138,38498,20,-435,-603
53.734,03:56:58.734,43.564104329,1.481251248,0.,-0.,-0.,-0.,1.,-0.,-0.,-0.,-0.,-8.,0.,0.,0.,-8.,0.,0.,39.999996,0.,0.,0.,0.,0.,0.,0.,0.,0.,0.,0.,-0.284235,0.,-0.,1957.918945,3407.950439,2822.31958,2155.805176,0.70729,-29.631645,5.428434,-2.106967,59.26329,-10.856868,0.00879,-0.012813,-0.010717,-0.275445,-0.012813,-0.010717,-0.28446,0.,0.,11,2487,0,21,0,0,-1134,5,-51,32725,458908,47245,21,-427,-603
53.984,03:56:58.984,43.564103907,1.481251151,0.,-0.,-0.,-0.,1.,-0.,-0.,-0.,-0.,-8.,0.,0.,0.,-8.,0.,0.,39.999996,0.,0.,0.,0.,0.,0.,0.,0.,0.,0.,0.,-0.284439,0.,-0.,1517.046875,3879.944824,2475.560547,2471.442139,2.129437,-33.138226,6.29986,-6.38086,66.276451,-12.59972,0.007432,-0.009887,-0.006809,-0.277008,-0.009887,-0.006809,-0.28446,0.,0.,11,2583,0,19,0,0,-1129,-69,-28,7615,390028,2966,19,-439,-605
54.234,03:56:59.234,43.564103697,1.481251151,0.,-0.,-0.,-0.,1.,-0.,-0.,-0.,-0.,-8.,0.,0.,0.,-8.,0.,0.,39.999996,0.,0.,0.,0.,0.,0.,0.,0.,0.,0.,0.,-0.284455,0.,-0.,2071.811523,3775.993164,2851.994141,2632.193848,1.340021,-26.935743,5.090633,-4.020062,53.871487,-10.181266,0.007219,-0.019461,-0.00132,-0.277237,-0.019461,-0.00132,-0.28446,0.,0.,12,2648,0,19,0,0,-1136,-56,-30,7111,297538,2968,19,-445,-605
54.484,03:56:59.484,43.564103907,1.481251151,0.,-0.,-0.,-0.,1.,-0.,-0.,-0.,-0.,-8.,0.,0.,0.,-8.,0.,0.,39.999996,0.,0.,0.,0.,0.,0.,0.,0.,0.,0.,0.,-0.284455,0.,-0.,2061.310303,3831.595215,2863.438477,2811.650391,1.551407,-25.509016,3.049433,-4.654222,51.018032,-6.098867,0.004977,-0.030717,0.008262,-0.279478,-0.030717,0.008262,-0.28446,0.,0.,12,2823,0,19,0,0,-1139,-110,13,10268,375414,-2207,19,-439,-605
54.734,03:56:59.734,43.564103697,1.481251151,0.,-0.,-0.,-0.,1.,-0.,-0.,-0.,-0.,-8.,0.,0.,0.,-8.,0.,0.,39.999996,0.,0.,0.,0.,0.,0.,0.,0.,0.,0.,0.,-0.284455,0.,-0.,2317.544189,3820.745361,3080.953613,2984.750732,1.270168,-22.391651,1.016188,-3.810503,44.783302,-2.032377,0.003301,-0.042174,0.014201,-0.281154,-0.042174,0.014201,-0.28446,0.,0.,12,2906,0,19,0,0,-1149,-139,43,-572,310361,-7272,19,-445,-605
54.984,03:56:59.984,43.564103907,1.481251103,0.,-0.,-0.,-0.,1.,-0.,-0.,-0.,-0.,-8.,0.,0.,0.,-8.,0.,0.,39.999996,0.,0.,0.,0.,0.,0.,0.,0.,0.,0.,0.,-0.284455,0.,-0.,1949.939697,3934.36084,2927.713135,3411.980469,2.228651,-21.002151,-6.375509,-6.685952,42.004303,12.751018,-2.4e-05,-0.05044,0.045845,-0.284479,-0.05044,0.045845,-0.28446,0.,0.,12,3048,0,19,0,0,-1152,-198,107,-7359,382377,-18691,19,-439,-606
55.234,03:57:0.234,43.564104329,1.481251151,0.,-0.,-0.,-0.,1.,-0.,-0.,-0.,-0.,-8.,0.,0.,0.,-8.,0.,0.,39.999996,0.,0.,0.,0.,0.,0.,0.,0.,0.,0.,0.,-0.284455,0.,-0.,1788.846191,4324.67041,2850.39502,3780.079834,3.12857,-22.485952,-7.237418,-9.38571,44.971905,14.474835,-0.008883,-0.050891,0.069115,-0.293338,-0.050891,0.069115,-0.28446,0.,0.,13,3061,0,18,0,0,-1184,-217,230,-15155,521126,-10871,18,-427,-605
55.484,03:57:0.484,43.564103978,1.481251200,0.,-0.,-0.,-0.,1.,-0.,-0.,-0.,-0.,-8.,0.,0.,0.,-8.,0.,0.,39.999996,0.,0.,0.,0.,0.,0.,0.,0.,0.,0.,0.,-0.284455,0.,-0.,1605.482666,4192.869141,2742.84375,4270.79834,3.715216,-14.832035,-17.014065,-11.145649,29.66407,34.02813,-0.01655,-0.076422,0.087971,-0.301005,-0.076422,0.087971,-0.28446,0.,0.,13,3190,0,19,0,0,-1213,-237,306,1772,433002,7067,19,-437,-604
55.734,03:57:0.734,43.564104505,1.481251248,0.,-0.,-0.,-0.,1.,-0.,-0.,-0.,-0.,-8.,0.,0.,0.,-8.,0.,0.,39.999996,0.,0.,0.,0.,0.,0.,0.,0.,0.,0.,0.,-0.284455,0.,-0.,695.814941,4810.496094,1909.216797,5396.46582,6.862825,-8.784045,-25.191204,-20.588474,17.56809,50.382408,-0.031181,-0.09443,0.121121,-0.315636,-0.09443,0.121121,-0.28446,0.,0.,13,3202,0,18,0,0,-1250,-328,385,-25771,591566,-1662,18,-422,-603
55.984,03:57:0.984,43.564104154,1.481251345,0.,-0.,-0.,-0.,1.,-0.,-0.,-0.,-0.,-8.,0.,0.,0.,-8.,0.,0.,39.999996,0.,0.,0.,0.,0.,0.,0.,0.,0.,0.,0.,-0.284455,0.,-0.,295.381836,4901.355957,2038.313232,5576.942383,7.352743,-14.942818,-33.859253,-22.058229,29.885635,67.718506,-0.043573,-0.087895,0.148137,-0.328029,-0.087895,0.148137,-0.28446,0.,0.,13,3202,0,19,0,0,-1319,-405,473,-47092,506393,-23559,19,-432,-601
56.234,03:57:1.234,43.564104681,1.481251441,0.,-0.,-0.,-0.,1.,-0.,-0.,-0.,-0.,-8.,0.,0.,0.,-8.,0.,0.,39.999996,0.,0.,0.,0.,0.,0.,0.,0.,0.,0.,0.,-0.29011,0.043039,-0.13293,0.00012,5345.663574,2104.056885,5362.657227,9.859845,-29.218884,-29.694704,-28.849379,53.338776,70.181572,-0.069145,0.005278,0.166121,-0.359255,0.048317,0.03319,-0.285364,0.013082,-0.138005,14,3202,0,17,0,0,-1362,-261,671,-74993,653095,9006,17,-417,-599
56.484,03:57:1.484,43.564104154,1.481251683,0.,-0.,-0.,-0.,1.,-0.,-0.,-0.,-0.,-8.,0.,0.,0.,-8.,0.,0.,39.999996,0.,0.,0.,0.,0.,0.,0.,0.,0.,0.,0.,-0.290543,0.050137,-0.208901,2278.798828,4584.452637,2863.703125,3085.039062,2.281295,-29.180452,12.803136,-6.791731,57.817013,-24.451431,-0.031621,0.055546,0.014595,-0.322164,0.105683,-0.194306,-0.286864,0.02346,-0.204192,14,3202,0,21,0,0,-1470,421,-492,22950,336309,44747,21,-432,-594
56.734,03:57:1.734,43.564103732,1.481251490,0.,-0.,-0.,-0.,1.,-0.,-0.,-0.,-0.,-8.,0.,0.,0.,-8.,0.,0.,39.999996,0.,0.,0.,0.,0.,0.,0.,0.,0.,0.,0.,-0.286361,0.017239,-0.151198,5126.259766,2119.734131,4386.060059,1227.938965,-5.565313,-2.122339,22.847929,16.628883,4.767616,-44.060455,0.055099,-0.093684,-0.171088,-0.231261,-0.076444,-0.322286,-0.284457,0.000599,0.01152,14,3202,0,23,0,0,-1161,102,-1279,94009,16400,-17176,23,-444,-598
56.984,03:57:1.984,43.564103345,1.481250861,0.,-0.,-0.,-0.,1.,-0.,-0.,-0.,-0.,-8.,0.,0.,0.,-8.,0.,0.,39.999996,0.,0.,0.,0.,0.,0.,0.,0.,0.,0.,0.,-0.284753,0.003304,-0.021931,3538.328613,2190.408447,5192.957031,1890.299805,-4.19843,-27.366312,-18.963284,12.580389,54.883556,36.168697,0.09692,-0.060581,-0.017413,-0.187833,-0.057276,-0.039344,-0.28446,0.000278,0.00285,14,3203,0,19,0,0,-822,-405,-601,-58425,-65723,-220005,19,-455,-611
57.234,03:57:2.234,43.564103661,1.481251006,0.,-0.,-0.,-0.,1.,-0.,-0.,-0.,-0.,-8.,0.,0.,0.,-8.,0.,0.,39.999996,0.,0.,0.,0.,0.,0.,0.,0.,0.,0.,0.,-0.284499,0.000344,-0.00927,2650.774414,3985.657715,3436.367676,2975.192383,0.788758,-25.144817,3.148213,-2.366273,50.399815,-7.668497,0.04485,-0.006277,-0.019037,-0.239649,-0.005933,-0.028308,-0.284479,0.000793,-0.046224,15,3202,0,19,0,0,-848,-140,140,-40825,275805,-28272,19,-446,-608
57.484,03:57:2.484,43.564104259,1.481251345,0.,-0.,-0.,-0.,1.,-0.,-0.,-0.,-0.,-8.,0.,0.,0.,-8.,0.,0.,39.999996,0.,0.,0.,0.,0.,0.,0.,0.,0.,0.,0.,-0.284484,0.000652,-0.045165,4695.037598,2506.652588,4243.751953,1722.550293,-4.25172,-4.65943,17.295427,12.76261,9.305573,-33.951969,0.037641,-0.02229,-0.127581,-0.246843,-0.021638,-0.172746,-0.284488,0.001309,-0.042374,15,3266,0,20,0,0,-1030,3,-377,22857,357849,50375,20,-429,-601
57.734,03:57:2.734,43.564103556,1.481251006,0.,-0.,-0.,-0.,1.,-0.,-0.,-0.,-0.,-8.,0.,0.,0.,-8.,0.,0.,39.999996,0.,0.,0.,0.,0.,0.,0.,0.,0.,0.,0.,-0.284484,-0.000229,-0.029155,4139.580566,2619.366455,4816.978027,2180.067627,-3.752966,-15.633753,-3.333389,11.258899,31.30817,6.764567,0.048657,-0.050194,-0.046559,-0.235827,-0.050423,-0.075714,-0.284456,-0.000604,-0.012421,15,3345,0,21,0,0,-984,-210,-628,20038,31358,-92539,21,-449,-608
57.984,03:57:2.984,43.564103697,1.481250861,0.,-0.,-0.,-0.,1.,-0.,-0.,-0.,-0.,-8.,0.,0.,0.,-8.,0.,0.,39.999996,0.,0.,0.,0.,0.,0.,0.,0.,0.,0.,0.,-0.284484,-0.000319,-0.010398,3899.87207,3103.094238,4504.858887,2412.16626,-2.608546,-18.142811,1.20317,7.825639,36.285622,-2.640334,0.042596,-0.036705,-0.034666,-0.241888,-0.037024,-0.045064,-0.28446,0.,0.,15,3436,0,20,0,0,-971,-153,-268,-10570,173407,-93365,20,-445,-611
58.234,03:57:3.234,43.564103661,1.481251103,0.,-0.,-0.,-0.,1.,-0.,-0.,-0.,-0.,-8.,0.,0.,0.,-8.,0.,0.,39.999996,0.,0.,0.,0.,0.,0.,0.,0.,0.,0.,0.,-0.284484,-6e-05,-0.001706,4197.605957,2631.347412,4907.838867,2559.198975,-3.534306,-10.953338,-8.933186,10.602919,21.903391,17.763634,0.032083,-0.036165,-0.014271,-0.252402,-0.036225,-0.015977,-0.28446,0.,0.,16,3510,0,20,0,0,-1003,-103,-155,43390,165533,-9939,20,-446,-606
58.484,03:57:3.484,43.564103837,1.481251200,0.,-0.,-0.,-0.,1.,-0.,-0.,-0.,-0.,-8.,0.,0.,0.,-8.,0.,0.,39.999996,0.,0.,0.,0.,0.,0.,0.,0.,0.,0.,0.,-0.284484,-3.2e-05,-0.00178,3961.819824,3258.491211,4487.821777,2635.860107,-2.306846,-16.080854,1.352812,6.920537,32.142056,-4.138988,0.01397,-0.030548,0.013012,-0.270515,-0.03058,0.011232,-0.284454,-0.000427,-0.029777,16,3579,0,21,0,0,-1068,-182,-23,-5389,241756,13981,21,-441,-604
58.734,03:57:3.734,43.564103767,1.481251296,0.,-0.,-0.,-0.,1.,-0.,-0.,-0.,-0.,-8.,0.,0.,0.,-8.,0.,0.,39.999996,0.,0.,0.,0.,0.,0.,0.,0.,0.,0.,0.,-0.284493,0.000536,-0.036286,2661.12793,4316.438965,3470.875,4223.550781,2.173872,-12.636894,-10.036026,-6.529065,25.417519,19.053185,-0.01456,0.002824,0.051257,-0.299054,0.00336,0.014971,-0.284644,0.004105,-0.089455,16,3617,0,21,0,0,-1153,-50,106,55968,248426,18944,21,-443,-602
58.984,03:57:3.984,43.564103978,1.481251441,0.,-0.,-0.,-0.,1.,-0.,-0.,-0.,-0.,-8.,0.,0.,0.,-8.,0.,0.,39.999996,0.,0.,0.,0.,0.,0.,0.,0.,0.,0.,0.,-0.284534,0.002153,-0.059523,3944.929199,3381.243896,3882.617188,3511.20166,-0.844218,2.691779,-0.947048,2.532655,-5.412604,2.016098,-0.016332,-0.055177,0.003193,-0.300866,-0.053024,-0.05633,-0.284484,0.000892,-0.052925,16,3670,0,23,0,0,-1257,-101,-95,34780,303985,43622,23,-437,-599
59.234,03:57:4.234,43.564103767,1.481251200,0.,-0.,-0.,-0.,1.,-0.,-0.,-0.,-0.,-8.,0.,0.,0.,-8.,0.,0.,39.999996,0.,0.,0.,0.,0.,0.,0.,0.,0.,0.,0.,-0.284479,0.000634,-0.044485,4658.094238,2977.677002,4844.725098,2495.49585,-3.637878,-9.363369,4.137697,10.913634,18.740767,-8.470972,0.008219,-0.050045,-9.4e-05,-0.276259,-0.049411,-0.044579,-0.284455,-0.000289,-0.037469,17,3686,0,22,0,0,-1185,-234,-228,-5772,177092,-70183,22,-443,-604
59.484,03:57:4.484,43.564103907,1.481251103,0.,-0.,-0.,-0.,1.,-0.,-0.,-0.,-0.,-8.,0.,0.,0.,-8.,0.,0.,39.999996,0.,0.,0.,0.,0.,0.,0.,0.,0.,0.,0.,-0.284483,0.012418,-0.02524,3291.445801,3755.521973,4108.38916,3844.635254,0.180827,-10.189623,-12.684795,-0.53503,21.519417,25.245726,0.006826,-0.032989,0.032708,-0.277658,-0.020571,0.007468,-0.284474,0.064385,-0.000439,17,3740,0,22,0,0,-1124,-202,-70,51541,233508,-42949,22,-439,-606
59.734,03:57:4.734,43.564104892,1.481251055,0.,-0.,-0.,-0.,1.,-0.,-0.,-0.,-0.,-8.,0.,0.,0.,-8.,0.,0.,39.999996,0.,0.,0.,0.,0.,0.,0.,0.,0.,0.,0.,-0.284665,0.084722,-0.00746,3091.201172,4169.744141,3651.508789,4207.538574,1.475649,-7.315182,-8.373426,-4.426948,13.082506,16.543825,-0.007339,0.007787,0.065301,-0.292004,0.092509,0.057841,-0.284443,0.071093,0.000482,17,3759,0,23,0,0,-1158,146,170,-16562,426088,-947,23,-411,-607
59.984,03:57:4.984,43.564104505,1.481251635,0.,-0.,-0.,-0.,1.,-0.,-0.,-0.,-0.,-8.,0.,0.,0.,-8.,0.,0.,39.999996,0.,0.,0.,0.,0.,0.,0.,0.,0.,0.,0.,-0.285188,0.073266,-0.021999,3001.203613,3993.307373,3674.791016,4658.689453,1.783859,-0.114874,-18.745571,-5.418631,1.636045,36.727459,-0.026016,-0.037727,0.043995,-0.311204,0.035539,0.021996,-0.287383,0.078842,-0.074067,17,3786,0,24,0,0,-1247,308,224,48682,330575,181829,24,-422,-595
60.234,03:57:5.234,43.564104470,1.481252505,0.,-0.,-0.,-0.,1.,-0.,-0.,-0.,-0.,-8.,0.,0.,0.,-8.,0.,0.,39.999996,0.,0.,0.,0.,0.,0.,0.,0.,0.,0.,0.,-0.28666,0.071437,-0.061714,3728.157715,3799.484375,4150.747559,3817.601074,-0.236372,-5.662626,-6.169894,0.805974,9.809058,14.18567,-0.01528,-0.056959,-0.023899,-0.301941,0.014478,-0.085614,-0.285525,0.046945,-0.045342,18,3842,0,24,0,0,-1268,13,-245,38562,276787,215468,24,-423,-577
60.484,03:57:5.484,43.564104118,1.481252940,0.,-0.,-0.,-0.,1.,-0.,-0.,-0.,-0.,-8.,0.,0.,0.,-8.,0.,0.,39.999996,0.,0.,0.,0.,0.,0.,0.,0.,0.,0.,0.,-0.285345,0.04253,-0.031927,3648.107422,4142.378906,3837.504639,4547.999512,1.087628,3.027129,-8.33025,-3.307586,-5.411645,15.282142,-0.008062,-0.040711,0.032229,-0.293407,0.001818,0.000302,-0.284735,0.025147,-0.02187,18,3910,0,24,0,0,-1222,132,-192,26271,165354,103485,24,-433,-568
60.734,03:57:5.734,43.564104294,1.481253569,0.,-0.,-0.,-0.,1.,-0.,-0.,-0.,-0.,-8.,0.,0.,0.,-8.,0.,0.,39.999996,0.,0.,0.,0.,0.,0.,0.,0.,0.,0.,0.,-0.284784,0.026018,-0.021003,4257.702637,3936.199219,4804.689941,3953.399414,-1.058768,-7.417016,-7.898633,3.161403,15.113428,15.388415,-0.000659,-0.056597,0.02365,-0.285443,-0.030579,0.002647,-0.284736,0.022113,-0.024934,18,4132,0,25,0,0,-1190,-149,36,32418,255327,140515,25,-428,-555
60.984,03:57:5.984,43.564104329,1.481254149,0.,-0.,-0.,-0.,1.,-0.,-0.,-0.,-0.,-8.,0.,0.,0.,-8.,0.,0.,39.999996,0.,0.,0.,0.,0.,0.,0.,0.,0.,0.,0.,-0.28485,0.025241,-0.030195,5011.259277,3210.148193,5146.806641,3631.777344,-2.993719,4.005144,-7.800467,8.943905,-7.816108,13.831886,0.002983,-0.030159,0.021019,-0.281867,-0.004918,-0.009176,-0.285375,0.029703,-0.061569,18,4235,0,28,0,0,-1164,-85,13,42394,257323,161747,28,-427,-543
61.234,03:57:6.234,43.564105349,1.481255454,0.,-0.,-0.,-0.,1.,-0.,-0.,-0.,-0.,-8.,0.,0.,0.,-8.,0.,0.,39.999996,0.,0.,0.,0.,0.,0.,0.,0.,0.,0.,0.,-0.285838,0.034128,-0.076397,3365.52002,4728.298828,4438.606934,4467.564941,1.256402,-18.673491,-11.372939,-3.761757,37.303207,23.164974,0.00099,0.008025,-0.013261,-0.284849,0.042153,-0.089657,-0.286596,0.042197,-0.10111,19,4248,0,32,0,0,-1162,46,-149,-23881,396168,250202,32,-398,-516
61.484,03:57:6.484,43.564106404,1.481256760,0.,-0.,-0.,-0.,1.,-0.,-0.,-0.,-0.,-8.,0.,0.,0.,-8.,0.,0.,39.999996,0.,0.,0.,0.,0.,0.,0.,0.,0.,0.,0.,-0.28539,0.022795,-0.07168,4059.897461,3788.498535,4693.113281,4810.480469,-0.139059,5.442726,-23.172773,0.394826,-10.533877,45.95998,0.003871,-0.024961,0.016114,-0.281519,-0.002166,-0.055566,-0.284687,0.008434,-0.053858,19,4249,0,31,0,0,-1161,132,-388,-20977,417403,229885,31,-368,-489
61.734,03:57:6.734,43.564107142,1.481257872,0.,-0.,-0.,-0.,1.,-0.,-0.,-0.,-0.,-8.,0.,0.,0.,-8.,0.,0.,39.999996,0.,0.,0.,0.,0.,0.,0.,0.,0.,0.,0.,-0.285117,0.017166,-0.067814,3668.39502,4788.218262,4759.348633,4608.02832,0.874326,-17.796005,-12.750699,-2.608075,35.672569,26.578007,0.002489,-0.001464,0.010456,-0.282628,0.015702,-0.057357,-0.28564,0.03059,-0.077066,19,4346,0,26,0,0,-1149,-67,-152,18395,391767,195509,26,-347,-466
61.984,03:57:6.984,43.564108091,1.481258790,0.,-0.,-0.,-0.,1.,-0.,-0.,-0.,-0.,-8.,0.,0.,0.,-8.,0.,0.,39.999996,0.,0.,0.,0.,0.,0.,0.,0.,0.,0.,0.,-0.285415,0.023578,-0.078923,3164.791748,4779.668457,4776.838867,5170.691895,1.813434,-17.09433,-28.042988,-5.41795,33.851986,56.212635,-0.000514,-0.011244,-0.00717,-0.285929,0.012335,-0.086093,-0.285269,0.019321,-0.083677,19,4459,0,32,0,0,-1162,88,-254,109473,485041,211941,32,-320,-447
62.234,03:57:7.234,43.564109392,1.481260144,0.,-0.,-0.,-0.,1.,-0.,-0.,-0.,-0.,-8.,0.,0.,0.,-8.,0.,0.,39.999996,0.,0.,0.,0.,0.,0.,0.,0.,0.,0.,0.,-0.285102,0.016623,-0.075152,4106.257324,4276.363281,4884.006836,4649.362793,-0.058268,-5.666495,-16.110487,0.174805,11.341372,32.196758,-0.001473,-8.5e-05,0.004021,-0.286575,0.016538,-0.071131,-0.284759,0.009717,-0.061501,20,4476,0,40,0,0,-1176,16,-295,110353,516466,213554,40,-283,-419
62.484,03:57:7.484,43.564110623,1.481261063,0.,-0.,-0.,-0.,1.,-0.,-0.,-0.,-0.,-8.,0.,0.,0.,-8.,0.,0.,39.999996,0.,0.,0.,0.,0.,0.,0.,0.,0.,0.,0.,-0.284814,0.010331,-0.067662,4192.693848,4630.293457,4743.756836,4749.245117,0.400007,-6.049564,-9.380199,-1.207471,12.213448,18.635601,-0.00259,-0.006833,0.009345,-0.287404,0.003498,-0.058317,-0.284765,0.008796,-0.06927,20,4498,0,45,0,0,-1178,-3,-156,11181,525555,157001,45,-248,-400
62.734,03:57:7.734,43.564111888,1.481261691,0.,-0.,-0.,-0.,1.,-0.,-0.,-0.,-0.,-8.,0.,0.,0.,-8.,0.,0.,39.999996,0.,0.,0.,0.,0.,0.,0.,0.,0.,0.,0.,-0.284841,0.010318,-0.07313,4762.891602,4679.066895,4668.320312,4701.711426,-0.045529,1.641019,1.006986,0.151489,-3.468536,-1.671245,-0.001873,-0.003437,-0.000587,-0.286714,0.006881,-0.073717,-0.284751,0.00785,-0.074024,20,4587,0,39,0,0,-1175,-13,-263,-52466,509117,143531,39,-212,-387
62.984,03:57:7.984,43.564113541,1.481262223,0.,-0.,-0.,-0.,1.,-0.,-0.,-0.,-0.,-8.,0.,0.,0.,-8.,0.,0.,39.999996,0.,0.,0.,0.,0.,0.,0.,0.,0.,0.,0.,-0.284746,0.009475,-0.05187,3026.005127,3775.375977,3874.668213,3667.943359,0.489885,-13.385336,-10.377226,-1.477105,26.707808,20.467604,0.000217,-0.008667,0.014167,-0.284529,0.000808,-0.037703,-0.28449,0.00384,-0.015382,20,4615,0,34,0,0,-1168,51,-318,29958,552108,96566,34,-165,-376
63.234,03:57:8.234,43.564115017,1.481262755,0.,-0.,-0.,-0.,1.,-0.,-0.,-0.,-0.,-8.,0.,0.,0.,-8.,0.,0.,39.999996,0.,0.,0.,0.,0.,0.,0.,0.,0.,0.,0.,-0.284518,0.0034,-0.01176,1511.486572,1204.016846,1708.673096,5519.816406,3.16303,57.660587,-63.181812,-9.489091,-115.236656,125.80809,-0.009057,-0.115142,0.123278,-0.293575,-0.111742,0.111518,-0.28446,0.,0.,21,3238,0,31,0,0,-1162,32,40,-147461,543752,116011,30,-123,-365
63.484,03:57:8.484,43.564116810,1.481262803,0.,-0.,-0.,-0.,1.,-0.,-0.,-0.,-0.,-8.,0.,0.,0.,-8.,0.,0.,39.999996,0.,0.,0.,0.,0.,0.,0.,0.,0.,0.,0.,-0.284465,0.00055,-0.001629,370.341309,2728.770508,2951.98584,3680.897461,2.787156,-22.813232,-49.47279,-8.361467,45.659935,98.834839,-0.028655,-0.018016,0.143868,-0.31312,-0.017466,0.142239,-0.28446,0.,0.,21,2497,0,21,0,0,-1190,-622,386,-188401,729088,-95434,21,-72,-364
63.734,03:57:8.734,43.564116388,1.481263287,0.,-0.,-0.,-0.,1.,-0.,-0.,-0.,-0.,-8.,0.,0.,0.,-8.,0.,0.,39.999996,0.,0.,0.,0.,0.,0.,0.,0.,0.,0.,0.,-0.284455,6.8e-05,-0.000191,139.775391,4490.57959,955.903076,3865.737061,6.55467,-20.173573,-2.677984,-19.664011,40.352177,5.341274,-0.069086,0.195215,0.023489,-0.353541,0.195284,0.023298,-0.28446,0.,0.,21,2402,0,17,0,0,-1322,444,646,-52636,405097,88224,17,-84,-354
63.984,03:57:8.984,43.564118849,1.481265221,0.,-0.,-0.,-0.,1.,-0.,-0.,-0.,-0.,-8.,0.,0.,0.,-8.,0.,0.,39.999996,0.,0.,0.,0.,0.,0.,0.,0.,0.,0.,0.,-0.284435,8e-06,-2.1e-05,0.,1154.259033,489.642029,517.571533,9.087458,-15.768615,2.058638,-27.262373,31.53784,-4.118966,-0.054744,0.116077,-0.085461,-0.339179,0.116085,-0.085482,-0.2843,0.,0.,21,2364,0,10,0,0,-1386,507,-108,-59407,677554,506621,10,-14,-314
64.234,03:57:9.234,43.564115650,1.481263287,0.,-0.,-0.,-0.,1.,-0.,-0.,-0.,-0.,-8.,0.,0.,0.,-8.,0.,0.,39.999996,0.,0.,0.,0.,0.,0.,0.,0.,0.,0.,0.,-0.285369,1e-06,-2e-06,51.101448,1351.228516,0.000102,0.,4.976954,-18.201782,19.633108,-19.55022,36.403633,-39.266396,-0.065907,0.084922,-0.171285,-0.351277,0.084923,-0.171287,-0.351257,0.,0.,22,741,0,20,0,0,-1463,374,-697,72206,-91166,70105,20,-105,-354
64.484,03:57:9.484,43.564115474,1.481263093,0.,-0.,-0.,-0.,1.,-0.,-0.,-0.,-0.,-8.,0.,0.,0.,-8.,0.,0.,39.999996,0.,0.,0.,0.,0.,0.,0.,0.,0.,0.,0.,-0.334914,0.,-0.,4e-06,1400.395874,245.641357,0.,0.752369,-23.045074,16.166563,-1.497146,46.090157,-32.333145,-0.018839,0.07398,-0.174158,-0.353753,0.07398,-0.174158,-0.35385,0.,0.,22,362,0,20,0,0,-1443,300,-763,20925,-56391,-44044,20,-110,-358
64.734,03:57:9.734,43.564115474,1.481262948,0.,-0.,-0.,-0.,1.,-0.,-0.,-0.,-0.,-8.,0.,0.,0.,-8.,0.,0.,39.999996,0.,0.,0.,0.,0.,0.,0.,0.,0.,0.,0.,-0.352057,0.,-0.,0.,1401.456421,232.256165,1.9e-05,3.269266,-22.872522,16.368788,-9.681139,45.745045,-32.737576,-0.004325,0.073739,-0.141963,-0.356383,0.073739,-0.141963,-0.356359,0.,0.,22,403,0,20,0,0,-1452,311,-638,23235,-36828,-35284,20,-110,-361
64.984,03:57:9.984,43.564115580,1.481263045,0.,-0.,-0.,-0.,1.,-0.,-0.,-0.,-0.,-8.,0.,0.,0.,-8.,0.,0.,39.999996,0.,0.,0.,0.,0.,0.,0.,0.,0.,0.,0.,-0.355841,0.,-0.,1.2e-05,1566.165161,257.38858,2e-06,3.48613,-25.530369,18.322866,-10.436038,51.060738,-36.645733,-0.001332,0.073077,-0.132706,-0.357174,0.073077,-0.132706,-0.357174,0.,0.,22,413,0,19,0,0,-1462,295,-574,21884,-2314,7182,19,-107,-359
65.234,03:57:10.234,43.564115580,1.481263093,0.,-0.,-0.,-0.,1.,-0.,-0.,-0.,-0.,-8.,0.,0.,0.,-8.,0.,0.,39.999996,0.,0.,0.,0.,0.,0.,0.,0.,0.,0.,0.,-0.357141,0.,-0.,0.,1593.796509,41.969368,0.,4.193597,-22.901274,21.725582,-12.55844,45.802547,-43.451164,-0.000547,0.073507,-0.122942,-0.357687,0.073507,-0.122942,-0.357331,0.,0.,22,453,0,20,0,0,-1464,301,-517,28353,3201,16681,20,-107,-358
65.484,03:57:10.484,43.564115580,1.481263093,0.,-0.,-0.,-0.,1.,-0.,-0.,-0.,-0.,-8.,0.,0.,0.,-8.,0.,0.,39.999996,0.,0.,0.,0.,0.,0.,0.,0.,0.,0.,0.,-0.357731,0.,-0.,0.000141,1807.060547,260.226532,7e-06,3.275725,-28.942717,21.65568,-9.842077,57.885433,-43.311359,-0.000643,0.073988,-0.111657,-0.358374,0.073988,-0.111657,-0.358437,0.,0.,22,483,0,19,0,0,-1465,302,-484,22931,14627,19793,19,-107,-358
65.734,03:57:10.734,43.564115615,1.481263142,0.,-0.,-0.,-0.,1.,-0.,-0.,-0.,-0.,-8.,0.,0.,0.,-8.,0.,0.,39.999996,0.,0.,0.,0.,0.,0.,0.,0.,0.,0.,0.,-0.358275,0.,-0.,0.000162,1905.969849,279.838165,2.3e-05,3.231608,-30.602051,22.765848,-9.687374,61.204102,-45.531696,3e-06,0.075455,-0.102755,-0.358272,0.075455,-0.102755,-0.358411,0.,0.,22,515,0,20,0,0,-1467,305,-441,30440,33223,29730,20,-106,-357
65.984,03:57:10.984,43.564115615,1.481263142,0.,-0.,-0.,-0.,1.,-0.,-0.,-0.,-0.,-8.,0.,0.,0.,-8.,0.,0.,39.999996,0.,0.,0.,0.,0.,0.,0.,0.,0.,0.,0.,-0.358392,0.,-0.,0.,1997.733521,301.348267,1.3e-05,3.326449,-32.187931,23.749388,-9.971896,64.375862,-47.498775,0.000137,0.076486,-0.09544,-0.358256,0.076486,-0.09544,-0.358411,0.,0.,22,550,0,19,0,0,-1467,308,-409,25041,36936,27989,19,-106,-357
66.234,03:57:11.234,43.564115650,1.481263190,0.,-0.,-0.,-0.,1.,-0.,-0.,-0.,-0.,-8.,0.,0.,0.,-8.,0.,0.,39.999996,0.,0.,0.,0.,0.,0.,0.,0.,0.,0.,0.,-0.35841,0.,-0.,0.,2040.088867,384.224274,0.,3.90872,-33.941216,23.182106,-11.726159,67.882431,-46.364212,-0.002571,0.076747,-0.081513,-0.360981,0.076747,-0.081513,-0.358411,0.,0.,22,585,0,20,0,0,-1470,316,-367,31100,53478,38657,20,-105,-356
66.484,03:57:11.484,43.564115756,1.481263238,0.,-0.,-0.,-0.,1.,-0.,-0.,-0.,-0.,-8.,0.,0.,0.,-8.,0.,0.,39.999996,0.,0.,0.,0.,0.,0.,0.,0.,0.,0.,0.,-0.358411,0.,-0.,0.,2149.465576,424.989014,0.,4.054483,-36.043243,24.14266,-12.163448,72.086487,-48.28532,-0.007048,0.075547,-0.068898,-0.365459,0.075547,-0.068898,-0.358411,0.,0.,22,609,0,21,0,0,-1489,308,-306,40767,91444,55627,21,-102,-355
66.734,03:57:11.734,43.564115720,1.481263190,0.,-0.,-0.,-0.,1.,-0.,-0.,-0.,-0.,-8.,0.,0.,0.,-8.,0.,0.,39.999996,0.,0.,0.,0.,0.,0.,0.,0.,0.,0.,0.,-0.358411,0.,-0.,0.000119,2102.42334,516.204407,0.,5.736204,-36.661682,22.207067,-17.208612,73.323364,-44.414135,-0.013342,0.071877,-0.056494,-0.371753,0.071877,-0.056494,-0.358411,0.,0.,23,641,0,20,0,0,-1501,309,-267,30396,96087,43387,20,-103,-356
66.984,03:57:11.984,43.564116142,1.481263432,0.,-0.,-0.,-0.,1.,-0.,-0.,-0.,-0.,-8.,0.,0.,0.,-8.,0.,0.,39.999996,0.,0.,0.,0.,0.,0.,0.,0.,0.,0.,0.,-0.358411,0.,-0.,0.,2328.817383,510.017426,0.,4.950207,-39.744659,25.4632,-14.85062,79.489319,-50.926399,-0.01502,0.075983,-0.048262,-0.373431,0.075983,-0.048262,-0.358411,0.,0.,23,677,0,23,0,0,-1527,308,-196,59484,197909,90563,23,-91,-351
67.234,03:57:12.234,43.564115791,1.481263238,0.,-0.,-0.,-0.,1.,-0.,-0.,-0.,-0.,-8.,0.,0.,0.,-8.,0.,0.,39.999996,0.,0.,0.,0.,0.,0.,0.,0.,0.,0.,0.,-0.358411,0.,-0.,8e-05,2325.016113,659.111084,0.,5.636318,-41.778801,23.32268,-16.908955,83.557602,-46.645359,-0.018034,0.077231,-0.041844,-0.376445,0.077231,-0.041844,-0.358411,0.,0.,23,707,0,19,0,0,-1533,312,-188,30174,136662,50909,19,-101,-355
67.484,03:57:12.484,43.564115896,1.481263287,0.,-0.,-0.,-0.,1.,-0.,-0.,-0.,-0.,-8.,0.,0.,0.,-8.,0.,0.,39.999996,0.,0.,0.,0.,0.,0.,0.,0.,0.,0.,0.,-0.358411,0.,-0.,7.8e-05,2668.953369,281.042969,6.8e-05,7.496644,-41.300957,33.430744,-22.489931,82.601913,-66.861488,-0.026904,0.076762,-0.030437,-0.385314,0.076762,-0.030437,-0.358411,0.,0.,23,741,0,20,0,0,-1553,318,-154,38885,176215,64691,20,-98,-354
67.734,03:57:12.734,43.564115826,1.481263238,0.,-0.,-0.,-0.,1.,-0.,-0.,-0.,-0.,-8.,0.,0.,0.,-8.,0.,0.,39.999996,0.,0.,0.,0.,0.,0.,0.,0.,0.,0.,0.,-0.358411,0.,-0.,0.,2398.232178,854.182495,9e-05,7.805042,-45.53492,21.616692,-23.415127,91.069839,-43.233383,-0.03491,0.078362,-0.022695,-0.393321,0.078362,-0.022695,-0.358411,0.,0.,24,772,0,19,0,0,-1605,317,-105,27851,166728,49393,19,-100,-355
67.984,03:57:12.984,43.564115931,1.481263335,0.,-0.,-0.,-0.,1.,-0.,-0.,-0.,-0.,-8.,0.,0.,0.,-8.,0.,0.,39.999996,0.,0.,0.,0.,0.,0.,0.,0.,0.,0.,0.,-0.358411,0.,-0.,0.,2416.321777,962.910706,0.,9.367885,-47.310413,20.347757,-28.103655,94.620827,-40.695515,-0.040945,0.079996,-0.010156,-0.399355,0.079996,-0.010156,-0.358411,0.,0.,24,810,0,20,0,0,-1618,325,-70,34195,209115,52642,20,-97,-353
68.234,03:57:13.234,43.564115826,1.481263287,0.,-0.,-0.,-0.,1.,-0.,-0.,-0.,-0.,-8.,0.,0.,0.,-8.,0.,0.,39.999996,0.,0.,0.,0.,0.,0.,0.,0.,0.,0.,0.,-0.358411,0.,-0.,0.000152,2381.883545,984.624512,0.,12.1233,-47.132263,19.561628,-36.3699,94.264526,-39.123257,-0.055065,0.075368,-0.002955,-0.413476,0.075368,-0.002955,-0.358411,0.,0.,24,841,0,21,0,0,-1655,325,-38,23237,184152,50463,19,-100,-354
68.484,03:57:13.484,43.564115967,1.481263335,0.,-0.,-0.,-0.,1.,-0.,-0.,-0.,-0.,-8.,0.,0.,0.,-8.,0.,0.,39.999996,0.,0.,0.,0.,0.,0.,0.,0.,0.,0.,0.,-0.358411,0.,-0.,0.,2365.637695,1188.780762,0.,14.202469,-49.763084,16.475992,-42.607407,99.526169,-32.951984,-0.070968,0.075269,0.01464,-0.429379,0.075269,0.01464,-0.358411,0.,0.,24,861,0,19,0,0,-1734,307,8,28951,233567,51524,19,-96,-353
68.734,03:57:13.734,43.564116283,1.481263383,0.,-0.,-0.,-0.,1.,-0.,-0.,-0.,-0.,-8.,0.,0.,0.,-8.,0.,0.,39.999996,0.,0.,0.,0.,0.,0.,0.,0.,0.,0.,0.,-0.358411,0.,-0.,6e-05,2349.479004,1268.51355,0.,16.268547,-50.653145,15.133514,-48.805641,101.30629,-30.267029,-0.082058,0.07463,0.024642,-0.440469,0.07463,0.024642,-0.358411,0.,0.,25,888,0,20,0,0,-1777,304,84,31730,345375,67870,20,-87,-352
68.984,03:57:13.984,43.564116072,1.481263335,0.,-0.,-0.,-0.,1.,-0.,-0.,-0.,-0.,-8.,0.,0.,0.,-8.,0.,0.,39.999996,0.,0.,0.,0.,0.,0.,0.,0.,0.,0.,0.,-0.358411,0.,-0.,6.4e-05,2303.493164,1419.51062,0.,17.23871,-52.123337,12.375755,-51.716129,104.246674,-24.751511,-0.101146,0.071385,0.037532,-0.459557,0.071385,0.037532,-0.358411,0.,0.,25,919,0,19,0,0,-1832,302,116,17326,286224,51513,19,-93,-353
69.234,03:57:14.234,43.564116388,1.481263432,0.,-0.,-0.,-0.,1.,-0.,-0.,-0.,-0.,-8.,0.,0.,0.,-8.,0.,0.,39.999996,0.,0.,0.,0.,0.,0.,0.,0.,0.,0.,0.,-0.358411,0.,-0.,1.4e-05,2309.696289,1439.343262,0.,16.728516,-52.487843,12.184949,-50.185547,104.975685,-24.369898,-0.13068,0.066257,0.046598,-0.489091,0.066257,0.046598,-0.358411,0.,0.,25,932,0,19,0,0,-1939,280,180,35500,393631,56682,19,-84,-351
69.484,03:57:14.484,43.564115931,1.481263287,0.,-0.,-0.,-0.,1.,-0.,-0.,-0.,-0.,-8.,0.,0.,0.,-8.,0.,0.,39.999996,0.,0.,0.,0.,0.,0.,0.,0.,0.,0.,0.,-0.358411,0.,-0.,1e-06,2294.176758,1556.170166,6e-06,14.950928,-53.906174,10.332084,-44.852783,107.812347,-20.664167,-0.144604,0.063637,0.047219,-0.503015,0.063637,0.047219,-0.358411,0.,0.,25,959,0,18,0,0,-2030,266,162,24219,283214,21918,18,-97,-354
69.734,03:57:14.734,43.564116388,1.481263335,0.,-0.,-0.,-0.,1.,-0.,-0.,-0.,-0.,-8.,0.,0.,0.,-8.,0.,0.,39.999996,0.,0.,0.,0.,0.,0.,0.,0.,0.,0.,0.,-0.358411,0.,-0.,0.000123,2670.870605,1476.701904,0.000141,17.120485,-58.06744,16.718367,-51.361458,116.13488,-33.436733,-0.161759,0.06071,0.043639,-0.520169,0.06071,0.043639,-0.358411,0.,0.,26,978,0,18,0,0,-2093,259,192,7902,403465,22364,18,-84,-353
69.984,03:57:14.984,43.564116072,1.481263287,0.,-0.,-0.,-0.,1.,-0.,-0.,-0.,-0.,-8.,0.,0.,0.,-8.,0.,0.,39.999996,0.,0.,0.,0.,0.,0.,0.,0.,0.,0.,0.,-0.358411,0.,-0.,7e-05,2377.422119,1579.056641,3e-05,15.458946,-55.392067,11.177109,-46.376839,110.784134,-22.354218,-0.172065,0.057283,0.036565,-0.530475,0.057283,0.036565,-0.358411,0.,0.,26,995,0,18,0,0,-2153,246,168,17738,314691,6561,18,-93,-354
70.234,03:57:15.234,43.564116318,1.481263287,0.,-0.,-0.,-0.,1.,-0.,-0.,-0.,-0.,-8.,0.,0.,0.,-8.,0.,0.,39.999996,0.,0.,0.,0.,0.,0.,0.,0.,0.,0.,0.,-0.358411,0.,-0.,5.5e-05,2439.174316,1633.315063,6.6e-05,17.280001,-57.016247,11.282022,-53.518372,114.032494,-22.564045,-0.178931,0.055785,0.031153,-0.537342,0.055785,0.031153,-0.358411,0.,0.,26,1008,0,18,0,0,-2183,229,135,15127,375833,-4010,18,-86,-354
70.484,03:57:15.484,43.564116037,1.481263287,0.,-0.,-0.,-0.,1.,-0.,-0.,-0.,-0.,-8.,0.,0.,0.,-8.,0.,0.,39.999996,0.,0.,0.,0.,0.,0.,0.,0.,0.,0.,0.,-0.358411,0.,-0.,0.,2503.196045,1657.705444,0.,17.280001,-58.254059,11.836865,-53.302879,116.508118,-23.673731,-0.185518,0.053868,0.022414,-0.543929,0.053868,0.022414,-0.358411,0.,0.,26,1025,0,18,0,0,-2211,224,119,8015,283620,-8720,18,-94,-354
70.734,03:57:15.734,43.564116177,1.481263238,0.,-0.,-0.,-0.,1.,-0.,-0.,-0.,-0.,-8.,0.,0.,0.,-8.,0.,0.,39.999996,0.,0.,0.,0.,0.,0.,0.,0.,0.,0.,0.,-0.358411,0.,-0.,0.000118,2542.749512,1660.457275,0.000135,17.001757,-58.846329,12.352089,-51.005268,117.692657,-24.704178,-0.190119,0.051823,0.018611,-0.548529,0.051823,0.018611,-0.358411,0.,0.,27,1048,0,18,0,0,-2235,217,85,11288,325345,-18011,18,-90,-355
70.984,03:57:15.984,43.564116459,1.481263190,0.,-0.,-0.,-0.,1.,-0.,-0.,-0.,-0.,-8.,0.,0.,0.,-8.,0.,0.,39.999996,0.,0.,0.,0.,0.,0.,0.,0.,0.,0.,0.,-0.358411,0.,-0.,2.6e-05,2612.338135,1656.65271,0.,15.910328,-59.767338,13.3796,-47.730984,119.534676,-26.759199,-0.193019,0.048219,0.012022,-0.55143,0.048219,0.012022,-0.358411,0.,0.,27,1065,0,19,0,0,-2246,210,64,28825,397978,-26922,19,-82,-356
71.234,03:57:16.234,43.564116107,1.481263190,0.,-0.,-0.,-0.,1.,-0.,-0.,-0.,-0.,-8.,0.,0.,0.,-8.,0.,0.,39.999996,0.,0.,0.,0.,0.,0.,0.,0.,0.,0.,0.,-0.358411,0.,-0.,0.000124,2617.586914,1715.192261,0.,17.280001,-60.660412,12.633527,-53.771564,121.320824,-25.267054,-0.197863,0.046835,0.007005,-0.556274,0.046835,0.007005,-0.358411,0.,0.,27,1074,0,18,0,0,-2270,193,38,16532,288974,-27608,18,-92,-356
71.484,03:57:16.484,43.564116388,1.481263142,0.,-0.,-0.,-0.,1.,-0.,-0.,-0.,-0.,-8.,0.,0.,0.,-8.,0.,0.,39.999996,0.,0.,0.,0.,0.,0.,0.,0.,0.,0.,0.,-0.358411,0.,-0.,0.,2732.633789,1705.031982,0.000143,15.8733,-62.128838,14.386422,-47.6199,124.257675,-28.772844,-0.198093,0.046895,0.001293,-0.556503,0.046895,0.001293,-0.358411,0.,0.,27,1090,0,19,0,0,-2277,187,16,30034,361115,-39503,19,-84,-357
71.734,03:57:16.734,43.564116037,1.481263190,0.,-0.,-0.,-0.,1.,-0.,-0.,-0.,-0.,-8.,0.,0.,0.,-8.,0.,0.,39.999996,0.,0.,0.,0.,0.,0.,0.,0.,0.,0.,0.,-0.358411,0.,-0.,7.4e-05,2709.859131,1753.443359,0.,17.280001,-62.487782,13.389822,-53.625061,124.975563,-26.779644,-0.200868,0.042451,0.000678,-0.559278,0.042451,0.000678,-0.358411,0.,0.,28,1105,0,18,0,0,-2285,182,0,18893,251797,-26831,18,-94,-356
71.984,03:57:16.984,43.564116213,1.481263142,0.,-0.,-0.,-0.,1.,-0.,-0.,-0.,-0.,-8.,0.,0.,0.,-8.,0.,0.,39.999996,0.,0.,0.,0.,0.,0.,0.,0.,0.,0.,0.,-0.358411,0.,-0.,9.6e-05,2775.759033,1736.771362,3.8e-05,17.280001,-63.176991,14.545829,-53.535244,126.353981,-29.091658,-0.204285,0.040388,-0.001806,-0.562695,0.040388,-0.001806,-0.358411,0.,0.,28,1108,0,19,0,0,-2298,162,10,28338,310027,-40312,19,-89,-357
72.234,03:57:17.234,43.564115967,1.481263190,0.,-0.,-0.,-0.,1.,-0.,-0.,-0.,-0.,-8.,0.,0.,0.,-8.,0.,0.,39.999996,0.,0.,0.,0.,0.,0.,0.,0.,0.,0.,0.,-0.358411,0.,-0.,2.8e-05,2770.731201,1758.570068,0.000103,17.280001,-63.411785,14.170264,-52.409836,126.82357,-28.340528,-0.203706,0.036827,-0.004406,-0.562117,0.036827,-0.004406,-0.358411,0.,0.,28,1127,0,18,0,0,-2301,160,-8,26442,234180,-30375,18,-96,-356
72.484,03:57:17.484,43.564116107,1.481263142,0.,-0.,-0.,-0.,1.,-0.,-0.,-0.,-0.,-8.,0.,0.,0.,-8.,0.,0.,39.999996,0.,0.,0.,0.,0.,0.,0.,0.,0.,0.,0.,-0.358411,0.,-0.,0.,2828.534424,1735.918701,0.,17.280001,-63.903927,15.296625,-53.552853,127.807854,-30.59325,-0.206979,0.033352,-0.004389,-0.565389,0.033352,-0.004389,-0.358411,0.,0.,28,1134,0,19,0,0,-2306,146,-14,21564,270431,-44292,19,-92,-357
72.734,03:57:17.734,43.564115931,1.481263142,0.,-0.,-0.,-0.,1.,-0.,-0.,-0.,-0.,-8.,0.,0.,0.,-8.,0.,0.,39.999996,0.,0.,0.,0.,0.,0.,0.,0.,0.,0.,0.,-0.358411,0.,-0.,0.,2864.300781,1770.942505,0.,16.918528,-64.894997,15.307003,-50.755585,129.789993,-30.614006,-0.206235,0.032656,-0.007628,-0.564646,0.032656,-0.007628,-0.358411,0.,0.,29,1141,0,18,0,0,-2313,134,-18,18502,207362,-34858,18,-97,-357
72.984,03:57:17.984,43.564116037,1.481263142,0.,-0.,-0.,-0.,1.,-0.,-0.,-0.,-0.,-8.,0.,0.,0.,-8.,0.,0.,39.999996,0.,0.,0.,0.,0.,0.,0.,0.,0.,0.,0.,-0.358411,-0.,0.,0.00014,2859.687256,1749.837646,0.,16.503563,-64.534943,15.537895,-49.510689,129.069885,-31.07579,-0.206438,0.029401,-0.006548,-0.564848,0.029401,-0.006548,-0.358411,0.,0.,29,1154,0,19,0,0,-2314,131,-31,18358,233462,-42098,19,-94,-357
73.234,03:57:18.234,43.564116213,1.481263045,0.,-0.,-0.,-0.,1.,-0.,-0.,-0.,-0.,-8.,0.,0.,0.,-8.,0.,0.,39.999996,0.,0.,0.,0.,0.,0.,0.,0.,0.,0.,0.,-0.358411,-0.,0.,8.1e-05,2897.935059,1747.256958,0.000135,16.381981,-65.034294,16.109488,-49.145943,130.068588,-32.218975,-0.205503,0.026374,-0.008309,-0.563913,0.026374,-0.008309,-0.358411,0.,0.,29,1155,0,19,0,0,-2314,115,-32,23478,285930,-57731,19,-89,-359
73.484,03:57:18.484,43.564115967,1.481263093,0.,-0.,-0.,-0.,1.,-0.,-0.,-0.,-0.,-8.,0.,0.,0.,-8.,0.,0.,39.999996,0.,0.,0.,0.,0.,0.,0.,0.,0.,0.,0.,-0.358411,-0.,0.,1.9e-05,2901.072754,1778.223633,5.1e-05,16.378984,-65.511749,15.719893,-49.136955,131.023499,-31.439785,-0.205102,0.02311,-0.00769,-0.563512,0.02311,-0.00769,-0.358411,0.,0.,29,1149,0,19,0,0,-2309,91,-30,17057,214699,-44346,19,-96,-358
73.734,03:57:18.734,43.564116177,1.481263045,0.,-0.,-0.,-0.,1.,-0.,-0.,-0.,-0.,-8.,0.,0.,0.,-8.,0.,0.,39.999996,0.,0.,0.,0.,0.,0.,0.,0.,0.,0.,0.,-0.358411,-0.,0.,4.3e-05,2898.208008,1759.988525,0.000119,16.361233,-65.216354,15.935077,-49.083698,130.432709,-31.870153,-0.203994,0.017589,-0.008732,-0.562405,0.017589,-0.008732,-0.358411,0.,0.,30,1160,0,19,0,0,-2310,88,-34,22549,264519,-57223,19,-90,-359
73.984,03:57:18.984,43.564115931,1.481263093,0.,-0.,-0.,-0.,1.,-0.,-0.,-0.,-0.,-8.,0.,0.,0.,-8.,0.,0.,39.999996,0.,0.,0.,0.,0.,0.,0.,0.,0.,0.,0.,-0.358411,-0.,0.,0.000109,2930.683105,1792.252319,2.1e-05,16.530741,-66.122726,15.938033,-49.59222,132.245453,-31.876066,-0.20605,0.016167,-0.00212,-0.564461,0.016167,-0.00212,-0.358411,0.,0.,30,1158,0,18,0,0,-2303,70,-46,11617,189032,-50032,18,-97,-358
74.234,03:57:19.234,43.564116107,1.481263045,0.,-0.,-0.,-0.,1.,-0.,-0.,-0.,-0.,-8.,0.,0.,0.,-8.,0.,0.,39.999996,0.,0.,0.,0.,0.,0.,0.,0.,0.,0.,0.,-0.358411,-0.,0.,1e-05,2650.683594,1980.839966,0.00015,16.94413,-64.842926,9.377808,-50.83239,129.685852,-18.755615,-0.202752,0.01399,-0.005732,-0.561163,0.01399,-0.005732,-0.358411,0.,0.,30,1169,0,19,0,0,-2306,71,-27,19478,245127,-56051,19,-92,-359
74.484,03:57:19.484,43.564115896,1.481263093,0.,-0.,-0.,-0.,1.,-0.,-0.,-0.,-0.,-8.,0.,0.,0.,-8.,0.,0.,39.999996,0.,0.,0.,0.,0.,0.,0.,0.,0.,0.,0.,-0.358411,-0.,0.,0.,2870.282227,1772.631226,0.,16.709402,-65.002396,15.367115,-50.128204,130.004791,-30.73423,-0.203236,0.013567,-0.003078,-0.561647,0.013567,-0.003078,-0.358411,0.,0.,30,1167,0,18,0,0,-2303,60,-12,16224,179439,-41483,18,-98,-358
74.734,03:57:19.734,43.564116037,1.481263045,0.,-0.,-0.,-0.,1.,-0.,-0.,-0.,-0.,-8.,0.,0.,0.,-8.,0.,0.,39.999996,0.,0.,0.,0.,0.,0.,0.,0.,0.,0.,0.,-0.358411,-0.,0.,0.000106,2879.997314,1777.80188,0.,16.571743,-65.2108,15.430746,-49.715229,130.4216,-30.861492,-0.202119,0.011686,-0.003818,-0.56053,0.011686,-0.003818,-0.358411,0.,0.,31,1159,0,19,0,0,-2300,46,-13,21873,220028,-53397,19,-94,-359
74.984,03:57:19.984,43.564115861,1.481263093,0.,-0.,-0.,-0.,1.,-0.,-0.,-0.,-0.,-8.,0.,0.,0.,-8.,0.,0.,39.999996,0.,0.,0.,0.,0.,0.,0.,0.,0.,0.,0.,-0.358411,-0.,0.,0.,2908.100586,1789.820801,0.,16.302753,-65.772514,15.655909,-48.90826,131.545029,-31.311817,-0.201217,0.008623,-0.001509,-0.559628,0.008623,-0.001509,-0.358411,0.,0.,31,1164,0,18,0,0,-2298,41,-2,12005,168376,-38436,18,-99,-358
75.234,03:57:20.234,43.564115967,1.481263045,0.,-0.,-0.,-0.,1.,-0.,-0.,-0.,-0.,-8.,0.,0.,0.,-8.,0.,0.,39.999996,0.,0.,0.,0.,0.,0.,0.,0.,0.,0.,0.,-0.358411,-0.,0.,0.000117,2909.220215,1788.713379,0.,16.457645,-65.772697,15.6871,-49.372936,131.545395,-31.374201,-0.200855,0.007683,-0.001578,-0.559265,0.007683,-0.001578,-0.358411,0.,0.,31,1165,0,19,0,0,-2294,35,-5,15272,202318,-50067,19,-96,-359
75.484,03:57:20.484,43.564116072,1.481262997,0.,-0.,-0.,-0.,1.,-0.,-0.,-0.,-0.,-8.,0.,0.,0.,-8.,0.,0.,39.999996,0.,0.,0.,0.,0.,0.,0.,0.,0.,0.,0.,-0.358411,-0.,0.,0.,2900.300781,1796.960449,0.,16.29859,-65.76329,15.446753,-48.895771,131.526581,-30.893505,-0.200816,0.007522,-0.000283,-0.559227,0.007522,-0.000283,-0.358411,0.,0.,31,1167,0,19,0,0,-2291,31,-9,18100,231145,-60507,19,-93,-360
75.734,03:57:20.734,43.564115931,1.481263093,0.,-0.,-0.,-0.,1.,-0.,-0.,-0.,-0.,-8.,0.,0.,0.,-8.,0.,0.,39.999996,0.,0.,0.,0.,0.,0.,0.,0.,0.,0.,0.,-0.358411,-0.,0.,0.,2884.867188,1755.597778,5e-05,16.804943,-64.968124,15.809759,-50.414829,129.936249,-31.619518,-0.199541,0.003733,-0.001203,-0.557952,0.003733,-0.001203,-0.358411,0.,0.,32,1165,0,18,0,0,-2290,26,-1,13131,187303,-44567,18,-97,-358
75.984,03:57:20.984,43.564116072,1.481262997,0.,-0.,-0.,-0.,1.,-0.,-0.,-0.,-0.,-8.,0.,0.,0.,-8.,0.,0.,39.999996,0.,0.,0.,0.,0.,0.,0.,0.,0.,0.,0.,-0.358411,-0.,0.,0.,2855.105469,1782.823486,0.000125,17.280001,-64.932617,15.011949,-52.926228,129.865234,-30.023897,-0.198863,0.001211,-0.000682,-0.557274,0.001211,-0.000682,-0.358411,0.,0.,32,1160,0,19,0,0,-2283,14,-5,19494,227978,-63208,19,-93,-360
76.234,03:57:21.234,43.564115896,1.481263045,0.,-0.,-0.,-0.,1.,-0.,-0.,-0.,-0.,-8.,0.,0.,0.,-8.,0.,0.,39.999996,0.,0.,0.,0.,0.,0.,0.,0.,0.,0.,0.,-0.358411,-0.,0.,0.,2874.128418,1746.759766,0.,17.280001,-64.694038,15.783163,-54.006706,129.388077,-31.566326,-0.198463,0.001505,-0.001644,-0.556874,0.001505,-0.001644,-0.358411,0.,0.,32,1155,0,18,0,0,-2280,3,-3,18424,178184,-48733,18,-98,-359
76.484,03:57:21.484,43.564116037,1.481262997,0.,-0.,-0.,-0.,1.,-0.,-0.,-0.,-0.,-8.,0.,0.,0.,-8.,0.,0.,39.999996,0.,0.,0.,0.,0.,0.,0.,0.,0.,0.,0.,-0.358411,-0.,0.,0.,2639.755127,1931.988403,7e-05,17.280001,-64.005981,9.908732,-54.154442,128.011963,-19.817465,-0.198709,0.000722,0.001578,-0.557119,0.000722,0.001578,-0.358411,0.,0.,32,1153,0,19,0,0,-2278,0,-4,27688,217924,-60483,19,-94,-360
76.734,03:57:21.734,43.564115861,1.481263093,0.,-0.,-0.,-0.,1.,-0.,-0.,-0.,-0.,-8.,0.,0.,0.,-8.,0.,0.,39.999996,0.,0.,0.,0.,0.,0.,0.,0.,0.,0.,0.,-0.358411,-0.,0.,0.,2870.63623,1808.596436,0.,17.280001,-65.510872,14.86856,-53.450855,131.021744,-29.73712,-0.197878,0.000888,0.000533,-0.556289,0.000888,0.000533,-0.358411,0.,0.,33,1155,0,18,0,0,-2280,1,7,19589,167926,-41770,18,-99,-358
76.984,03:57:21.984,43.564116002,1.481263045,0.,-0.,-0.,-0.,1.,-0.,-0.,-0.,-0.,-8.,0.,0.,0.,-8.,0.,0.,39.999996,0.,0.,0.,0.,0.,0.,0.,0.,0.,0.,0.,-0.358411,-0.,0.,0.,2806.44043,1780.086548,7.1e-05,17.280001,-64.212975,14.368956,-53.990326,128.425949,-28.737911,-0.198033,0.000143,0.000769,-0.556443,0.000143,0.000769,-0.358411,0.,0.,33,1163,0,19,0,0,-2278,9,0,26330,202682,-53681,19,-95,-359
77.234,03:57:22.234,43.564115826,1.481263093,0.,-0.,-0.,-0.,1.,-0.,-0.,-0.,-0.,-8.,0.,0.,0.,-8.,0.,0.,39.999996,0.,0.,0.,0.,0.,0.,0.,0.,0.,0.,0.,-0.358411,-0.,0.,1.5e-05,2867.515625,1816.658081,0.000152,17.280001,-65.580063,14.712016,-53.317348,131.160126,-29.424032,-0.197445,0.000311,0.000271,-0.555856,0.000311,0.000271,-0.358411,0.,0.,33,1156,0,19,0,0,-2279,0,9,21828,154978,-37380,18,-100,-358
77.484,03:57:22.484,43.564115931,1.481263045,0.,-0.,-0.,-0.,1.,-0.,-0.,-0.,-0.,-8.,0.,0.,0.,-8.,0.,0.,39.999996,0.,0.,0.,0.,0.,0.,0.,0.,0.,0.,0.,-0.358411,-0.,0.,0.00014,2838.460693,1756.79834,4.5e-05,17.209028,-64.335205,15.14327,-51.627083,128.67041,-30.286541,-0.197957,-0.000996,0.00172,-0.556368,-0.000996,0.00172,-0.358411,0.,0.,33,1154,0,19,0,0,-2278,0,7,24796,186760,-49769,19,-97,-359
77.734,03:57:22.734,43.564116107,1.481262997,0.,-0.,-0.,-0.,1.,-0.,-0.,-0.,-0.,-8.,0.,0.,0.,-8.,0.,0.,39.999996,0.,0.,0.,0.,0.,0.,0.,0.,0.,0.,0.,-0.358411,-0.,0.,9.5e-05,2830.732666,1786.196533,5.2e-05,16.391054,-64.638603,14.623508,-49.173164,129.277206,-29.247017,-0.197122,-0.002295,0.002297,-0.555532,-0.002295,0.002297,-0.358411,0.,0.,34,1155,0,19,0,0,-2277,-1,5,23089,226280,-62800,19,-92,-360
77.984,03:57:22.984,43.564116318,1.481262900,0.,-0.,-0.,-0.,1.,-0.,-0.,-0.,-0.,-8.,0.,0.,0.,-8.,0.,0.,39.999996,0.,0.,0.,0.,0.,0.,0.,0.,0.,0.,0.,-0.358411,-0.,0.,0.,2707.676514,1849.993774,0.,16.374359,-63.808941,12.007559,-49.123077,127.617882,-24.015118,-0.196813,-0.001174,0.001834,-0.555224,-0.001174,0.001834,-0.358411,0.,0.,34,1162,0,20,0,0,-2277,3,4,23802,271013,-78531,20,-86,-362
78.234,03:57:23.234,43.564116037,1.481262997,0.,-0.,-0.,-0.,1.,-0.,-0.,-0.,-0.,-8.,0.,0.,0.,-8.,0.,0.,39.999996,0.,0.,0.,0.,0.,0.,0.,0.,0.,0.,0.,-0.358411,-0.,0.,3.5e-05,2787.908447,1775.078979,0.,16.490866,-63.883389,14.179607,-49.472599,127.766777,-28.359215,-0.196589,-0.001374,0.001501,-0.555,-0.001374,0.001501,-0.358411,0.,0.,34,1160,0,19,0,0,-2279,3,9,17396,218473,-62032,19,-94,-360
78.484,03:57:23.484,43.564115791,1.481263093,0.,-0.,-0.,-0.,1.,-0.,-0.,-0.,-0.,-8.,0.,0.,0.,-8.,0.,0.,39.999996,0.,0.,0.,0.,0.,0.,0.,0.,0.,0.,0.,-0.358411,-0.,0.,0.000122,2840.06543,1741.394409,0.,16.677351,-64.142036,15.381407,-50.032051,128.284073,-30.762814,-0.197106,-0.001108,0.002874,-0.555517,-0.001108,0.002874,-0.358411,0.,0.,34,1148,0,18,0,0,-2275,-8,8,8807,137907,-40128,18,-101,-358
78.734,03:57:23.734,43.564116002,1.481262997,0.,-0.,-0.,-0.,1.,-0.,-0.,-0.,-0.,-8.,0.,0.,0.,-8.,0.,0.,39.999996,0.,0.,0.,0.,0.,0.,0.,0.,0.,0.,0.,-0.358411,-0.,0.,3.8e-05,2726.142822,1832.516357,0.,17.280001,-63.822803,12.510773,-53.821037,127.645607,-25.021545,-0.196203,-0.002411,0.00259,-0.554613,-0.002411,0.00259,-0.358411,0.,0.,35,1147,0,19,0,0,-2269,-8,8,19612,203055,-56301,19,-95,-360
78.984,03:57:23.984,43.564115861,1.481263093,0.,-0.,-0.,-0.,1.,-0.,-0.,-0.,-0.,-8.,0.,0.,0.,-8.,0.,0.,39.999996,0.,0.,0.,0.,0.,0.,0.,0.,0.,0.,0.,-0.358411,-0.,0.,0.,2801.833496,1797.546875,3.6e-05,17.280001,-64.392906,14.060007,-53.502213,128.785812,-28.120014,-0.195907,-0.00242,0.002105,-0.554317,-0.00242,0.002105,-0.358411,0.,0.,35,1149,0,18,0,0,-2271,-8,11,20503,158162,-40564,18,-99,-358
79.234,03:57:24.234,43.564115967,1.481263045,0.,-0.,-0.,-0.,1.,-0.,-0.,-0.,-0.,-8.,0.,0.,0.,-8.,0.,0.,39.999996,0.,0.,0.,0.,0.,0.,0.,0.,0.,0.,0.,-0.358411,-0.,0.,7.2e-05,2826.224365,1774.151245,5.4e-05,16.941751,-64.406845,14.729023,-50.825253,128.81369,-29.458046,-0.195938,-0.000758,0.002488,-0.554349,-0.000758,0.002488,-0.358411,0.,0.,35,1148,0,19,0,0,-2274,-7,16,20893,190183,-52273,19,-96,-359
79.484,03:57:24.484,43.564115826,1.481263093,0.,-0.,-0.,-0.,1.,-0.,-0.,-0.,-0.,-8.,0.,0.,0.,-8.,0.,0.,39.999996,0.,0.,0.,0.,0.,0.,0.,0.,0.,0.,0.,-0.358411,-0.,0.,4.7e-05,2791.7229,1815.348145,5.1e-05,16.40938,-64.50058,13.669254,-49.228138,129.00116,-27.338509,-0.196113,-0.001408,0.003559,-0.554524,-0.001408,0.003559,-0.358411,0.,0.,35,1150,0,18,0,0,-2271,-5,9,14574,145538,-35817,18,-100,-358
79.734,03:57:24.734,43.564115931,1.481263045,0.,-0.,-0.,-0.,1.,-0.,-0.,-0.,-0.,-8.,0.,0.,0.,-8.,0.,0.,39.999996,0.,0.,0.,0.,0.,0.,0.,0.,0.,0.,0.,-0.358411,-0.,0.,0.,2853.443604,1768.727417,3.4e-05,16.560205,-64.710968,15.186022,-49.680618,129.421936,-30.372044,-0.195601,-0.000396,0.001867,-0.554012,-0.000396,0.001867,-0.358411,0.,0.,36,1141,0,18,0,0,-2271,-13,12,13919,174137,-48006,19,-97,-359
79.984,03:57:24.984,43.564116072,1.481262997,0.,-0.,-0.,-0.,1.,-0.,-0.,-0.,-0.,-8.,0.,0.,0.,-8.,0.,0.,39.999996,0.,0.,0.,0.,0.,0.,0.,0.,0.,0.,0.,-0.358411,-0.,0.,0.,2822.450195,1809.429199,3.060059,16.932261,-64.803467,14.139443,-50.79678,129.606934,-28.278887,-0.195544,-0.000226,0.002255,-0.553955,-0.000226,0.002255,-0.358411,0.,0.,36,1147,0,19,0,0,-2269,-4,10,19646,215924,-58576,19,-93,-360
80.234,03:57:25.234,43.564115896,1.481263045,0.,-0.,-0.,-0.,1.,-0.,-0.,-0.,-0.,-8.,0.,0.,0.,-8.,0.,0.,39.999996,0.,0.,0.,0.,0.,0.,0.,0.,0.,0.,0.,-0.358411,-0.,0.,0.,3478.981201,1679.880005,1355.092529,13.50266,-53.252758,6.216106,-40.50798,106.505516,-12.432213,-0.169051,-0.037025,0.030834,-0.527462,-0.037025,0.030834,-0.358411,0.,0.,36,1388,0,18,0,0,-2247,-18,27,16104,164442,-36038,18,-98,-359
80.484,03:57:25.484,43.564116142,1.481262948,0.,-0.,-0.,-0.,1.,-0.,-0.,-0.,-0.,-8.,0.,0.,0.,-8.,0.,0.,39.999996,0.,0.,0.,0.,0.,0.,0.,0.,0.,0.,0.,-0.358411,0.000533,6.6e-05,0.000134,3441.731445,1661.844971,1481.956787,11.313458,-50.702671,4.17101,-33.940376,101.252968,-8.360517,-0.109414,-0.076693,0.055334,-0.467825,-0.07616,0.0554,-0.358411,0.,0.,36,1625,0,19,0,0,-2056,-245,193,3800,265548,-92713,19,-91,-361
80.734,03:57:25.734,43.564115931,1.481263045,0.,-0.,-0.,-0.,1.,-0.,-0.,-0.,-0.,-8.,0.,0.,0.,-8.,0.,0.,39.999996,0.,0.,0.,0.,0.,0.,0.,0.,0.,0.,0.,-0.358398,0.012012,0.001123,0.,3646.383301,1280.433716,1658.10791,8.686078,-45.761936,9.909781,-26.065685,89.749474,-19.99177,-0.085275,-0.08442,0.04687,-0.443673,-0.072408,0.047994,-0.358373,0.029669,0.002563,37,1645,0,18,0,0,-1861,-314,246,-9580,262441,-99746,18,-97,-359
80.984,03:57:25.984,43.564116951,1.481262513,0.,-0.,-0.,-0.,1.,-0.,-0.,-0.,-0.,-8.,0.,0.,0.,-8.,0.,0.,39.999996,0.,0.,0.,0.,0.,0.,0.,0.,0.,0.,0.,-0.35826,0.031431,0.007386,0.000126,3451.259277,1744.697632,1409.515381,10.843101,-53.01017,4.158637,-32.551651,103.28598,-9.199701,-0.054846,-0.058912,0.037144,-0.413106,-0.027481,0.04453,-0.358411,0.,0.,37,1645,0,16,0,0,-1744,-182,153,-2065,448010,-168876,16,-68,-370
81.234,03:57:26.234,43.564116353,1.481262948,0.,-0.,-0.,-0.,1.,-0.,-0.,-0.,-0.,-8.,0.,0.,0.,-8.,0.,0.,39.999996,0.,0.,0.,0.,0.,0.,0.,0.,0.,0.,0.,-0.350027,0.008705,0.002293,0.,3544.29126,1550.29834,1511.602783,15.117301,-50.161812,6.753458,-44.845264,100.699646,-13.414018,-0.061464,-0.066786,0.021456,-0.411491,-0.058081,0.023749,-0.323744,0.,0.,37,1650,0,18,0,0,-1694,-167,177,9211,305073,-52942,18,-85,-361
81.484,03:57:26.484,43.564115896,1.481263045,0.,-0.,-0.,-0.,1.,-0.,-0.,-0.,-0.,-8.,0.,0.,0.,-8.,0.,0.,39.999996,0.,0.,0.,0.,0.,0.,0.,0.,0.,0.,0.,-0.302156,0.001242,0.000334,0.,3301.098877,1677.05896,1136.499512,16.973173,-53.783211,6.825542,-50.27132,107.649017,-13.629213,-0.098309,-0.047851,0.026641,-0.400465,-0.046608,0.026975,-0.236664,0.,0.,37,1649,0,18,0,0,-1651,-252,134,3860,200856,-69692,18,-98,-359
81.734,03:57:26.734,43.564115861,1.481263045,0.,-0.,-0.,-0.,1.,-0.,-0.,-0.,-0.,-8.,0.,0.,0.,-8.,0.,0.,39.999996,0.,0.,0.,0.,0.,0.,0.,0.,0.,0.,0.,-0.211254,0.000147,4e-05,0.000162,3459.423584,1597.416504,1409.788818,17.280001,-51.058723,6.331054,-56.869598,102.128685,-12.659084,-0.18725,-0.035661,0.024829,-0.398504,-0.035514,0.024869,-0.116049,0.,0.,38,1532,0,18,0,0,-1642,-148,110,8820,163290,-40499,18,-99,-359
81.984,03:57:26.984,43.564115931,1.481263045,0.,-0.,-0.,-0.,1.,-0.,-0.,-0.,-0.,-8.,0.,0.,0.,-8.,0.,0.,39.999996,0.,0.,0.,0.,0.,0.,0.,0.,0.,0.,0.,-0.085416,1.6e-05,4e-06,0.,3627.648438,1470.640991,1792.227783,17.280001,-46.284878,5.10691,-51.37888,92.57106,-10.213467,-0.29362,-0.056684,0.027208,-0.379036,-0.056668,0.027213,0.032495,-0.,0.,38,1674,0,18,0,0,-1610,-168,102,8281,184647,-36143,18,-97,-359
82.234,03:57:27.234,43.564116670,1.481262755,0.,-0.,-0.,-0.,1.,-0.,-0.,-0.,-0.,-8.,0.,0.,0.,-8.,0.,0.,39.999996,0.,0.,0.,0.,0.,0.,0.,0.,0.,0.,0.,0.064705,2e-06,0.,0.000253,3559.66748,1528.937012,1825.926758,17.280001,-45.677483,2.867259,-55.860001,91.355103,-5.734479,-0.419478,-0.051261,0.024474,-0.354773,-0.051259,0.024474,0.19243,-0.,0.,38,1725,0,19,0,0,-1503,-224,93,1455,357605,-112398,19,-76,-365
82.484,03:57:27.484,43.564115967,1.481262997,0.,-0.,-0.,-0.,1.,-0.,-0.,-0.,-0.,-8.,0.,0.,0.,-8.,0.,0.,39.999996,0.,0.,0.,0.,0.,0.,0.,0.,0.,0.,0.,0.236309,0.,0.,0.000204,3624.467285,1485.534424,1828.510986,17.280001,-45.940868,4.345915,-60.113564,91.881752,-8.691826,-0.575972,-0.049008,0.023332,-0.339663,-0.049008,0.023332,0.389269,-0.,0.,38,1732,0,18,0,0,-1421,-202,110,7397,218176,-58967,18,-96,-360
82.734,03:57:27.734,43.564116002,1.481262997,0.,-0.,-0.,-0.,1.,-0.,-0.,-0.,-0.,-8.,0.,0.,0.,-8.,0.,0.,39.999996,0.,0.,0.,0.,0.,0.,0.,0.,0.,0.,0.,0.44028,0.,0.,0.,3624.639648,1499.214844,1838.659668,17.280001,-45.992725,4.014709,-60.459846,91.985451,-8.029419,-0.768465,-0.044898,0.023683,-0.328185,-0.044898,0.023683,0.619266,-0.,0.,39,1738,0,18,0,0,-1376,-195,102,8386,217276,-52443,18,-95,-360
82.984,03:57:27.984,43.564115931,1.481263045,0.,-0.,-0.,-0.,1.,-0.,-0.,-0.,-0.,-8.,0.,0.,0.,-8.,0.,0.,39.999996,0.,0.,0.,0.,0.,0.,0.,0.,0.,0.,0.,0.645317,0.,0.,0.,4605.001953,1082.859619,4517.113281,12.590647,-16.390478,-13.929602,-38.591503,32.780956,27.859203,-0.865583,-0.117271,0.071644,-0.220266,-0.117271,0.071644,0.780278,-0.,0.,39,2057,0,18,0,0,-1283,-198,102,10445,176866,-29139,18,-97,-359
83.234,03:57:28.234,43.564115931,1.481263045,0.,-0.,-0.,-0.,1.,-0.,-0.,-0.,-0.,-8.,0.,0.,0.,-8.,0.,0.,39.999996,0.,0.,0.,0.,0.,0.,0.,0.,0.,0.,0.,0.793881,0.,0.,0.,1987.088867,2520.620117,2971.057373,17.280001,-21.513124,-49.064259,-160.149246,43.026249,98.128517,-0.811345,-0.115586,0.050452,-0.017464,-0.115586,0.050452,0.878769,-0.,0.,39,2463,0,18,0,0,-508,-635,395,-20417,273240,-66778,18,-97,-359
83.484,03:57:28.484,43.564116037,1.481262948,0.,-0.,-0.,-0.,1.,-0.,-0.,-0.,-0.,-8.,0.,0.,0.,-8.,0.,0.,39.999996,0.,0.,0.,0.,0.,0.,0.,0.,0.,0.,0.,0.887891,0.,0.,502.029297,3446.679199,2146.97168,2460.315186,2.94118,-36.83828,-9.220089,-9.225872,73.676559,18.440178,-0.741694,-0.032894,0.026316,0.146197,-0.032894,0.026316,0.946677,-0.,0.,39,1968,0,17,0,0,242,-190,-1,-7765,200537,-39868,17,-94,-361
83.734,03:57:28.734,43.564115826,1.481262997,0.,-0.,-0.,-0.,1.,-0.,-0.,-0.,-0.,-8.,0.,0.,0.,-8.,0.,0.,39.999996,0.,0.,0.,0.,0.,0.,0.,0.,0.,0.,0.,0.956528,0.001098,0.000941,1956.371826,3335.125977,2282.818848,2533.678223,1.471187,-15.790522,6.650001,-5.02451,32.9734,-12.15951,-0.651079,-0.116118,0.003459,0.305449,-0.115021,0.0044,0.995623,0.025112,0.020858,40,2284,0,19,0,0,879,-246,135,22852,85289,52990,19,-100,-360
83.984,03:57:28.984,43.564115826,1.481262948,0.,-0.,-0.,-0.,1.,-0.,-0.,-0.,-0.,-8.,0.,0.,0.,-8.,0.,0.,39.999996,0.,0.,0.,0.,0.,0.,0.,0.,0.,0.,0.,0.988952,0.012766,0.010117,1400.928223,3715.502197,2681.964844,2309.598145,1.753347,-37.617168,1.748147,-5.662374,75.15564,-3.566143,-0.550256,-0.100768,0.010258,0.438696,-0.088002,0.020374,0.99553,0.003263,0.002034,40,2521,0,18,0,0,1533,-542,-16,-9505,156738,-30676,18,-100,-361
84.234,03:57:29.234,43.564115967,1.481262948,0.,-0.,-0.,-0.,1.,-0.,-0.,-0.,-0.,-8.,0.,0.,0.,-8.,0.,0.,39.999996,0.,0.,0.,0.,0.,0.,0.,0.,0.,0.,0.,0.996257,0.059536,0.033979,2116.710205,3208.438965,2472.359619,2310.484619,0.839438,-17.550451,7.592264,-2.577919,35.384026,-15.347508,-0.472501,-0.102098,-0.004299,0.523756,-0.042563,0.02968,1.000975,0.145398,0.074778,40,2526,0,18,0,0,1952,-289,37,1976,183498,40667,18,-96,-361
84.484,03:57:29.484,43.564115967,1.481263093,0.,-0.,-0.,-0.,1.,-0.,-0.,-0.,-0.,-8.,0.,0.,0.,-8.,0.,0.,39.999996,0.,0.,0.,0.,0.,0.,0.,0.,0.,0.,0.,0.999508,0.119945,0.06312,1373.546387,3630.817139,2082.123535,2997.507568,2.864156,-18.786415,-1.053749,-8.607369,36.57259,1.632524,-0.406922,-0.093549,0.034667,0.592587,0.026396,0.097787,0.999121,0.110176,0.065153,40,2526,0,19,0,0,2298,145,263,24219,124628,101563,19,-96,-358
84.734,03:57:29.734,43.564115580,1.481263093,0.,-0.,-0.,-0.,1.,-0.,-0.,-0.,-0.,-8.,0.,0.,0.,-8.,0.,0.,39.999996,0.,0.,0.,0.,0.,0.,0.,0.,0.,0.,0.,0.998647,0.112825,0.054307,1708.981445,3999.691406,2479.667725,3379.653076,2.880461,-19.470137,-2.109071,-8.611579,38.785675,4.130597,-0.347082,-0.104913,-0.010975,0.651565,0.007912,0.043332,0.997624,0.106359,0.039397,41,2526,0,19,0,0,2532,97,211,17370,-5344,152907,19,-107,-358
84.984,03:57:29.984,43.564115650,1.481263335,0.,-0.,-0.,-0.,1.,-0.,-0.,-0.,-0.,-8.,0.,0.,0.,-8.,0.,0.,39.999996,0.,0.,0.,0.,0.,0.,0.,0.,0.,0.,0.,0.997358,0.097482,0.036246,1820.059082,4145.686523,2647.923096,3754.323242,3.09833,-17.069183,-6.110994,-9.324792,33.866421,12.226645,-0.286231,-0.113801,0.014178,0.711127,-0.016319,0.050424,0.996387,0.07655,0.022448,41,2878,0,20,0,0,2777,-29,176,34450,45658,158737,20,-105,-353
85.234,03:57:30.234,43.564115685,1.481263190,0.,-0.,-0.,-0.,1.,-0.,-0.,-0.,-0.,-8.,0.,0.,0.,-8.,0.,0.,39.999996,0.,0.,0.,0.,0.,0.,0.,0.,0.,0.,0.,0.995684,0.080712,0.0027,2058.97998,3650.661621,3159.992188,3802.358154,2.016828,-13.29041,-17.537918,-6.169693,26.789436,32.348167,-0.237728,-0.126814,0.05075,0.757956,-0.046103,0.05345,0.99233,0.076453,-0.083546,41,3119,0,19,0,0,3002,-140,235,1766,98625,135907,19,-104,-356
85.484,03:57:30.484,43.564115861,1.481263383,0.,-0.,-0.,-0.,1.,-0.,-0.,-0.,-0.,-8.,0.,0.,0.,-8.,0.,0.,39.999996,0.,0.,0.,0.,0.,0.,0.,0.,0.,0.,0.,0.992653,0.078568,-0.072945,3364.100098,3547.061523,3558.85498,2509.975342,-0.781743,-17.245773,11.792647,2.404835,34.282932,-22.337322,-0.190908,-0.096263,-0.027213,0.801746,-0.017695,-0.100157,0.99218,0.071956,-0.092903,41,3166,0,18,0,0,3170,-140,30,-17018,177581,178752,18,-99,-352
85.734,03:57:30.734,43.564115826,1.481262900,0.,-0.,-0.,-0.,1.,-0.,-0.,-0.,-0.,-8.,0.,0.,0.,-8.,0.,0.,39.999996,0.,0.,0.,0.,0.,0.,0.,0.,0.,0.,0.,0.99325,0.081809,-0.058787,4188.220703,3133.038086,3768.940918,2217.791748,-2.352954,-6.943523,18.683365,7.14827,13.993217,-35.902691,-0.127005,-0.099624,-0.026861,0.866245,-0.017814,-0.085648,0.9962,0.100986,0.013312,42,3253,0,19,0,0,3399,-41,-561,7593,82915,-56960,19,-100,-362
85.984,03:57:30.984,43.564115826,1.481262755,0.,-0.,-0.,-0.,1.,-0.,-0.,-0.,-0.,-8.,0.,0.,0.,-8.,0.,0.,39.999996,0.,0.,0.,0.,0.,0.,0.,0.,0.,0.,0.,0.995244,0.080474,-0.006752,2847.366699,3681.963379,4177.541504,3281.119629,-0.055833,-24.234257,-13.010639,0.137698,48.671543,25.489609,-0.094649,-0.065679,0.032729,0.900595,0.014795,0.025977,0.995753,0.079587,0.005687,42,3331,0,20,0,0,3636,18,-178,24930,70188,-38446,20,-100,-365
86.234,03:57:31.234,43.564115685,1.481263093,0.,-0.,-0.,-0.,1.,-0.,-0.,-0.,-0.,-8.,0.,0.,0.,-8.,0.,0.,39.999996,0.,0.,0.,0.,0.,0.,0.,0.,0.,0.,0.,0.995647,0.067892,0.003883,2617.04834,4155.142578,3333.004395,3954.798096,1.949891,-12.828203,-7.218555,-5.879474,25.68062,14.307191,-0.09917,-0.054202,0.077178,0.896478,0.013691,0.081061,0.995632,0.045915,0.00457,42,3496,0,20,0,0,3695,52,261,5608,11536,132456,20,-104,-358
86.484,03:57:31.484,43.564115580,1.481263238,0.,-0.,-0.,-0.,1.,-0.,-0.,-0.,-0.,-8.,0.,0.,0.,-8.,0.,0.,39.999996,0.,0.,0.,0.,0.,0.,0.,0.,0.,0.,0.,0.995107,0.046242,-0.022287,2248.651123,4288.349609,3162.321533,4384.670898,2.944919,-11.442885,-14.139876,-8.864558,23.527452,27.883009,-0.103995,-0.084313,0.082405,0.891112,-0.038071,0.060118,0.994155,0.044153,-0.062123,42,3513,0,20,0,0,3653,-17,326,3347,-5434,195858,20,-107,-355
86.734,03:57:31.734,43.564115720,1.481263674,0.,-0.,-0.,-0.,1.,-0.,-0.,-0.,-0.,-8.,0.,0.,0.,-8.,0.,0.,39.999996,0.,0.,0.,0.,0.,0.,0.,0.,0.,0.,0.,0.99415,0.046791,-0.058353,2752.863525,4290.969727,3271.618164,3816.541504,1.880501,-13.904555,-0.620562,-5.626602,27.698284,1.629485,-0.088775,-0.07757,0.038593,0.905375,-0.03078,-0.019761,0.993831,0.047032,-0.072078,43,3520,0,21,0,0,3660,-176,91,30397,119834,248496,21,-103,-346
86.984,03:57:31.984,43.564115826,1.481263190,0.,-0.,-0.,-0.,1.,-0.,-0.,-0.,-0.,-8.,0.,0.,0.,-8.,0.,0.,39.999996,0.,0.,0.,0.,0.,0.,0.,0.,0.,0.,0.,0.993874,0.046443,-0.070458,4474.350586,2954.927246,4301.95752,2844.755859,-2.68721,0.871104,3.955894,8.091432,-1.894014,-7.598864,-0.051207,-0.060563,-0.00697,0.942667,-0.01412,-0.077429,0.994102,0.041219,-0.069093,43,3562,0,20,0,0,3766,-76,-180,-3790,124123,73924,20,-100,-356
87.234,03:57:32.234,43.564115896,1.481262997,0.,-0.,-0.,-0.,1.,-0.,-0.,-0.,-0.,-8.,0.,0.,0.,-8.,0.,0.,39.999996,0.,0.,0.,0.,0.,0.,0.,0.,0.,0.,0.,0.994061,0.041836,-0.068803,3749.902832,3783.314941,4132.875488,3217.897461,-0.795872,-13.277463,2.55423,2.387616,26.72629,-5.10101,-0.021231,-0.04669,-0.013603,0.97283,-0.004854,-0.082406,0.994105,0.042771,-0.066437,43,3640,0,21,0,0,3929,-61,-334,47245,112826,16964,21,-98,-360
87.484,03:57:32.484,43.564115896,1.481262900,0.,-0.,-0.,-0.,1.,-0.,-0.,-0.,-0.,-8.,0.,0.,0.,-8.,0.,0.,39.999996,0.,0.,0.,0.,0.,0.,0.,0.,0.,0.,0.,0.994352,0.044602,-0.054129,3748.999023,3662.640137,4178.290527,3482.062988,-0.706505,-8.538164,-3.481995,2.134416,17.109856,6.982615,-0.012049,-0.04813,0.001065,0.982302,-0.003527,-0.053064,0.994854,0.051237,-0.026255,43,3724,0,20,0,0,4015,-44,-295,68215,89331,-3942,20,-98,-362
87.734,03:57:32.734,43.564116107,1.481262900,0.,-0.,-0.,-0.,1.,-0.,-0.,-0.,-0.,-8.,0.,0.,0.,-8.,0.,0.,39.999996,0.,0.,0.,0.,0.,0.,0.,0.,0.,0.,0.,0.995123,0.044579,-0.018753,4583.518066,2791.522461,5069.472656,2979.478516,-3.504567,-4.171983,-9.434746,10.498799,8.046874,18.341898,-0.00839,-0.034019,0.007241,0.986733,0.010561,-0.011512,0.995445,0.029829,-0.005466,44,3773,0,20,0,0,4035,62,-111,32605,111164,17996,20,-92,-362
87.984,03:57:32.984,43.564116177,1.481262948,0.,-0.,-0.,-0.,1.,-0.,-0.,-0.,-0.,-8.,0.,0.,0.,-8.,0.,0.,39.999996,0.,0.,0.,0.,0.,0.,0.,0.,0.,0.,0.,0.995405,0.028736,-0.007587,4327.709473,3578.327881,4096.516113,3705.437988,-1.02959,5.016247,1.457162,3.088768,-9.971026,-3.043778,-0.016879,-0.061266,0.038645,0.978526,-0.03253,0.031058,0.995465,0.019339,-0.006375,44,3875,0,21,0,0,4033,-66,36,36464,42711,63076,21,-90,-361
88.234,03:57:33.234,43.564116318,1.481263335,0.,-0.,-0.,-0.,1.,-0.,-0.,-0.,-0.,-8.,0.,0.,0.,-8.,0.,0.,39.999996,0.,0.,0.,0.,0.,0.,0.,0.,0.,0.,0.,0.995469,0.015478,-0.008105,3279.389648,4452.679688,3775.981201,4527.941895,1.738076,-5.898612,-8.005952,-5.22913,11.862417,15.940192,-0.026255,-0.046765,0.04268,0.969215,-0.031287,0.034575,0.995484,0.007021,-0.012262,44,3956,0,22,0,0,3990,-83,209,32443,49396,165604,22,-86,-353
88.484,03:57:33.484,43.564116388,1.481263964,0.,-0.,-0.,-0.,1.,-0.,-0.,-0.,-0.,-8.,0.,0.,0.,-8.,0.,0.,39.999996,0.,0.,0.,0.,0.,0.,0.,0.,0.,0.,0.,0.99527,0.012277,-0.040279,4127.412109,4286.316895,4159.852051,3978.410889,-0.020342,-4.76484,3.856525,0.075928,9.161808,-6.177299,-0.025601,-0.036909,0.018389,0.969669,-0.024633,-0.021889,0.995347,0.008756,-0.041103,44,4006,0,22,0,0,3968,-128,94,-6914,34558,216383,22,-84,-340
88.734,03:57:33.734,43.564116529,1.481265076,0.,-0.,-0.,-0.,1.,-0.,-0.,-0.,-0.,-8.,0.,0.,0.,-8.,0.,0.,39.999996,0.,0.,0.,0.,0.,0.,0.,0.,0.,0.,0.,0.995256,0.008753,-0.041896,3523.080566,4387.647461,4715.085938,4442.175781,0.534118,-15.924679,-17.451471,-1.602354,31.872873,35.315517,-0.02028,-0.016691,0.036936,0.974976,-0.007939,-0.004961,0.995458,0.004476,-0.030676,45,4195,0,23,0,0,3982,-12,-136,92952,63930,270172,23,-80,-317
88.984,03:57:33.984,43.564116845,1.481266478,0.,-0.,-0.,-0.,1.,-0.,-0.,-0.,-0.,-8.,0.,0.,0.,-8.,0.,0.,39.999996,0.,0.,0.,0.,0.,0.,0.,0.,0.,0.,0.,0.995256,0.004658,-0.02598,3637.567139,4041.414795,5356.642578,4412.364746,-0.487908,-18.873756,-29.260357,1.463723,37.81876,57.39521,-0.015762,-0.031153,0.040144,0.979494,-0.026494,0.014164,0.995482,0.003307,-0.026865,45,4290,0,26,0,0,4005,-140,-81,92653,103500,329570,26,-71,-288
89.234,03:57:34.234,43.564117232,1.481268170,0.,-0.,-0.,-0.,1.,-0.,-0.,-0.,-0.,-8.,0.,0.,0.,-8.,0.,0.,39.999996,0.,0.,0.,0.,0.,0.,0.,0.,0.,0.,0.,0.995256,0.003725,-0.026687,3661.443359,4833.499512,4610.885742,4718.162109,1.154954,-14.90692,-11.677461,-3.464862,29.817101,23.467146,-0.013922,-0.031916,0.003321,0.981334,-0.028192,-0.023366,0.995487,0.003199,-0.024912,45,4369,0,33,0,0,4016,-52,29,21506,121473,397807,33,-60,-253
89.484,03:57:34.484,43.564117760,1.481270442,0.,-0.,-0.,-0.,1.,-0.,-0.,-0.,-0.,-8.,0.,0.,0.,-8.,0.,0.,39.999996,0.,0.,0.,0.,0.,0.,0.,0.,0.,0.,0.,0.995256,0.003301,-0.026364,4521.869629,4707.637695,4925.547363,4560.93457,-0.161461,-7.705335,-3.597637,0.484383,15.414395,7.241839,-0.012095,-0.012254,0.01581,0.983161,-0.008953,-0.010554,0.995487,0.003172,-0.024916,45,4506,0,36,0,0,4022,-56,-70,41306,155462,475396,35,-45,-206
89.734,03:57:34.734,43.564118428,1.481272860,0.,-0.,-0.,-0.,1.,-0.,-0.,-0.,-0.,-8.,0.,0.,0.,-8.,0.,0.,39.999996,0.,0.,0.,0.,0.,0.,0.,0.,0.,0.,0.,0.995202,0.008779,-0.026832,5128.166016,5038.477539,4642.47998,4634.866211,-0.087845,1.149044,12.450164,0.248633,0.137785,-23.837223,-0.010435,-0.012088,-0.000818,0.984767,-0.003309,-0.027649,0.994834,0.061764,-0.022431,46,4680,0,35,0,0,4031,-110,-37,39113,187187,512692,35,-26,-156
89.984,03:57:34.984,43.564119236,1.481275809,0.,-0.,-0.,-0.,1.,-0.,-0.,-0.,-0.,-8.,0.,0.,0.,-8.,0.,0.,39.999996,0.,0.,0.,0.,0.,0.,0.,0.,0.,0.,0.,0.994956,0.076697,-0.016503,4679.392578,4419.133789,5712.268555,4753.193848,-1.100786,-9.783421,-19.1371,3.287457,20.414345,38.233223,-0.011458,0.034886,0.012072,0.983498,0.111583,-0.004431,0.995499,0.117251,-0.000473,46,4870,0,42,0,0,4027,94,-142,112092,221671,595768,43,-3,-95
90.234,03:57:35.234,43.564119904,1.481278710,0.,-0.,-0.,-0.,1.,-0.,-0.,-0.,-0.,-8.,0.,0.,0.,-8.,0.,0.,39.999996,0.,0.,0.,0.,0.,0.,0.,0.,0.,0.,0.,0.99546,0.085952,-0.002496,4294.017578,5044.525879,5138.402832,5015.043945,0.566169,-12.23413,-11.408637,-1.683607,24.512962,22.632233,-0.012029,0.005593,0.015011,0.983431,0.091545,0.012516,0.995555,0.068227,0.000822,46,4890,0,56,0,0,4030,515,55,154850,125755,527716,56,16,-35
90.484,03:57:35.484,43.564120256,1.481281176,0.,-0.,-0.,-0.,1.,-0.,-0.,-0.,-0.,-8.,0.,0.,0.,-8.,0.,0.,39.999996,0.,0.,0.,0.,0.,0.,0.,0.,0.,0.,0.,0.995505,0.080315,-0.001073,4202.871582,5043.602539,4956.875488,5288.640625,1.058497,-7.125522,-13.986592,-3.175491,13.707151,27.969984,-0.01071,-0.02548,0.004968,0.984795,0.054835,0.003895,0.995486,0.076919,-0.001066,46,4874,0,72,0,0,4030,246,59,166897,30523,492858,72,26,16
90.734,03:57:35.734,43.564120326,1.481283448,0.,-0.,-0.,-0.,1.,-0.,-0.,-0.,-0.,-8.,0.,0.,0.,-8.,0.,0.,39.999996,0.,0.,0.,0.,0.,0.,0.,0.,0.,0.,0.,0.995505,0.081813,-0.001409,4680.90918,4923.87793,5174.290527,4712.912598,-0.197176,-9.860851,-3.953825,0.591529,19.185261,7.769174,-0.008733,-0.009267,-0.003198,0.986772,0.072545,-0.004608,0.995343,0.072125,-0.005085,47,4872,0,86,0,0,4037,293,22,146784,-2646,448010,87,28,63
90.984,03:57:35.984,43.564120115,1.481285672,0.,-0.,-0.,-0.,1.,-0.,-0.,-0.,-0.,-8.,0.,0.,0.,-8.,0.,0.,39.999996,0.,0.,0.,0.,0.,0.,0.,0.,0.,0.,0.,0.995191,0.07106,-0.012872,4319.518066,5025.265625,4833.806152,5313.400391,1.070097,-3.166137,-11.233926,-3.21029,6.20934,22.608248,-0.008361,-0.010817,0.013866,0.98683,0.060243,0.000994,0.994453,0.057988,-0.037009,47,4872,0,103,0,0,4044,258,-33,177335,-63092,440833,103,22,109
91.234,03:57:36.234,43.564119728,1.481287654,0.,-0.,-0.,-0.,1.,-0.,-0.,-0.,-0.,-8.,0.,0.,0.,-8.,0.,0.,39.999996,0.,0.,0.,0.,0.,0.,0.,0.,0.,0.,0.,0.993654,0.064841,-0.058742,4318.861328,4995.352051,4900.148926,5277.627441,0.951496,-4.186167,-12.089888,-2.794882,7.875009,24.979782,-0.008605,-0.008844,-0.036867,0.985048,0.055997,-0.09561,0.993213,0.053732,-0.086055,47,4872,0,117,0,0,4039,164,-183,160161,-76992,488203,118,11,150
91.484,03:57:36.484,43.564119377,1.481288911,0.,-0.,-0.,-0.,1.,-0.,-0.,-0.,-0.,-8.,0.,0.,0.,-8.,0.,0.,39.999996,0.,0.,0.,0.,0.,0.,0.,0.,0.,0.,0.,0.993556,0.054348,-0.072616,5333.526367,5224.737305,4371.457031,4562.269043,0.074052,4.19441,22.743523,-0.237056,-8.083347,-45.596943,-0.005624,-0.017689,-0.008868,0.987932,0.036659,-0.081484,0.993772,0.049509,-0.070857,47,4872,0,128,0,0,4037,242,-445,146921,-13843,233903,128,1,176
91.734,03:57:36.734,43.564119096,1.481291281,0.,-0.,-0.,-0.,1.,-0.,-0.,-0.,-0.,-8.,0.,0.,0.,-8.,0.,0.,39.999996,0.,0.,0.,0.,0.,0.,0.,0.,0.,0.,0.,0.993763,0.049933,-0.070343,4923.592773,4798.003906,4888.794922,4881.598633,-0.119874,1.65749,-0.683167,0.314919,-2.501005,0.703233,-0.004119,-0.014925,0.010161,0.989644,0.035009,-0.060182,0.992805,0.066718,-0.081507,48,4872,0,149,0,0,4051,146,-306,165552,-11693,387852,149,-7,225
91.984,03:57:36.984,43.564119201,1.481292006,0.,-0.,-0.,-0.,1.,-0.,-0.,-0.,-0.,-8.,0.,0.,0.,-8.,0.,0.,39.999996,0.,0.,0.,0.,0.,0.,0.,0.,0.,0.,0.,0.992817,0.069864,-0.076632,3993.623291,4903.848145,5308.605469,5285.913086,0.801238,-13.060842,-23.758665,-2.403714,26.199915,47.567623,-0.004044,0.01501,0.02238,0.988773,0.084874,-0.054252,0.992414,0.08118,-0.076614,48,4872,0,156,0,0,4051,222,-280,82237,67213,198654,157,-4,240
92.234,03:57:37.234,43.564119482,1.481292973,0.,-0.,-0.,-0.,1.,-0.,-0.,-0.,-0.,-8.,0.,0.,0.,-8.,0.,0.,39.999996,0.,0.,0.,0.,0.,0.,0.,0.,0.,0.,0.,0.993031,0.073991,-0.066847,5090.209473,4936.906738,4842.461914,4622.412598,-0.337056,-0.934451,7.871394,1.026068,1.826061,-15.878761,-0.002361,-0.001803,0.01982,0.99067,0.072188,-0.047027,0.993597,0.069448,-0.055549,48,4872,0,170,0,0,4052,343,-225,151474,89631,185599,170,4,260
92.484,03:57:37.484,43.564119904,1.481293601,0.,-0.,-0.,-0.,1.,-0.,-0.,-0.,-0.,-8.,0.,0.,0.,-8.,0.,0.,39.999996,0.,0.,0.,0.,0.,0.,0.,0.,0.,0.,0.,0.992862,0.088582,-0.059973,5054.858887,5190.882812,4516.059082,4730.188965,0.316113,1.093476,13.992917,-0.739724,-4.708974,-24.787672,-0.002051,-0.014206,0.01766,0.990811,0.074376,-0.042313,0.994988,0.089394,-0.012048,48,4872,0,184,0,0,4059,232,-160,97809,89729,123988,184,16,273
92.734,03:57:37.734,43.564120185,1.481293843,0.,-0.,-0.,-0.,1.,-0.,-0.,-0.,-0.,-8.,0.,0.,0.,-8.,0.,0.,39.999996,0.,0.,0.,0.,0.,0.,0.,0.,0.,0.,0.,0.993791,0.088486,-0.037582,4575.217773,4922.39209,4783.375,5211.004883,0.699474,1.126384,-6.954778,-2.128225,-1.919356,13.581731,-0.00109,-0.021096,0.036094,0.992701,0.06739,-0.001488,0.993654,0.095229,-0.039297,49,4872,0,196,0,0,4062,402,-99,115845,53294,72122,196,24,278
92.984,03:57:37.984,43.564120256,1.481293795,0.,-0.,-0.,-0.,1.,-0.,-0.,-0.,-0.,-8.,0.,0.,0.,-8.,0.,0.,39.999996,0.,0.,0.,0.,0.,0.,0.,0.,0.,0.,0.,0.993182,0.104327,-0.043134,4098.453125,4980.813477,4900.981934,5511.741211,1.347949,-3.80241,-18.668383,-4.058748,7.940096,37.228733,-0.002107,-0.014632,0.01745,0.991075,0.089694,-0.025685,0.991401,0.138605,-0.059416,49,4872,0,203,0,0,4069,268,-123,157739,16082,55128,204,26,277
93.234,03:57:38.234,43.564120256,1.481293795,0.,-0.,-0.,-0.,1.,-0.,-0.,-0.,-0.,-8.,0.,0.,0.,-8.,0.,0.,39.999996,0.,0.,0.,0.,0.,0.,0.,0.,0.,0.,0.,0.992057,0.128311,-0.053271,4081.316895,5110.030273,4728.633789,5572.008789,1.690072,-2.594741,-15.530141,-5.040413,4.727547,31.548294,-0.002233,-0.001317,-0.005564,0.989824,0.126994,-0.058834,0.99262,0.127108,-0.045664,49,4872,0,216,0,0,4056,483,-209,135404,-16478,13545,216,26,277
93.484,03:57:38.484,43.564120045,1.481293408,0.,-0.,-0.,-0.,1.,-0.,-0.,-0.,-0.,-8.,0.,0.,0.,-8.,0.,0.,39.999996,0.,0.,0.,0.,0.,0.,0.,0.,0.,0.,0.,0.99277,0.125419,-0.043922,4097.164062,5161.484375,4675.37207,5557.969727,1.757627,-2.544112,-13.645709,-5.257978,5.136652,27.469301,-0.001261,-0.038455,0.011196,0.99151,0.086964,-0.032727,0.993838,0.122144,-0.027614,49,4872,0,224,0,0,4059,440,-193,116510,-80683,-64834,224,20,269
93.734,03:57:38.734,43.564119693,1.481292634,0.,-0.,-0.,-0.,1.,-0.,-0.,-0.,-0.,-8.,0.,0.,0.,-8.,0.,0.,39.999996,0.,0.,0.,0.,0.,0.,0.,0.,0.,0.,0.,0.993626,0.121256,-0.0314,5249.26123,4837.074219,4331.451172,5074.203613,0.298432,16.169153,9.52952,-0.910196,-32.28429,-19.211777,-0.000779,-0.042316,0.013856,0.992847,0.07894,-0.017544,0.993819,0.119262,-0.028611,50,4872,0,231,0,0,4065,375,-62,61666,-93450,-106862,231,10,253
93.984,03:57:38.984,43.564119271,1.481291764,0.,-0.,-0.,-0.,1.,-0.,-0.,-0.,-0.,-8.,0.,0.,0.,-8.,0.,0.,39.999996,0.,0.,0.,0.,0.,0.,0.,0.,0.,0.,0.,0.993656,0.122001,-0.030858,4240.319824,4798.371582,4960.986816,5492.311523,0.983466,-0.374177,-19.804493,-2.950399,1.087356,39.529358,-0.000674,-0.028041,0.012261,0.992983,0.09396,-0.018597,0.993188,0.131697,-0.035466,50,4872,0,238,0,0,4065,340,-71,98814,-132394,-108671,238,-2,235
94.234,03:57:39.234,43.564118779,1.481290700,0.,-0.,-0.,-0.,1.,-0.,-0.,-0.,-0.,-8.,0.,0.,0.,-8.,0.,0.,39.999996,0.,0.,0.,0.,0.,0.,0.,0.,0.,0.,0.,0.993225,0.130406,-0.035351,4934.948242,5021.436035,4370.339355,5165.266602,0.795721,9.918152,5.890896,-2.357359,-20.018843,-11.464211,-0.001285,-0.02857,-0.000311,0.99194,0.101836,-0.035661,0.993182,0.132727,-0.035284,50,4872,0,245,0,0,4066,397,-115,67203,-162729,-140456,245,-16,213
94.484,03:57:39.484,43.564118146,1.481289637,0.,-0.,-0.,-0.,1.,-0.,-0.,-0.,-0.,-8.,0.,0.,0.,-8.,0.,0.,39.999996,0.,0.,0.,0.,0.,0.,0.,0.,0.,0.,0.,0.993123,0.13371,-0.035908,4790.403809,4520.01123,5244.205566,4937.369629,-0.521111,-0.510206,-12.196243,1.578235,0.819246,24.677471,-0.000181,-0.02803,0.009114,0.992942,0.10568,-0.026794,0.99312,0.135544,-0.035455,50,4872,0,251,0,0,4065,438,-121,121580,-193089,-165154,251,-34,191
94.734,03:57:39.734,43.564117443,1.481288235,0.,-0.,-0.,-0.,1.,-0.,-0.,-0.,-0.,-8.,0.,0.,0.,-8.,0.,0.,39.999996,0.,0.,0.,0.,0.,0.,0.,0.,0.,0.,0.,0.993476,0.126978,-0.03249,4544.220215,5044.685059,4615.902344,5287.182617,1.057823,2.391411,-4.398518,-3.173468,-4.712041,8.551167,-0.000308,-0.034439,0.005687,0.993168,0.092538,-0.026803,0.993518,0.123103,-0.032592,51,4872,0,253,0,0,4068,412,-114,33124,-224068,-201492,254,-54,162
94.984,03:57:39.984,43.564116564,1.481286881,0.,-0.,-0.,-0.,1.,-0.,-0.,-0.,-0.,-8.,0.,0.,0.,-8.,0.,0.,39.999996,0.,0.,0.,0.,0.,0.,0.,0.,0.,0.,0.,0.993064,0.132643,-0.036611,4405.072266,4751.969727,4824.771973,5510.175781,0.931934,4.73909,-16.490675,-2.7809,-9.500532,32.957134,-0.000987,-0.033193,0.00399,0.992077,0.09945,-0.032622,0.99185,0.147112,-0.049887,51,4872,0,255,0,0,4067,359,-107,21697,-241189,-205561,255,-79,134
95.234,03:57:40.234,43.564115509,1.481285189,0.,-0.,-0.,-0.,1.,-0.,-0.,-0.,-0.,-8.,0.,0.,0.,-8.,0.,0.,39.999996,0.,0.,0.,0.,0.,0.,0.,0.,0.,0.,0.,0.992055,0.143238,-0.047911,4574.713379,4982.361816,4407.694336,5527.221191,1.378697,9.966301,-5.289764,-4.121189,-19.9028,10.673592,-0.000989,-0.018389,-0.004551,0.991066,0.124849,-0.052463,0.991721,0.144329,-0.052635,51,4872,0,260,0,0,4064,491,-223,28029,-295091,-253785,258,-109,99
95.484,03:57:40.484,43.564114314,1.481283351,0.,-0.,-0.,-0.,1.,-0.,-0.,-0.,-0.,-8.,0.,0.,0.,-8.,0.,0.,39.999996,0.,0.,0.,0.,0.,0.,0.,0.,0.,0.,0.,0.991836,0.143069,-0.051064,4166.666992,4781.330078,4948.704102,5595.289062,1.13862,0.446904,-22.343952,-3.41586,-0.875181,44.521198,-0.000917,-0.025111,0.008889,0.990919,0.117958,-0.042175,0.991706,0.14245,-0.053539,51,4872,0,259,0,0,4058,458,-251,33382,-348014,-346984,259,-143,61
95.734,03:57:40.734,43.564112978,1.481281127,0.,-0.,-0.,-0.,1.,-0.,-0.,-0.,-0.,-8.,0.,0.,0.,-8.,0.,0.,39.999996,0.,0.,0.,0.,0.,0.,0.,0.,0.,0.,0.,0.99176,0.143428,-0.052821,3670.205566,5063.490723,4919.527344,5838.766602,2.087693,-6.636641,-28.344362,-6.277981,13.344062,56.663578,-0.000224,-0.035496,0.006047,0.991537,0.107932,-0.046775,0.991613,0.145219,-0.053796,52,4872,0,259,0,0,4061,456,-191,-11360,-349647,-370959,259,-181,15
95.984,03:57:40.984,43.564111642,1.481278855,0.,-0.,-0.,-0.,1.,-0.,-0.,-0.,-0.,-8.,0.,0.,0.,-8.,0.,0.,39.999996,0.,0.,0.,0.,0.,0.,0.,0.,0.,0.,0.,0.991773,0.146518,-0.05127,4420.481445,4646.780273,5085.165039,5339.5625,0.43396,0.39338,-19.00452,-1.286978,-1.084783,38.046295,0.00039,-0.03118,0.006535,0.992164,0.115337,-0.044735,0.992255,0.142412,-0.045861,52,4872,0,258,0,0,4062,499,-172,15477,-372818,-383899,258,-219,-32
96.234,03:57:41.234,43.564110974,1.481277695,0.,-0.,-0.,-0.,1.,-0.,-0.,-0.,-0.,-8.,0.,0.,0.,-8.,0.,0.,39.999996,0.,0.,0.,0.,0.,0.,0.,0.,0.,0.,0.,0.991945,0.139253,-0.051568,4844.244141,5076.678223,4044.3125,5526.754883,1.54815,17.50012,4.897969,-4.629549,-35.033768,-9.814565,-0.000105,-0.036602,-0.001637,0.99184,0.102651,-0.053205,0.991731,0.133713,-0.05668,52,4872,0,256,0,0,4062,436,-111,39059,-202783,-70244,256,-238,-56
96.484,03:57:41.484,43.564108689,1.481273247,0.,-0.,-0.,-0.,1.,-0.,-0.,-0.,-0.,-8.,0.,0.,0.,-8.,0.,0.,39.999996,0.,0.,0.,0.,0.,0.,0.,0.,0.,0.,0.,0.992893,0.11107,-0.0463,4385.918457,5116.389648,4384.981934,5604.700195,1.760584,6.849464,-6.823252,-5.311553,-13.419531,13.500286,0.000218,-0.046676,0.01415,0.993111,0.064394,-0.03215,0.993573,0.090391,-0.043191,52,4872,0,252,0,0,4067,366,-237,-2091,-471032,-608970,252,-303,-148
96.734,03:57:41.734,43.564106826,1.481270104,0.,-0.,-0.,-0.,1.,-0.,-0.,-0.,-0.,-8.,0.,0.,0.,-8.,0.,0.,39.999996,0.,0.,0.,0.,0.,0.,0.,0.,0.,0.,0.,0.99356,0.089508,-0.043626,5720.268555,5128.071777,4434.037598,4209.612305,-0.737211,5.148796,30.865665,2.196733,-9.882222,-62.050774,0.000785,-0.029693,-0.004505,0.994345,0.059815,-0.04813,0.993284,0.084617,-0.052959,53,4872,0,247,0,0,4073,203,-142,-31978,-475666,-513823,247,-356,-213
96.984,03:57:41.984,43.564105911,1.481268267,0.,-0.,-0.,-0.,1.,-0.,-0.,-0.,-0.,-8.,0.,0.,0.,-8.,0.,0.,39.999996,0.,0.,0.,0.,0.,0.,0.,0.,0.,0.,0.,0.993943,0.076578,-0.037872,4401.595215,4884.803223,5209.991699,4995.599609,0.242679,-9.766403,-12.8687,-0.698234,16.99402,26.327858,0.000146,-0.009876,0.012194,0.994089,0.066703,-0.025678,0.995515,0.012439,-0.001856,53,4872,0,243,0,0,4067,236,-238,-27109,-507425,-721826,243,-382,-251
97.234,03:57:42.234,43.564103380,1.481264447,0.,-0.,-0.,-0.,1.,-0.,-0.,-0.,-0.,-8.,0.,0.,0.,-8.,0.,0.,39.999996,0.,0.,0.,0.,0.,0.,0.,0.,0.,0.,0.,0.995214,0.024634,-0.008087,4370.12207,5187.835449,3988.500977,5945.531738,2.504973,15.950435,-5.265052,-7.51492,-31.211226,10.122417,-0.000739,-0.049863,0.01662,0.994475,-0.025228,0.008532,0.995527,0.005727,-1e-06,53,4872,0,236,0,0,4072,111,0,-69155,-603761,-568683,236,-454,-330
97.484,03:57:42.484,43.564101868,1.481262658,0.,-0.,-0.,-0.,1.,-0.,-0.,-0.,-0.,-8.,0.,0.,0.,-8.,0.,0.,39.999996,0.,0.,0.,0.,0.,0.,0.,0.,0.,0.,0.,0.995446,0.010587,-0.007802,4681.208984,4786.114746,4534.707031,5489.959473,0.957088,11.904852,-7.802799,-2.886164,-23.586653,14.418395,-0.000334,-0.00532,0.001501,0.995112,0.005267,-0.006301,0.995305,0.012445,-0.035586,53,4872,0,228,0,0,4077,-49,19,-72873,-429842,-254412,228,-497,-367
97.734,03:57:42.734,43.564100286,1.481261353,0.,-0.,-0.,-0.,1.,-0.,-0.,-0.,-0.,-8.,0.,0.,0.,-8.,0.,0.,39.999996,0.,0.,0.,0.,0.,0.,0.,0.,0.,0.,0.,0.995322,0.010189,-0.039925,4029.475098,5222.086914,5169.791992,5070.63623,0.987137,-18.084732,-13.844113,-2.946509,35.989487,29.657042,-0.000614,0.032832,-0.031663,0.994708,0.043021,-0.071588,0.99546,0.003873,-0.034604,54,4872,0,219,0,0,4073,69,-174,-85774,-378660,-148827,219,-542,-394
97.984,03:57:42.984,43.564098739,1.481260337,0.,-0.,-0.,-0.,1.,-0.,-0.,-0.,-0.,-8.,0.,0.,0.,-8.,0.,0.,39.999996,0.,0.,0.,0.,0.,0.,0.,0.,0.,0.,0.,0.995472,0.003162,-0.038303,4202.555664,4694.48584,5294.216797,5300.731934,0.449981,-6.7958,-23.770708,-1.349943,13.636595,47.192169,-0.000177,0.019099,-0.001692,0.995295,0.022261,-0.039996,0.995546,-0.000876,-0.044261,54,4872,0,208,0,0,4076,124,-273,-78860,-349667,-124406,208,-586,-415
98.234,03:57:43.234,43.564097263,1.481259467,0.,-0.,-0.,-0.,1.,-0.,-0.,-0.,-0.,-8.,0.,0.,0.,-8.,0.,0.,39.999996,0.,0.,0.,0.,0.,0.,0.,0.,0.,0.,0.,0.995522,3.1e-05,-0.072433,4743.444336,5168.365723,4426.945312,5153.234863,1.039288,4.219155,4.642813,-3.117863,-8.424037,-7.752669,-0.001034,0.026859,-0.015184,0.994488,0.02689,-0.087617,0.995566,-0.000817,-0.096212,54,4872,0,194,0,0,4074,97,-184,-137948,-348958,-71773,193,-628,-433
98.484,03:57:43.484,43.564095962,1.481258839,0.,-0.,-0.,-0.,1.,-0.,-0.,-0.,-0.,-8.,0.,0.,0.,-8.,0.,0.,39.999996,0.,0.,0.,0.,0.,0.,0.,0.,0.,0.,0.,0.995932,-0.014887,-0.069926,4432.501465,4423.322754,5453.204102,5182.960938,-0.25226,-3.654902,-24.92478,0.74188,7.476046,49.527321,0.000388,0.030194,0.017552,0.99632,0.015307,-0.052374,0.996397,-0.03174,-0.054825,54,4872,0,179,0,0,4075,89,-486,-132415,-278295,-61814,179,-665,-446
98.734,03:57:43.734,43.564095013,1.481258113,0.,-0.,-0.,-0.,1.,-0.,-0.,-0.,-0.,-8.,0.,0.,0.,-8.,0.,0.,39.999996,0.,0.,0.,0.,0.,0.,0.,0.,0.,0.,0.,0.996176,-0.029978,-0.047184,4524.260742,4604.999023,4745.922363,5616.807617,0.859099,11.06206,-17.268593,-2.607099,-21.399086,35.260822,-0.000429,0.015154,0.025441,0.995747,-0.014825,-0.021744,0.995849,-0.023071,-0.0279,55,4872,0,160,0,0,4079,-33,-134,-135926,-209764,-46258,160,-692,-461
98.984,03:57:43.984,43.564094134,1.481257823,0.,-0.,-0.,-0.,1.,-0.,-0.,-0.,-0.,-8.,0.,0.,0.,-8.,0.,0.,39.999996,0.,0.,0.,0.,0.,0.,0.,0.,0.,0.,0.,0.995769,-0.013254,-0.034524,4123.454102,4929.07373,5113.688965,5325.773438,0.918757,-8.30949,-19.417072,-2.741369,16.385685,40.554298,-0.000701,0.044933,0.01941,0.995067,0.031679,-0.015114,0.995532,-0.001879,-0.005728,55,4872,0,140,0,0,4077,14,-25,-142125,-186532,35006,140,-717,-467
99.234,03:57:44.234,43.564093360,1.481257872,0.,-0.,-0.,-0.,1.,-0.,-0.,-0.,-0.,-8.,0.,0.,0.,-8.,0.,0.,39.999996,0.,0.,0.,0.,0.,0.,0.,0.,0.,0.,0.,0.995581,-0.002722,-0.026557,4033.993164,5059.957031,5101.950684,5296.088867,1.101475,-11.645553,-18.25725,-3.274623,23.154551,36.941978,-0.000615,0.038675,0.00109,0.994966,0.035953,-0.025467,0.995527,3e-06,-0.003845,55,4872,0,119,0,0,4079,177,-50,-127734,-203523,72866,119,-739,-466
99.484,03:57:44.484,43.564092516,1.481258210,0.,-0.,-0.,-0.,1.,-0.,-0.,-0.,-0.,-8.,0.,0.,0.,-8.,0.,0.,39.999996,0.,0.,0.,0.,0.,0.,0.,0.,0.,0.,0.,0.995527,-0.000368,-0.006283,4780.611328,5054.242676,4538.113281,5191.021484,0.836458,5.309884,1.480077,-2.509374,-10.645234,-3.250842,-0.00066,0.038038,0.015946,0.994866,0.03767,0.009662,0.995527,-0.,0.,55,4872,0,96,0,0,4075,140,-59,-198823,-196554,107183,96,-763,-459
99.734,03:57:44.734,43.564091532,1.481258742,0.,-0.,-0.,-0.,1.,-0.,-0.,-0.,-0.,-8.,0.,0.,0.,-8.,0.,0.,39.999996,0.,0.,0.,0.,0.,0.,0.,0.,0.,0.,0.,0.995527,-4.3e-05,-0.000877,4463.507812,5245.882324,5368.850586,5893.748535,1.180173,-3.604665,-21.744925,-3.540519,7.206017,43.43058,-0.001245,0.019584,-0.004248,0.994282,0.019541,-0.005125,0.995527,-0.,0.,56,4910,0,72,0,0,4074,155,34,-188293,-240147,143827,72,-791,-448
99.984,03:57:44.984,43.564090442,1.481259467,0.,-0.,-0.,-0.,1.,-0.,-0.,-0.,-0.,-8.,0.,0.,0.,-8.,0.,0.,39.999996,0.,0.,0.,0.,0.,0.,0.,0.,0.,0.,0.,0.995527,-5e-06,-0.000103,5232.901367,5736.849609,4697.366699,5612.871582,1.281455,5.761798,9.233183,-3.844365,-11.523973,-18.474283,-0.002666,0.003076,-0.01782,0.992861,0.003071,-0.017923,0.995527,-0.,0.,56,5249,0,52,0,0,4069,114,-28,-73454,-271652,187924,52,-822,-433
100.234,03:57:45.234,43.564089177,1.481260869,0.,-0.,-0.,-0.,1.,-0.,-0.,-0.,-0.,-8.,0.,0.,0.,-8.,0.,0.,39.999996,0.,0.,0.,0.,0.,0.,0.,0.,0.,0.,0.,0.995527,1.6e-05,-0.006745,4382.105957,5273.080566,5539.23291,6085.569824,1.297568,-4.824927,-27.574627,-3.892703,9.652382,53.629917,-0.002154,0.016079,-0.003741,0.993373,0.016094,-0.010486,0.995525,8.9e-05,-0.04516,56,5317,0,53,0,0,4065,-25,-87,125719,-283731,315726,53,-858,-404
100.484,03:57:45.484,43.564088298,1.481261981,0.,-0.,-0.,-0.,1.,-0.,-0.,-0.,-0.,-8.,0.,0.,0.,-8.,0.,0.,39.999996,0.,0.,0.,0.,0.,0.,0.,0.,0.,0.,0.,0.995527,0.000133,-0.073302,4758.058105,5509.249512,5234.822266,5777.859375,1.168401,-2.914161,-10.435242,-3.505202,5.827277,21.62858,-0.00174,0.020775,-0.054371,0.993787,0.020908,-0.127672,0.995508,0.00026,-0.147262,56,5319,0,71,0,0,4071,36,-130,264091,-268036,377625,71,-883,-381
100.734,03:57:45.734,43.564087348,1.481263964,0.,-0.,-0.,-0.,1.,-0.,-0.,-0.,-0.,-8.,0.,0.,0.,-8.,0.,0.,39.999996,0.,0.,0.,0.,0.,0.,0.,0.,0.,0.,0.,0.995527,0.000188,-0.114216,4972.766602,5404.005371,5255.215332,5648.001953,0.743928,-0.538327,-7.370237,-2.231784,1.076359,16.314409,-0.001256,0.021956,-0.037477,0.994271,0.022144,-0.151692,0.99552,0.000133,-0.098175,57,5319,0,110,0,0,4071,88,-767,385525,-167108,367633,110,-910,-340
100.984,03:57:45.984,43.564087313,1.481265076,0.,-0.,-0.,-0.,1.,-0.,-0.,-0.,-0.,-8.,0.,0.,0.,-8.,0.,0.,39.999996,0.,0.,0.,0.,0.,0.,0.,0.,0.,0.,0.,0.995509,0.000391,-0.098766,4438.90332,5538.088379,5316.488281,5986.509277,1.597192,-6.0083,-18.564087,-4.851182,12.919518,35.539337,-0.001392,0.020526,0.020104,0.994116,0.020917,-0.078662,0.994707,0.015479,-0.105855,57,5319,0,158,0,0,4073,107,-438,457788,58330,229581,158,-911,-317
101.234,03:57:46.234,43.564087630,1.481266188,0.,-0.,-0.,-0.,1.,-0.,-0.,-0.,-0.,-8.,0.,0.,0.,-8.,0.,0.,39.999996,0.,0.,0.,0.,0.,0.,0.,0.,0.,0.,0.,0.992882,0.036134,-0.128213,5161.21582,5230.174805,5345.661133,5542.9375,0.240359,1.796444,-6.960907,-0.601868,-3.261337,18.399612,-0.002796,0.028962,-0.004211,0.990086,0.065096,-0.132423,0.991825,0.082028,-0.09016,57,5319,0,218,0,0,4068,102,-294,568244,122641,232412,218,-902,-294
101.484,03:57:46.484,43.564088227,1.481266961,0.,-0.,-0.,-0.,1.,-0.,-0.,-0.,-0.,-8.,0.,0.,0.,-8.,0.,0.,39.999996,0.,0.,0.,0.,0.,0.,0.,0.,0.,0.,0.,0.993153,0.054606,-0.072326,4747.256348,5523.898438,5447.208008,5561.625977,0.804425,-9.271136,-10.327515,-2.413275,17.949951,20.200544,0.000705,0.055094,0.051521,0.993858,0.109701,-0.020806,0.995521,0.00573,-0.001871,57,5319,0,291,0,0,4055,460,-534,683484,193218,112935,291,-885,-278
101.734,03:57:46.734,43.564088825,1.481267251,0.,-0.,-0.,-0.,1.,-0.,-0.,-0.,-0.,-8.,0.,0.,0.,-8.,0.,0.,39.999996,0.,0.,0.,0.,0.,0.,0.,0.,0.,0.,0.,0.995102,0.012448,-0.013306,4220.675781,4656.447266,5145.663086,4741.204102,0.028268,-11.763224,-14.136419,-0.129508,24.108524,27.531273,0.002372,-0.034483,0.052533,0.997474,-0.022034,0.039227,0.995527,-0.,0.,58,5195,0,372,0,0,4075,87,121,734051,116150,68957,373,-868,-272
101.984,03:57:46.984,43.564089282,1.481267541,0.,-0.,-0.,-0.,1.,-0.,-0.,-0.,-0.,-8.,0.,0.,0.,-8.,0.,0.,39.999996,0.,0.,0.,0.,0.,0.,0.,0.,0.,0.,0.,0.995474,0.00173,-0.001727,4394.158203,5028.572754,4031.970703,4885.287598,1.343087,3.064631,7.076618,-3.999458,-6.012032,-14.276375,0.003194,-0.004198,0.00976,0.998668,-0.002468,0.008032,0.995527,-0.,0.,58,4642,0,456,0,0,4091,-24,152,620844,107959,140695,456,-855,-266
102.234,03:57:47.234,43.564089528,1.481268315,0.,-0.,-0.,-0.,1.,-0.,-0.,-0.,-0.,-8.,0.,0.,0.,-8.,0.,0.,39.999996,0.,0.,0.,0.,0.,0.,0.,0.,0.,0.,0.,0.994821,0.015153,-0.038803,3932.759766,5491.101074,4523.652344,4392.476074,1.288403,-23.653242,7.108249,-3.835406,46.321609,-14.359922,0.002409,0.033415,-0.041668,0.99723,0.048568,-0.080471,0.995442,0.003767,-0.045167,58,4586,0,516,0,0,4093,43,32,414078,69179,217989,517,-848,-250
102.484,03:57:47.484,43.564089809,1.481269717,0.,-0.,-0.,-0.,1.,-0.,-0.,-0.,-0.,-8.,0.,0.,0.,-8.,0.,0.,39.999996,0.,0.,0.,0.,0.,0.,0.,0.,0.,0.,0.,0.995128,0.010863,-0.049456,4577.0625,4857.595215,4392.063477,4513.268066,0.362679,-2.230593,7.410557,-1.102937,4.416482,-15.146145,0.003393,0.022179,-0.014431,0.998521,0.033042,-0.063887,0.995448,0.003729,-0.042307,58,4584,0,578,0,0,4092,206,-335,409049,75925,257074,578,-840,-221
102.734,03:57:47.734,43.564090126,1.481270684,0.,-0.,-0.,-0.,1.,-0.,-0.,-0.,-0.,-8.,0.,0.,0.,-8.,0.,0.,39.999996,0.,0.,0.,0.,0.,0.,0.,0.,0.,0.,0.,0.995237,0.0066,-0.080693,3738.092773,4844.665527,4818.753906,4938.476562,1.107058,-13.815901,-16.44261,-3.291373,27.594084,33.920849,0.002653,0.020881,-0.016346,0.99789,0.027481,-0.097039,0.995369,0.003646,-0.086566,59,4584,0,607,0,0,4093,109,-222,215139,97771,210772,608,-831,-201
102.984,03:57:47.984,43.564090688,1.481271699,0.,-0.,-0.,-0.,1.,-0.,-0.,-0.,-0.,-8.,0.,0.,0.,-8.,0.,0.,39.999996,0.,0.,0.,0.,0.,0.,0.,0.,0.,0.,0.,0.994902,0.01271,-0.0929,3677.911621,4316.466309,5371.192383,4974.418945,0.218256,-14.494584,-32.917259,-0.669669,29.682537,68.224289,0.001705,0.027438,0.025347,0.996607,0.040148,-0.067553,0.994058,0.041212,-0.071257,59,4584,0,622,0,0,4089,30,-445,58710,193524,200600,622,-815,-180
103.234,03:57:48.234,43.564091321,1.481272328,0.,-0.,-0.,-0.,1.,-0.,-0.,-0.,-0.,-8.,0.,0.,0.,-8.,0.,0.,39.999996,0.,0.,0.,0.,0.,0.,0.,0.,0.,0.,0.,0.994061,0.039004,-0.077631,4316.625,4374.065918,4818.78418,4830.51416,0.062446,-0.639965,-13.420507,-0.157536,0.856178,26.928558,0.001635,0.029159,0.028679,0.995696,0.068162,-0.048952,0.993656,0.054673,-0.068395,59,4584,0,619,0,0,4079,247,-315,-91779,172636,155029,619,-797,-167
103.484,03:57:48.484,43.564092306,1.481273005,0.,-0.,-0.,-0.,1.,-0.,-0.,-0.,-0.,-8.,0.,0.,0.,-8.,0.,0.,39.999996,0.,0.,0.,0.,0.,0.,0.,0.,0.,0.,0.,0.993713,0.061382,-0.061102,4833.497559,3828.894043,5309.382324,4368.21582,-1.756588,0.888122,-14.212897,5.284666,-2.223278,27.856756,0.00195,0.029425,0.023572,0.995663,0.090807,-0.037531,0.9937,0.065326,-0.055884,59,4584,0,602,0,0,4074,311,-168,-190707,220128,122139,602,-769,-153
103.734,03:57:48.734,43.564093114,1.481273198,0.,-0.,-0.,-0.,1.,-0.,-0.,-0.,-0.,-8.,0.,0.,0.,-8.,0.,0.,39.999996,0.,0.,0.,0.,0.,0.,0.,0.,0.,0.,0.,0.993176,0.063905,-0.073699,4815.390137,4327.558105,4610.941895,4586.098633,-0.462836,6.48185,-0.757287,1.41831,-13.226334,2.037978,0.000559,-0.003687,-0.002505,0.993735,0.060218,-0.076204,0.992943,0.059639,-0.086554,60,4584,0,570,0,0,4075,340,-93,-284184,157755,67365,570,-746,-149
103.984,03:57:48.984,43.564093817,1.481273198,0.,-0.,-0.,-0.,1.,-0.,-0.,-0.,-0.,-8.,0.,0.,0.,-8.,0.,0.,39.999996,0.,0.,0.,0.,0.,0.,0.,0.,0.,0.,0.,0.993124,0.054595,-0.088781,4425.250488,4586.861816,4609.990723,4717.886719,0.243302,-0.752013,-4.420709,-0.700104,1.420207,8.882397,7.2e-05,0.001968,0.009885,0.993196,0.056564,-0.078896,0.993677,0.037665,-0.098123,60,4584,0,526,0,0,4068,260,-319,-410825,185635,488,526,-726,-149
104.234,03:57:49.234,43.564094591,1.481272860,0.,-0.,-0.,-0.,1.,-0.,-0.,-0.,-0.,-8.,0.,0.,0.,-8.,0.,0.,39.999996,0.,0.,0.,0.,0.,0.,0.,0.,0.,0.,0.,0.994093,0.03019,-0.090257,4054.285156,4664.106445,4809.58252,4812.015137,0.552725,-8.503433,-12.644888,-1.643275,16.970545,25.394083,-0.001308,-0.008207,0.014459,0.992784,0.021983,-0.075798,0.99552,0.000205,-0.071176,60,4584,0,467,0,0,4069,115,-360,-498926,229922,-36312,465,-704,-156
104.484,03:57:49.484,43.564095540,1.481272473,0.,-0.,-0.,-0.,1.,-0.,-0.,-0.,-0.,-8.,0.,0.,0.,-8.,0.,0.,39.999996,0.,0.,0.,0.,0.,0.,0.,0.,0.,0.,0.,0.995425,-8.5e-05,-0.072376,3937.799805,5279.470703,3998.949951,5123.768555,2.226682,-3.035924,1.323724,-6.70985,5.897415,-2.489123,-0.003424,-0.01268,0.026867,0.992001,-0.012765,-0.045508,0.996365,-0.033434,-0.050124,60,4584,0,394,0,0,4067,19,-187,-632858,273442,-42537,394,-677,-164
104.734,03:57:49.734,43.564096560,1.481272280,0.,-0.,-0.,-0.,1.,-0.,-0.,-0.,-0.,-8.,0.,0.,0.,-8.,0.,0.,39.999996,0.,0.,0.,0.,0.,0.,0.,0.,0.,0.,0.,0.997133,-0.059408,-0.057347,4115.575195,5059.309082,3985.641357,5179.463867,1.929733,3.501244,0.136913,-5.819002,-7.040671,-0.302696,-0.002998,-0.01711,0.026726,0.994135,-0.076518,-0.030621,0.998422,-0.098025,-0.059003,61,4584,0,311,0,0,4066,-73,-133,-702337,286586,22832,311,-648,-168
104.984,03:57:49.984,43.564097755,1.481272280,0.,-0.,-0.,-0.,1.,-0.,-0.,-0.,-0.,-8.,0.,0.,0.,-8.,0.,0.,39.999996,0.,0.,0.,0.,0.,0.,0.,0.,0.,0.,0.,0.99708,-0.093699,-0.036901,4349.681152,5319.482422,5139.948242,5906.877441,1.567877,-2.840214,-19.287266,-4.703631,8.675562,35.654835,-0.002595,0.012564,0.026486,0.994485,-0.081135,-0.010414,0.996656,-0.031692,-0.071211,61,4584,0,213,0,0,4074,-399,-230,-796063,326557,104999,213,-614,-168
105.234,03:57:50.234,43.564099442,1.481273198,0.,-0.,-0.,-0.,1.,-0.,-0.,-0.,-0.,-8.,0.,0.,0.,-8.,0.,0.,39.999996,0.,0.,0.,0.,0.,0.,0.,0.,0.,0.,0.,0.996565,-0.043551,-0.054365,5190.635742,5825.849609,5307.234375,5544.268066,0.787456,-5.57452,2.309755,-2.407071,11.281287,-3.114493,-0.004345,0.057932,-0.054392,0.99222,0.014381,-0.108757,0.995537,-0.000823,-0.024955,61,5313,0,108,0,0,4068,-91,-151,-830313,445323,274650,108,-566,-149
105.484,03:57:50.484,43.564101165,1.481273633,0.,-0.,-0.,-0.,1.,-0.,-0.,-0.,-0.,-8.,0.,0.,0.,-8.,0.,0.,39.999996,0.,0.,0.,0.,0.,0.,0.,0.,0.,0.,0.,0.995741,-0.009128,-0.03126,3728.220703,5786.584473,6507.229492,5845.953125,1.26125,-38.074955,-39.737278,-3.753949,75.789253,79.103889,-2e-05,-0.057407,-0.020005,0.995721,-0.066535,-0.051265,0.995527,-8e-06,-0.023071,61,5462,0,24,0,0,4136,-449,-835,-464736,704982,-134454,23,-517,-140
105.734,03:57:50.734,43.564102114,1.481273778,0.,-0.,-0.,-0.,1.,-0.,-0.,-0.,-0.,-8.,0.,0.,0.,-8.,0.,0.,39.999996,0.,0.,0.,0.,0.,0.,0.,0.,0.,0.,0.,0.995535,-0.001395,-0.021971,5041.54541,7267.797363,4143.802734,5414.841797,3.157268,-13.372981,38.509781,-9.486706,26.659903,-76.618164,-0.00076,-0.00582,-0.046593,0.994775,-0.007215,-0.068564,0.995527,3e-06,-0.003845,62,5466,0,57,0,0,4093,108,145,288726,317684,96193,57,-490,-137
105.984,03:57:50.984,43.564103661,1.481273827,0.,-0.,-0.,-0.,1.,-0.,-0.,-0.,-0.,-8.,0.,0.,0.,-8.,0.,0.,39.999996,0.,0.,0.,0.,0.,0.,0.,0.,0.,0.,0.,0.995517,-0.000172,-0.005661,4009.947266,4732.035645,4857.338867,4952.668945,0.737946,-8.77461,-14.952345,-2.213837,17.536476,29.66371,-0.001812,8.9e-05,0.026469,0.993705,-8.3e-05,0.020808,0.995527,-0.,0.,62,5388,0,156,0,0,4067,-63,-89,744305,380769,53099,157,-446,-136
106.234,03:57:51.234,43.564105560,1.481273730,0.,-0.,-0.,-0.,1.,-0.,-0.,-0.,-0.,-8.,0.,0.,0.,-8.,0.,0.,39.999996,0.,0.,0.,0.,0.,0.,0.,0.,0.,0.,0.,0.995517,-1.9e-05,-0.000811,4227.502441,4814.047852,4573.791016,4912.648926,0.835422,-3.467622,-6.228461,-2.506265,6.933717,12.403152,0.000444,0.007048,0.03471,0.995961,0.007029,0.033899,0.995527,-0.,0.,62,4687,0,238,0,0,4074,-2,37,695961,422643,60768,238,-392,-138
106.484,03:57:51.484,43.564107951,1.481273682,0.,-0.,-0.,-0.,1.,-0.,-0.,-0.,-0.,-8.,0.,0.,0.,-8.,0.,0.,39.999996,0.,0.,0.,0.,0.,0.,0.,0.,0.,0.,0.,0.995517,0.004113,-0.000102,4492.125,4274.985352,5167.483398,4569.396973,-0.735958,-5.333253,-13.57678,2.207873,11.291716,27.146606,0.001653,0.01435,0.022868,0.997171,0.018463,0.022766,0.995526,0.034607,-3.7e-05,62,4629,0,310,0,0,4083,59,113,530209,513791,54221,310,-324,-139
106.734,03:57:51.734,43.564110025,1.481273972,0.,-0.,-0.,-0.,1.,-0.,-0.,-0.,-0.,-8.,0.,0.,0.,-8.,0.,0.,39.999996,0.,0.,0.,0.,0.,0.,0.,0.,0.,0.,0.,0.995053,0.028826,-0.016088,3634.981445,4686.388184,4651.58252,5531.037598,1.743134,-2.407324,-26.057507,-5.1847,6.301039,53.643082,-7.9e-05,0.024975,0.024477,0.994974,0.053801,0.008389,0.994103,0.101859,-0.027938,63,4626,0,362,0,0,4081,167,104,390749,466644,106594,362,-265,-133
106.984,03:57:51.984,43.564112029,1.481274359,0.,-0.,-0.,-0.,1.,-0.,-0.,-0.,-0.,-8.,0.,0.,0.,-8.,0.,0.,39.999996,0.,0.,0.,0.,0.,0.,0.,0.,0.,0.,0.,0.995147,0.064841,-0.010146,3791.050049,4532.668945,5036.45752,5167.813965,0.788098,-8.543673,-26.327723,-2.379194,16.901081,52.454746,0.000508,0.066811,0.034009,0.995655,0.131652,0.023863,0.995527,0.061523,2e-06,63,4626,0,395,0,0,4076,430,-86,222549,449181,94243,395,-208,-125
107.234,03:57:52.234,43.564113576,1.481274359,0.,-0.,-0.,-0.,1.,-0.,-0.,-0.,-0.,-8.,0.,0.,0.,-8.,0.,0.,39.999996,0.,0.,0.,0.,0.,0.,0.,0.,0.,0.,0.,0.995452,0.062425,-0.001728,4393.682617,5030.708984,4494.308594,4609.290039,0.678893,-7.308626,4.491106,-2.05158,14.902236,-9.21833,0.000973,-0.005868,0.008678,0.996425,0.056557,0.00695,0.995464,0.065367,-0.001927,63,4627,0,412,0,0,4076,303,130,94710,316925,26615,413,-164,-125
107.484,03:57:52.484,43.564114877,1.481274214,0.,-0.,-0.,-0.,1.,-0.,-0.,-0.,-0.,-8.,0.,0.,0.,-8.,0.,0.,39.999996,0.,0.,0.,0.,0.,0.,0.,0.,0.,0.,0.,0.995465,0.078396,-0.00184,4680.041992,4078.373291,5061.084961,4684.490234,-0.88316,3.151042,-13.820239,2.64948,-6.655986,27.686871,0.00141,0.001758,0.008567,0.996875,0.080154,0.006727,0.995525,0.092284,-5e-05,63,4626,0,415,0,0,4082,273,87,-19554,273883,17089,415,-127,-128
107.734,03:57:52.734,43.564115826,1.481273875,0.,-0.,-0.,-0.,1.,-0.,-0.,-0.,-0.,-8.,0.,0.,0.,-8.,0.,0.,39.999996,0.,0.,0.,0.,0.,0.,0.,0.,0.,0.,0.,0.995465,0.070979,-0.000422,4241.904297,5002.609863,4646.67334,5152.80127,1.143663,-3.564096,-7.769446,-3.430989,6.839483,15.518739,0.000575,-0.000886,0.009982,0.99604,0.070093,0.00956,0.995526,0.03747,-2.5e-05,64,4626,0,403,0,0,4079,378,16,-119339,174240,-24732,403,-100,-135
107.984,03:57:52.984,43.564116002,1.481273730,0.,-0.,-0.,-0.,1.,-0.,-0.,-0.,-0.,-8.,0.,0.,0.,-8.,0.,0.,39.999996,0.,0.,0.,0.,0.,0.,0.,0.,0.,0.,0.,0.995465,0.023604,-6e-05,4336.557129,5243.733398,5402.536133,5733.162598,1.117455,-8.071699,-21.775719,-3.352366,16.774836,43.547493,-0.001813,-0.063008,-0.009207,0.993652,-0.039405,-0.009267,0.995527,0.002863,5e-06,64,5011,0,392,0,0,4076,87,-27,-121318,14732,24440,391,-95,-138
108.234,03:57:53.234,43.564117092,1.481273053,0.,-0.,-0.,-0.,1.,-0.,-0.,-0.,-0.,-8.,0.,0.,0.,-8.,0.,0.,39.999996,0.,0.,0.,0.,0.,0.,0.,0.,0.,0.,0.,0.995465,0.006304,-0.,4868.792969,5150.797363,5218.370117,5478.028809,0.488997,-0.312839,-9.475335,-1.466991,0.561418,18.94908,-0.003753,-0.03247,-0.011173,0.991711,-0.026166,-0.011174,0.995527,-0.,0.,64,5174,0,351,0,0,4065,-140,6,-227089,232081,-24071,350,-64,-152
108.484,03:57:53.484,43.564117865,1.481273198,0.,-0.,-0.,-0.,1.,-0.,-0.,-0.,-0.,-8.,0.,0.,0.,-8.,0.,0.,39.999996,0.,0.,0.,0.,0.,0.,0.,0.,0.,0.,0.,0.995465,0.001358,2e-06,4619.424316,5306.623047,5353.466309,5436.475586,0.695323,-8.458654,-12.094531,-2.085969,16.985266,24.189095,-0.003842,0.007373,-0.014771,0.991623,0.008731,-0.014769,0.995527,-0.,0.,64,5175,0,335,0,0,4062,-46,-69,-64522,232609,81740,335,-42,-149
108.734,03:57:53.734,43.564118533,1.481273682,0.,-0.,-0.,-0.,1.,-0.,-0.,-0.,-0.,-8.,0.,0.,0.,-8.,0.,0.,39.999996,0.,0.,0.,0.,0.,0.,0.,0.,0.,0.,0.,0.995465,0.000214,0.,3844.943848,5335.587402,5534.553223,6000.904297,1.766723,-14.340096,-32.968979,-5.300169,28.998631,65.93914,-0.004015,0.004417,-0.013712,0.99145,0.004631,-0.013712,0.995527,0.003845,1.5e-05,65,5177,0,330,0,0,4062,35,-76,-3886,175501,112683,330,-23,-139
108.984,03:57:53.984,43.564119342,1.481274214,0.,-0.,-0.,-0.,1.,-0.,-0.,-0.,-0.,-8.,0.,0.,0.,-8.,0.,0.,39.999996,0.,0.,0.,0.,0.,0.,0.,0.,0.,0.,0.,0.995465,0.045697,0.000163,4181.388672,5453.517578,5652.019531,5405.063477,0.925497,-21.267181,-19.910471,-2.776492,40.708969,39.813217,-0.003018,0.054675,-0.007056,0.992447,0.100372,-0.006894,0.995529,0.033625,0.000104,65,5175,0,335,0,0,4063,76,-64,112750,215696,165854,335,0,-128
109.234,03:57:54.234,43.564120221,1.481274890,0.,-0.,-0.,-0.,1.,-0.,-0.,-0.,-0.,-8.,0.,0.,0.,-8.,0.,0.,39.999996,0.,0.,0.,0.,0.,0.,0.,0.,0.,0.,0.,0.995465,0.019735,-0.001419,5234.594727,5345.162109,4641.841309,5470.391602,0.847809,10.051755,6.545341,-2.543428,-19.530746,-12.895336,-0.00135,-0.028585,-0.023705,0.994114,-0.00885,-0.025123,0.995527,0.006709,9e-06,65,5176,0,350,0,0,4069,307,-42,183197,157449,160876,350,25,-114
109.484,03:57:54.484,43.564121029,1.481275132,0.,-0.,-0.,-0.,1.,-0.,-0.,-0.,-0.,-8.,0.,0.,0.,-8.,0.,0.,39.999996,0.,0.,0.,0.,0.,0.,0.,0.,0.,0.,0.,0.995465,0.011516,-0.00696,5064.907227,5501.882812,4683.412598,5465.786621,1.100816,4.835569,5.84628,-3.302449,-9.401985,-12.264858,-0.001191,-0.017347,-0.010647,0.994274,-0.005831,-0.017607,0.995244,0.017294,-0.03271,65,5174,0,370,0,0,4071,-22,-74,208347,208188,119970,370,48,-109
109.734,03:57:54.734,43.564121978,1.481275954,0.,-0.,-0.,-0.,1.,-0.,-0.,-0.,-0.,-8.,0.,0.,0.,-8.,0.,0.,39.999996,0.,0.,0.,0.,0.,0.,0.,0.,0.,0.,0.,0.994274,0.009185,-0.010257,5075.625,4745.546387,5450.839355,4995.977539,-0.708624,-1.746966,-8.759036,1.485121,3.500452,17.423542,-0.000291,-0.00556,-0.010312,0.993982,0.003625,-0.020568,0.981255,0.002863,-3.4e-05,66,5175,0,401,0,0,4073,85,-174,304380,225487,216199,401,75,-92
109.984,03:57:54.984,43.564122506,1.481276244,0.,-0.,-0.,-0.,1.,-0.,-0.,-0.,-0.,-8.,0.,0.,0.,-8.,0.,0.,39.999996,0.,0.,0.,0.,0.,0.,0.,0.,0.,0.,0.,0.969046,0.004489,-0.001873,4293.896973,5230.923828,4879.521484,5579.645996,1.477979,-3.316637,-13.080856,-3.972001,6.598582,26.061508,-0.012305,-0.000431,0.001635,0.956741,0.004058,-0.000238,0.953625,0.002863,-1.1e-05,66,5026,0,432,0,0,4021,7,-6,290949,168417,162695,432,90,-86
110.234,03:57:55.234,43.564123139,1.481276969,0.,-0.,-0.,-0.,1.,-0.,-0.,-0.,-0.,-8.,0.,0.,0.,-8.,0.,0.,39.999996,0.,0.,0.,0.,0.,0.,0.,0.,0.,0.,0.,0.95575,0.003203,-0.000239,3937.072021,4846.060059,5263.53125,5537.325195,1.067786,-8.892708,-28.248144,-3.903712,17.802877,56.476227,-0.008913,0.006481,0.013355,0.946837,0.009684,0.013116,0.941767,0.002863,-1.5e-05,66,4992,0,459,0,0,3881,6,-22,361632,223370,234608,459,108,-71
110.484,03:57:55.484,43.564124334,1.481278371,0.,-0.,-0.,-0.,1.,-0.,-0.,-0.,-0.,-8.,0.,0.,0.,-8.,0.,0.,39.999996,0.,0.,0.,0.,0.,0.,0.,0.,0.,0.,0.,0.912235,0.001311,-3.2e-05,4590.76709,5100.174316,5270.786621,4814.26123,0.047738,-13.523056,-5.517499,-0.59025,27.086857,11.032866,-0.019353,0.012231,-0.016193,0.892883,0.013542,-0.016225,0.847655,-0.,0.,66,4915,0,505,0,0,3844,30,-14,329775,263195,285656,506,142,-42
110.734,03:57:55.734,43.564125143,1.481280064,0.,-0.,-0.,-0.,1.,-0.,-0.,-0.,-0.,-8.,0.,0.,0.,-8.,0.,0.,39.999996,0.,0.,0.,0.,0.,0.,0.,0.,0.,0.,0.,0.831441,0.000204,-4e-06,4136.285645,4977.56543,4253.067383,4809.071777,1.261431,-3.993856,0.723968,-3.858799,8.00046,-1.448228,-0.038823,0.016326,-0.017942,0.792618,0.016529,-0.017946,0.764637,-0.,0.,67,4837,0,534,0,0,3469,51,-83,252624,204696,371015,535,165,-7
110.984,03:57:55.984,43.564125986,1.481281611,0.,-0.,-0.,-0.,1.,-0.,-0.,-0.,-0.,-8.,0.,0.,0.,-8.,0.,0.,39.999996,0.,0.,0.,0.,0.,0.,0.,0.,0.,0.,0.,0.753458,0.000487,-0.007156,3101.253418,5451.67041,4233.97168,5105.095215,2.908328,-20.710104,-11.006001,-7.53289,41.479572,21.405014,-0.036598,0.031121,-0.001078,0.716861,0.031608,-0.008234,0.720746,0.00299,-0.042288,67,4547,0,555,0,0,3093,114,-17,72657,242342,320230,555,189,25
111.234,03:57:56.234,43.564126830,1.481283448,0.,-0.,-0.,-0.,1.,-0.,-0.,-0.,-0.,-8.,0.,0.,0.,-8.,0.,0.,39.999996,0.,0.,0.,0.,0.,0.,0.,0.,0.,0.,0.,0.705827,0.00148,-0.024064,4168.231445,4514.525391,4851.689941,4477.54248,-0.025139,-10.086178,-9.050655,-1.17628,20.106989,19.007954,-0.014485,0.029463,-0.035087,0.691342,0.030943,-0.05915,0.639574,-0.000199,-0.00384,67,4487,0,557,0,0,2903,176,-163,-73367,205804,372582,557,213,63
111.484,03:57:56.484,43.564127674,1.481285575,0.,-0.,-0.,-0.,1.,-0.,-0.,-0.,-0.,-8.,0.,0.,0.,-8.,0.,0.,39.999996,0.,0.,0.,0.,0.,0.,0.,0.,0.,0.,0.,0.608384,0.000276,-0.006624,4180.316895,4604.620117,4629.359863,4785.693359,0.52418,-3.751574,-8.821638,-1.900365,7.51973,17.376686,-0.029905,0.011314,-0.015926,0.578478,0.011589,-0.02255,0.507958,-0.,0.,67,4521,0,539,0,0,2669,84,-128,-228426,241621,392584,539,237,107
111.734,03:57:56.734,43.564128342,1.481286784,0.,-0.,-0.,-0.,1.,-0.,-0.,-0.,-0.,-8.,0.,0.,0.,-8.,0.,0.,39.999996,0.,0.,0.,0.,0.,0.,0.,0.,0.,0.,0.,0.472217,3.5e-05,-0.000965,4537.194824,4405.09375,5393.216309,3864.486084,-1.499359,-19.552809,-4.415795,4.282012,39.108147,8.768319,-0.051024,0.006599,-0.04282,0.421193,0.006634,-0.043785,0.350647,-0.,0.,68,4548,0,500,0,0,2091,14,-123,-430472,249584,405609,499,256,132
111.984,03:57:56.984,43.564129502,1.481288670,0.,-0.,-0.,-0.,1.,-0.,-0.,-0.,-0.,-8.,0.,0.,0.,-8.,0.,0.,39.999996,0.,0.,0.,0.,0.,0.,0.,0.,0.,0.,0.,0.315744,4e-06,-0.000116,3909.837891,5158.902832,4665.948242,4465.301758,0.946483,-20.295954,-0.875139,-2.481822,40.592216,1.741525,-0.058554,0.011855,-0.029776,0.257189,0.011859,-0.029891,0.192563,-0.,0.,68,4549,0,440,0,0,1427,23,-120,-520682,333085,372317,439,289,171
112.234,03:57:57.234,43.564130451,1.481290265,0.,-0.,-0.,-0.,1.,-0.,-0.,-0.,-0.,-8.,0.,0.,0.,-8.,0.,0.,39.999996,0.,0.,0.,0.,0.,0.,0.,0.,0.,0.,0.,0.202815,0.014768,-0.096827,3951.475586,5884.979004,3561.974121,4117.5625,2.247085,-19.290819,30.196871,-5.184085,37.791645,-56.014664,-0.034374,0.03769,-0.099032,0.168441,0.052458,-0.195859,0.176131,0.000765,-0.096208,68,4445,0,365,0,0,801,0,-160,-691795,326733,303430,365,316,204
112.484,03:57:57.484,43.564131471,1.481291861,0.,-0.,-0.,-0.,1.,-0.,-0.,-0.,-0.,-8.,0.,0.,0.,-8.,0.,0.,39.999996,0.,0.,0.,0.,0.,0.,0.,0.,0.,0.,0.,0.179589,-0.056572,-0.049459,874.424072,6133.677734,3478.693359,7029.195312,7.953218,-23.922522,-48.997013,-23.61006,50.582199,96.66317,0.019988,-0.032062,0.009155,0.199576,-0.088634,-0.040304,0.176026,-0.10968,0.002578,68,4375,0,273,0,0,751,124,-990,-833173,292562,212791,272,345,237
112.734,03:57:57.734,43.564132526,1.481292683,0.,-0.,-0.,-0.,1.,-0.,-0.,-0.,-0.,-8.,0.,0.,0.,-8.,0.,0.,39.999996,0.,0.,0.,0.,0.,0.,0.,0.,0.,0.,0.,0.177671,-0.073651,-0.005997,6073.322266,7175.133789,6312.30127,6163.229492,0.860105,-17.512373,10.820966,-2.628744,33.957451,-22.096766,0.04132,0.014915,0.003111,0.218991,-0.058736,-0.002885,0.178171,-0.065396,0.002662,69,4879,0,155,0,0,859,-550,155,-1075111,398393,174189,154,375,254
112.984,03:57:57.984,43.564134459,1.481293843,0.,-0.,-0.,-0.,1.,-0.,-0.,-0.,-0.,-8.,0.,0.,0.,-8.,0.,0.,39.999996,0.,0.,0.,0.,0.,0.,0.,0.,0.,0.,0.,0.17815,-0.04013,0.000502,5125.274902,6711.389648,6036.629883,7874.692383,3.091262,3.52727,-29.04521,-9.277512,-7.232423,58.00951,0.038752,-0.190788,0.049001,0.216903,-0.230918,0.049503,0.178228,-0.003842,0.000148,69,6351,0,44,0,0,903,-171,15,-617709,577220,267070,43,430,278
113.234,03:57:58.234,43.564135584,1.481294181,0.,-0.,-0.,-0.,1.,-0.,-0.,-0.,-0.,-8.,0.,0.,0.,-8.,0.,0.,39.999996,0.,0.,0.,0.,0.,0.,0.,0.,0.,0.,0.,0.178221,-0.009039,0.000247,5770.303711,5791.064453,5982.912109,6063.706055,0.091687,0.840464,-6.793501,-0.278785,-2.025285,13.591025,0.037202,0.019248,0.002022,0.215423,0.01021,0.00227,0.178229,-0.,0.,69,6080,0,64,0,0,900,-290,105,503584,647691,187957,64,462,285
113.484,03:57:58.484,43.564137096,1.481295487,0.,-0.,-0.,-0.,1.,-0.,-0.,-0.,-0.,-8.,0.,0.,0.,-8.,0.,0.,39.999996,0.,0.,0.,0.,0.,0.,0.,0.,0.,0.,0.,0.178233,-9.7e-05,3e-06,5346.669922,6032.029785,5935.496094,6269.791016,0.920524,-4.914919,-11.572215,-2.765296,12.483758,23.066319,0.029521,-0.000979,0.006954,0.207754,-0.001076,0.006958,0.178211,0.034592,-0.001022,69,5902,0,161,0,0,866,-77,-13,911753,480312,258702,162,505,312
113.734,03:57:58.734,43.564139135,1.481296647,0.,-0.,-0.,-0.,1.,-0.,-0.,-0.,-0.,-8.,0.,0.,0.,-8.,0.,0.,39.999996,0.,0.,0.,0.,0.,0.,0.,0.,0.,0.,0.,0.177765,0.151238,-0.003952,4656.440918,6486.374023,6503.665039,5185.506836,0.462,-44.073292,-7.649004,-1.352472,80.420334,15.516637,0.02259,0.096696,0.001722,0.200355,0.247934,-0.00223,0.177904,0.171028,-0.003786,70,5898,0,294,0,0,839,95,41,1190520,555753,265663,296,563,336
113.984,03:57:58.984,43.564140612,1.481296502,0.,-0.,-0.,-0.,1.,-0.,-0.,-0.,-0.,-8.,0.,0.,0.,-8.,0.,0.,39.999996,0.,0.,0.,0.,0.,0.,0.,0.,0.,0.,0.,0.178,0.112269,-0.002961,4150.281738,4121.055176,4969.176758,4771.476074,-0.204859,-2.358643,-20.570427,0.610851,4.717285,41.130085,0.023054,0.011252,0.017416,0.201054,0.123521,0.014455,0.178204,0.04613,-0.001053,70,4884,0,432,0,0,820,1343,89,1324757,341140,113592,433,605,333
114.234,03:57:59.234,43.564141667,1.481296937,0.,-0.,-0.,-0.,1.,-0.,-0.,-0.,-0.,-8.,0.,0.,0.,-8.,0.,0.,39.999996,0.,0.,0.,0.,0.,0.,0.,0.,0.,0.,0.,0.17818,0.044584,-0.001057,3932.758545,4223.283203,4660.05957,4371.889648,0.002124,-8.101728,-12.262705,-0.010098,16.923368,24.507599,0.019605,-0.081808,0.004152,0.197785,-0.037224,0.003096,0.17822,0.029774,-0.00057,70,4504,0,563,0,0,820,-48,-6,1079313,261273,117897,564,635,342
114.484,03:57:59.484,43.564142862,1.481297227,0.,-0.,-0.,-0.,1.,-0.,-0.,-0.,-0.,-8.,0.,0.,0.,-8.,0.,0.,39.999996,0.,0.,0.,0.,0.,0.,0.,0.,0.,0.,0.,0.178196,0.019819,-0.000406,3112.948242,4008.969727,4279.423828,4070.650146,0.620411,-15.467136,-17.194183,-1.932013,31.037184,34.383476,0.016707,-0.01272,0.022463,0.194904,0.007099,0.022057,0.177228,0.006708,-0.000121,70,4307,0,715,0,0,805,-27,44,956973,337466,112716,716,669,348
114.734,03:57:59.734,43.564144022,1.481297759,0.,-0.,-0.,-0.,1.,-0.,-0.,-0.,-0.,-8.,0.,0.,0.,-8.,0.,0.,39.999996,0.,0.,0.,0.,0.,0.,0.,0.,0.,0.,0.,0.177151,0.007366,-0.000132,4243.249512,4191.650391,4168.976562,4512.113281,0.263197,5.526302,-3.446663,-0.770964,-10.640144,6.886666,0.012935,-0.021957,-0.012411,0.190087,-0.014591,-0.012543,0.176751,0.006708,-8.9e-05,71,3890,0,788,0,0,788,-18,59,451505,350674,152702,788,702,359
114.984,03:57:59.984,43.564145393,1.481298291,0.,-0.,-0.,-0.,1.,-0.,-0.,-0.,-0.,-8.,0.,0.,0.,-8.,0.,0.,39.999996,0.,0.,0.,0.,0.,0.,0.,0.,0.,0.,0.,0.176807,0.005275,-7.1e-05,3981.582031,4892.529785,4605.125,5000.753418,1.179541,-7.214461,-10.244731,-3.538622,14.456978,20.488691,0.011031,0.022853,0.016465,0.187838,0.028128,0.016394,0.176751,0.003845,-4.4e-05,71,4435,0,818,0,0,770,-10,-40,87745,387509,133858,818,741,370
115.234,03:58:0.234,43.564147011,1.481299065,0.,-0.,-0.,-0.,1.,-0.,-0.,-0.,-0.,-8.,0.,0.,0.,-8.,0.,0.,39.999996,0.,0.,0.,0.,0.,0.,0.,0.,0.,0.,0.,0.176757,0.003832,-4.2e-05,4046.079102,4816.879395,4552.279785,5160.752441,1.245168,-2.272581,-11.901038,-3.73923,4.557968,23.801813,0.009528,0.014624,0.000505,0.186285,0.018456,0.000462,0.176751,0.002863,-2.8e-05,71,4626,0,818,0,0,765,132,60,-33939,415247,187728,818,787,386
115.484,03:58:0.484,43.564148593,1.481299935,0.,-0.,-0.,-0.,1.,-0.,-0.,-0.,-0.,-8.,0.,0.,0.,-8.,0.,0.,39.999996,0.,0.,0.,0.,0.,0.,0.,0.,0.,0.,0.,0.176746,0.007514,-6.8e-05,4066.568359,4613.432617,4584.087402,5355.900879,1.19048,3.149292,-17.63982,-3.567715,-5.733503,35.27393,0.008296,0.02164,0.005904,0.185042,0.029154,0.005836,0.176746,0.033624,-0.000298,71,4651,0,801,0,0,760,114,31,-210865,416199,175323,801,832,404
115.734,03:58:0.734,43.564150280,1.481300902,0.,-0.,-0.,-0.,1.,-0.,-0.,-0.,-0.,-8.,0.,0.,0.,-8.,0.,0.,39.999996,0.,0.,0.,0.,0.,0.,0.,0.,0.,0.,0.,0.176718,0.074264,-0.000599,3485.794434,4822.943359,5185.328125,5125.923828,1.153524,-19.551746,-28.035196,-3.468021,41.716782,56.054096,0.007464,0.062282,0.012661,0.184182,0.136545,0.012061,0.176617,0.186445,-0.001439,72,4649,0,773,0,0,755,192,-8,-299227,438517,186394,772,880,424
115.984,03:58:0.984,43.564151757,1.481302014,0.,-0.,-0.,-0.,1.,-0.,-0.,-0.,-0.,-8.,0.,0.,0.,-8.,0.,0.,39.999996,0.,0.,0.,0.,0.,0.,0.,0.,0.,0.,0.,0.176667,0.145587,-0.001093,4547.26123,5171.788086,4103.367188,4797.572266,1.19052,0.975493,11.45353,-3.582736,-2.778001,-23.076969,0.006739,0.056069,-0.000964,0.183406,0.201656,-0.002057,0.176531,0.150846,-0.002908,72,4653,0,732,0,0,752,769,-6,-371725,347974,240499,732,922,447
116.234,03:58:1.234,43.564152460,1.481303078,0.,-0.,-0.,-0.,1.,-0.,-0.,-0.,-0.,-8.,0.,0.,0.,-8.,0.,0.,39.999996,0.,0.,0.,0.,0.,0.,0.,0.,0.,0.,0.,0.175208,0.153968,-0.019703,4607.767578,4948.333008,4378.853516,4685.035156,0.583866,-0.481374,6.890963,-1.792577,-0.143663,-14.887405,0.006038,-0.025413,-0.006595,0.181245,0.128555,-0.026298,0.170842,0.143583,-0.082123,72,4654,0,676,0,0,752,626,10,-452398,125210,201347,676,942,469
116.484,03:58:1.484,43.564152671,1.481304093,0.,-0.,-0.,-0.,1.,-0.,-0.,-0.,-0.,-8.,0.,0.,0.,-8.,0.,0.,39.999996,0.,0.,0.,0.,0.,0.,0.,0.,0.,0.,0.,0.172547,0.144151,-0.058604,5489.30957,4472.591797,5267.796875,4710.290527,-1.421165,6.428958,-0.226605,4.34545,-13.237895,1.482322,0.006354,-0.057692,-0.043503,0.178901,0.086459,-0.102107,0.174352,0.126829,-0.037781,72,4658,0,607,0,0,730,497,-273,-593071,26132,204296,607,948,490
116.734,03:58:1.734,43.564152460,1.481304480,0.,-0.,-0.,-0.,1.,-0.,-0.,-0.,-0.,-8.,0.,0.,0.,-8.,0.,0.,39.999996,0.,0.,0.,0.,0.,0.,0.,0.,0.,0.,0.,0.173848,0.132377,-0.043433,5341.168457,5030.457031,4804.018555,4856.345703,-0.233261,5.082534,9.957658,0.684882,-10.027233,-20.085747,0.005797,-0.052081,0.005773,0.179645,0.080296,-0.037661,0.174487,0.128654,-0.035142,73,4982,0,543,0,0,731,357,-246,-522097,-42463,56349,542,942,498
116.984,03:58:1.984,43.564152073,1.481304866,0.,-0.,-0.,-0.,1.,-0.,-0.,-0.,-0.,-8.,0.,0.,0.,-8.,0.,0.,39.999996,0.,0.,0.,0.,0.,0.,0.,0.,0.,0.,0.,0.17393,0.12607,-0.044783,5340.308105,5532.039062,5499.873535,5587.768555,0.252455,-1.453698,-3.014131,-0.764815,2.773285,5.915573,0.004541,-0.056358,-0.003899,0.17847,0.069712,-0.048681,0.173569,0.117087,-0.054282,73,5013,0,451,0,0,735,315,-201,-676686,-86172,77968,450,931,506
117.234,03:58:2.234,43.564151546,1.481304625,0.,-0.,-0.,-0.,1.,-0.,-0.,-0.,-0.,-8.,0.,0.,0.,-8.,0.,0.,39.999996,0.,0.,0.,0.,0.,0.,0.,0.,0.,0.,0.,0.173895,0.1164,-0.049026,5122.967773,5617.348145,5510.48584,5873.185547,0.773753,-1.843525,-9.006968,-2.321259,3.8491,18.132214,0.003322,-0.063498,-0.018023,0.177217,0.052902,-0.067048,0.174322,0.111443,-0.043541,73,5451,0,379,0,0,728,268,-268,-514151,-93195,-13339,379,916,501
117.484,03:58:2.484,43.564151089,1.481304286,0.,-0.,-0.,-0.,1.,-0.,-0.,-0.,-0.,-8.,0.,0.,0.,-8.,0.,0.,39.999996,0.,0.,0.,0.,0.,0.,0.,0.,0.,0.,0.,0.174062,0.122848,-0.043867,5434.827637,5531.884766,5411.348633,5725.926758,0.371621,3.045299,-2.387876,-1.040356,-7.066624,5.52826,0.001665,-0.047764,-0.001967,0.175727,0.075084,-0.045833,0.174836,0.132629,-0.028833,73,5529,0,330,0,0,723,227,-197,-289356,-85763,-57382,330,903,494
117.734,03:58:2.734,43.564150561,1.481303658,0.,-0.,-0.,-0.,1.,-0.,-0.,-0.,-0.,-8.,0.,0.,0.,-8.,0.,0.,39.999996,0.,0.,0.,0.,0.,0.,0.,0.,0.,0.,0.,0.174697,0.124892,-0.0328,5139.418945,5197.779297,5151.505371,5883.285645,0.713322,9.427875,-9.766289,-2.154867,-18.717913,19.32303,0.000358,-0.042301,0.020388,0.175055,0.082592,-0.012411,0.174798,0.126918,-0.030731,74,5526,0,299,0,0,717,403,-139,-121827,-111564,-78130,299,888,481
117.984,03:58:2.984,43.564149893,1.481302981,0.,-0.,-0.,-0.,1.,-0.,-0.,-0.,-0.,-8.,0.,0.,0.,-8.,0.,0.,39.999996,0.,0.,0.,0.,0.,0.,0.,0.,0.,0.,0.,0.174741,0.125572,-0.031959,4880.126953,5322.149414,5458.492188,5711.220703,0.627206,-2.650117,-13.544107,-1.922597,5.758444,26.674707,-0.001625,-0.033866,0.009951,0.173116,0.091706,-0.022008,0.1741,0.131744,-0.040179,74,5348,0,291,0,0,715,376,-62,25550,-164475,-70139,291,869,467
118.234,03:58:3.234,43.564149015,1.481302594,0.,-0.,-0.,-0.,1.,-0.,-0.,-0.,-0.,-8.,0.,0.,0.,-8.,0.,0.,39.999996,0.,0.,0.,0.,0.,0.,0.,0.,0.,0.,0.,0.172963,0.141236,-0.05193,4721.308105,5560.368164,5095.545898,5994.766602,1.569276,0.842259,-11.320901,-4.637046,-2.191158,23.408279,-0.003845,-0.019559,-0.005267,0.169118,0.121677,-0.057197,0.171439,0.158945,-0.066682,74,5344,0,299,0,0,704,406,-149,136655,-214779,14274,299,844,459
118.484,03:58:3.484,43.564147890,1.481301917,0.,-0.,-0.,-0.,1.,-0.,-0.,-0.,-0.,-8.,0.,0.,0.,-8.,0.,0.,39.999996,0.,0.,0.,0.,0.,0.,0.,0.,0.,0.,0.,0.173057,0.147226,-0.049473,5199.801758,5130.904785,5105.835938,5935.446289,0.686753,12.579103,-9.94805,-2.127313,-24.670195,19.173395,-0.003126,-0.018122,0.018613,0.169931,0.129105,-0.030859,0.172352,0.151174,-0.058072,74,5342,0,321,0,0,689,579,-258,251572,-297964,-93948,321,812,445
118.734,03:58:3.734,43.564146483,1.481301289,0.,-0.,-0.,-0.,1.,-0.,-0.,-0.,-0.,-8.,0.,0.,0.,-8.,0.,0.,39.999996,0.,0.,0.,0.,0.,0.,0.,0.,0.,0.,0.,0.171893,0.157377,-0.060657,5127.066895,5227.143555,5164.582031,5853.196777,0.71201,8.239534,-9.289955,-2.285043,-16.300255,17.028328,-0.003428,-0.023433,0.003578,0.168465,0.133944,-0.057079,0.167291,0.180241,-0.104592,75,5342,0,356,0,0,693,452,-178,373958,-346630,-90248,356,772,432
118.984,03:58:3.984,43.564144796,1.481300612,0.,-0.,-0.,-0.,1.,-0.,-0.,-0.,-0.,-8.,0.,0.,0.,-8.,0.,0.,39.999996,0.,0.,0.,0.,0.,0.,0.,0.,0.,0.,0.,0.167024,0.177725,-0.107567,5186.624512,5359.203613,5266.262695,5559.898438,0.4209,1.694795,-3.924654,-1.147215,-4.522078,8.402513,-0.005399,-0.020522,-0.028637,0.161625,0.157203,-0.136204,0.165428,0.175388,-0.12861,75,5342,0,400,0,0,675,632,-342,440843,-450194,-120314,401,724,418
119.234,03:58:4.234,43.564142651,1.481299645,0.,-0.,-0.,-0.,1.,-0.,-0.,-0.,-0.,-8.,0.,0.,0.,-8.,0.,0.,39.999996,0.,0.,0.,0.,0.,0.,0.,0.,0.,0.,0.,0.168001,0.149839,-0.107776,5219.60498,5539.729492,4899.476074,5713.178223,1.023593,6.91008,2.053529,-3.07823,-13.80526,-4.103333,-0.000814,-0.02755,-0.009728,0.167187,0.122289,-0.117504,0.174396,0.086954,-0.054121,75,5342,0,456,0,0,661,616,-570,510108,-545685,-221607,457,663,398
119.484,03:58:4.484,43.564140260,1.481297856,0.,-0.,-0.,-0.,1.,-0.,-0.,-0.,-0.,-8.,0.,0.,0.,-8.,0.,0.,39.999996,0.,0.,0.,0.,0.,0.,0.,0.,0.,0.,0.,0.174439,0.050667,-0.055472,5644.016602,5237.141113,4570.480957,5920.350586,0.851322,24.594435,5.464562,-2.647099,-47.556263,-11.164748,0.000943,-0.116937,0.051226,0.175382,-0.066269,-0.004246,0.176719,0.002896,-0.022085,75,5342,0,520,0,0,707,152,-161,590652,-597287,-326030,521,595,361
119.734,03:58:4.734,43.564138081,1.481296019,0.,-0.,-0.,-0.,1.,-0.,-0.,-0.,-0.,-8.,0.,0.,0.,-8.,0.,0.,39.999996,0.,0.,0.,0.,0.,0.,0.,0.,0.,0.,0.,0.176403,0.009303,-0.019102,4693.571289,4711.009277,4436.651855,5510.756348,0.985418,14.793329,-7.599598,-2.978605,-28.989914,14.45507,-0.000285,-0.054102,0.054324,0.176118,-0.044798,0.035223,0.176716,0.003853,-0.018243,76,5339,0,592,0,0,720,-299,65,646854,-443742,-244045,593,533,323
119.984,03:58:4.984,43.564136569,1.481294617,0.,-0.,-0.,-0.,1.,-0.,-0.,-0.,-0.,-8.,0.,0.,0.,-8.,0.,0.,39.999996,0.,0.,0.,0.,0.,0.,0.,0.,0.,0.,0.,0.176675,0.006603,-0.014082,3711.760254,4812.354004,5272.279785,5411.596191,1.119377,-13.457881,-30.236675,-3.365581,27.510178,60.551582,1.5e-05,0.007282,0.047429,0.17669,0.013885,0.033347,0.176648,0.023971,-0.008592,76,4859,0,671,0,0,720,-65,69,622057,-287990,-139932,672,490,294
120.234,03:58:5.234,43.564135866,1.481294036,0.,-0.,-0.,-0.,1.,-0.,-0.,-0.,-0.,-8.,0.,0.,0.,-8.,0.,0.,39.999996,0.,0.,0.,0.,0.,0.,0.,0.,0.,0.,0.,0.175711,0.047248,-0.030366,4141.287598,4642.376953,5098.282227,5326.043457,0.657993,-3.82659,-22.969257,-1.992605,7.861796,46.069832,-0.000311,0.040323,0.021857,0.1754,0.087571,-0.008508,0.173241,0.117224,-0.059804,76,4803,0,722,0,0,722,215,-130,641491,-236047,-99845,722,470,282
120.484,03:58:5.484,43.564134635,1.481293166,0.,-0.,-0.,-0.,1.,-0.,-0.,-0.,-0.,-8.,0.,0.,0.,-8.,0.,0.,39.999996,0.,0.,0.,0.,0.,0.,0.,0.,0.,0.,0.,0.174068,0.098465,-0.050842,4556.811523,4325.024902,4962.802246,5363.351562,0.152356,8.852698,-20.220446,-0.460794,-18.452318,40.168945,-8e-05,0.062582,-0.004713,0.173988,0.161048,-0.055555,0.172796,0.117334,-0.067317,76,4801,0,798,0,0,710,626,-232,586496,-294335,-123423,799,435,264
120.734,03:58:5.734,43.564133194,1.481292586,0.,-0.,-0.,-0.,1.,-0.,-0.,-0.,-0.,-8.,0.,0.,0.,-8.,0.,0.,39.999996,0.,0.,0.,0.,0.,0.,0.,0.,0.,0.,0.,0.171816,0.112391,-0.086026,3976.401611,5173.246582,4736.93457,5321.407227,1.608121,-8.573203,-12.721724,-4.809461,17.369923,26.033905,-0.001283,0.017189,-0.011381,0.170533,0.129579,-0.097407,0.169244,0.132013,-0.113447,77,4801,0,845,0,0,708,569,-256,421725,-376034,-109591,845,394,252
120.984,03:58:5.984,43.564132455,1.481292199,0.,-0.,-0.,-0.,1.,-0.,-0.,-0.,-0.,-8.,0.,0.,0.,-8.,0.,0.,39.999996,0.,0.,0.,0.,0.,0.,0.,0.,0.,0.,0.,0.170216,0.116129,-0.111971,4127.842285,4903.293945,4913.054688,5263.799805,1.016702,-5.945893,-16.040052,-3.03893,11.95884,32.288719,1e-06,-0.002723,-0.005482,0.170217,0.113406,-0.117454,0.170064,0.113871,-0.11719,77,4801,0,846,0,0,698,514,-416,50366,-214016,-41117,846,373,244
121.234,03:58:6.234,43.564129537,1.481290169,0.,-0.,-0.,-0.,1.,-0.,-0.,-0.,-0.,-8.,0.,0.,0.,-8.,0.,0.,39.999996,0.,0.,0.,0.,0.,0.,0.,0.,0.,0.,0.,0.171574,0.103529,-0.096015,4841.712402,4020.575928,4947.232422,5398.469727,-0.333937,17.813234,-20.767803,0.748493,-32.752407,38.944668,0.00075,-0.023108,0.023507,0.172324,0.080421,-0.072508,0.17036,0.130034,-0.098081,77,4801,0,876,0,0,695,376,-430,151554,-578848,-313605,877,290,202
121.484,03:58:6.484,43.564127217,1.481288283,0.,-0.,-0.,-0.,1.,-0.,-0.,-0.,-0.,-8.,0.,0.,0.,-8.,0.,0.,39.999996,0.,0.,0.,0.,0.,0.,0.,0.,0.,0.,0.,0.171268,0.1183,-0.091199,4087.099121,4563.071289,4977.929199,5579.890625,0.973133,1.763857,-26.707102,-2.878421,-4.310025,53.568802,-0.001344,-0.006598,0.036287,0.169925,0.111703,-0.054912,0.172219,0.106155,-0.085255,77,4801,0,885,0,0,703,288,-91,98180,-616776,-360076,885,224,163
121.734,03:58:6.734,43.564124967,1.481286397,0.,-0.,-0.,-0.,1.,-0.,-0.,-0.,-0.,-8.,0.,0.,0.,-8.,0.,0.,39.999996,0.,0.,0.,0.,0.,0.,0.,0.,0.,0.,0.,0.172072,0.107612,-0.086405,4514.416992,4578.522461,4871.512207,5243.538086,0.393729,4.310884,-14.30955,-1.181187,-8.65902,28.600473,0.000317,-0.036014,0.029319,0.172389,0.071597,-0.057085,0.172587,0.097328,-0.085454,78,4801,0,879,0,0,704,432,-247,-384,-592269,-295462,879,160,124
121.984,03:58:6.984,43.564122928,1.481284753,0.,-0.,-0.,-0.,1.,-0.,-0.,-0.,-0.,-8.,0.,0.,0.,-8.,0.,0.,39.999996,0.,0.,0.,0.,0.,0.,0.,0.,0.,0.,0.,0.172702,0.097756,-0.082485,3906.329102,4847.088379,4943.912598,5510.660156,1.360942,-5.236169,-23.816175,-4.0791,10.371756,47.664017,0.000477,-0.025483,0.024626,0.17318,0.072273,-0.057859,0.17346,0.086689,-0.075856,78,4801,0,867,0,0,706,278,-253,-147428,-501553,-261317,867,102,90
122.234,03:58:7.234,43.564120432,1.481282578,0.,-0.,-0.,-0.,1.,-0.,-0.,-0.,-0.,-8.,0.,0.,0.,-8.,0.,0.,39.999996,0.,0.,0.,0.,0.,0.,0.,0.,0.,0.,0.,0.175187,0.042041,-0.062386,4253.234375,4794.581055,4712.51123,5447.663574,1.152389,2.713277,-15.573034,-3.498146,-4.412344,31.373312,0.002487,-0.057776,0.023764,0.177674,-0.015736,-0.038622,0.176752,-4.3e-05,-0.035588,78,4801,0,842,0,0,719,196,-216,-187407,-558943,-320994,842,31,45
122.484,03:58:7.484,43.564118357,1.481280692,0.,-0.,-0.,-0.,1.,-0.,-0.,-0.,-0.,-8.,0.,0.,0.,-8.,0.,0.,39.999996,0.,0.,0.,0.,0.,0.,0.,0.,0.,0.,0.,0.176507,0.006835,-0.045047,4307.814941,4665.939453,5139.603516,5094.631836,0.282703,-5.643338,-17.646734,-0.870462,11.881325,35.123966,0.002265,-0.03189,0.030114,0.178772,-0.025055,-0.014934,0.176687,0.002766,-0.046148,78,4801,0,812,0,0,730,-231,-111,-283611,-450810,-304328,812,-28,6
122.734,03:58:7.734,43.564116775,1.481279145,0.,-0.,-0.,-0.,1.,-0.,-0.,-0.,-0.,-8.,0.,0.,0.,-8.,0.,0.,39.999996,0.,0.,0.,0.,0.,0.,0.,0.,0.,0.,0.,0.17547,0.045468,-0.053514,4546.410645,4541.392578,5290.760254,4829.426758,-0.421006,-6.388419,-14.453383,1.263019,13.61689,29.455317,-0.000182,0.014601,-0.019849,0.175289,0.060069,-0.073363,0.173815,0.126913,-0.046205,79,4801,0,775,0,0,726,-29,-163,-348156,-315569,-228423,774,-73,-26
122.984,03:58:7.984,43.564115685,1.481277453,0.,-0.,-0.,-0.,1.,-0.,-0.,-0.,-0.,-8.,0.,0.,0.,-8.,0.,0.,39.999996,0.,0.,0.,0.,0.,0.,0.,0.,0.,0.,0.,0.174997,0.097783,-0.035587,5022.366211,4681.82959,4501.625488,4982.168945,0.126397,11.495111,3.085622,-0.356839,-24.269857,-5.986842,0.000449,0.062423,0.016646,0.175446,0.160207,-0.018941,0.176757,0.079767,0.000135,79,4801,0,729,0,0,712,629,-208,-456134,-315472,-318507,729,-104,-61
123.234,03:58:8.234,43.564114068,1.481275857,0.,-0.,-0.,-0.,1.,-0.,-0.,-0.,-0.,-8.,0.,0.,0.,-8.,0.,0.,39.999996,0.,0.,0.,0.,0.,0.,0.,0.,0.,0.,0.,0.176398,0.038693,-0.006831,4590.555176,4680.568359,4134.717773,5802.148438,1.586579,22.083839,-9.320401,-4.774639,-42.935539,18.270601,0.000619,-0.048093,0.014874,0.177017,-0.0094,0.008043,0.176751,-0.,0.,79,4800,0,674,0,0,722,352,-49,-488201,-415504,-242438,674,-150,-94
123.484,03:58:8.484,43.564112591,1.481274504,0.,-0.,-0.,-0.,1.,-0.,-0.,-0.,-0.,-8.,0.,0.,0.,-8.,0.,0.,39.999996,0.,0.,0.,0.,0.,0.,0.,0.,0.,0.,0.,0.175599,0.005974,-0.000897,5229.839355,4211.623535,4881.799805,4864.727539,-0.93463,14.016013,-4.270904,2.133339,-27.656471,8.478404,0.002317,-0.029386,-0.005815,0.177916,-0.023412,-0.006712,0.162301,-0.,0.,79,4801,0,614,0,0,730,-181,3,-475244,-316372,-170288,613,-192,-122
123.734,03:58:8.734,43.564111396,1.481273585,0.,-0.,-0.,-0.,1.,-0.,-0.,-0.,-0.,-8.,0.,0.,0.,-8.,0.,0.,39.999996,0.,0.,0.,0.,0.,0.,0.,0.,0.,0.,0.,0.163382,0.000731,-0.000103,4429.518555,4821.501953,4833.175293,5103.794434,0.598178,-1.699102,-9.603292,-1.675326,3.452672,19.198536,-0.004551,0.004495,-0.016014,0.158831,0.005227,-0.016116,0.158461,-0.,0.,80,4800,0,547,0,0,686,-1,-35,-534749,-220235,-95781,547,-226,-141
123.984,03:58:8.984,43.564110587,1.481272860,0.,-0.,-0.,-0.,1.,-0.,-0.,-0.,-0.,-8.,0.,0.,0.,-8.,0.,0.,39.999996,0.,0.,0.,0.,0.,0.,0.,0.,0.,0.,0.,0.150989,8.1e-05,-1.1e-05,4756.54834,4209.947754,4956.067383,5265.426758,-0.214171,11.983451,-17.569973,0.467424,-23.960398,35.139042,-0.005027,0.023557,-0.016873,0.145962,0.023638,-0.016884,0.133051,-0.,0.,80,4796,0,473,0,0,638,56,-63,-608038,-142915,-82676,473,-249,-156
124.234,03:58:9.234,43.564110060,1.481272473,0.,-0.,-0.,-0.,1.,-0.,-0.,-0.,-0.,-8.,0.,0.,0.,-8.,0.,0.,39.999996,0.,0.,0.,0.,0.,0.,0.,0.,0.,0.,0.,0.126581,8e-06,-1e-06,4673.147461,4619.520996,4841.013672,5054.308105,0.144142,3.736892,-8.437155,-0.46223,-7.473074,16.874214,-0.00895,0.022744,-0.023476,0.117631,0.022753,-0.023477,0.104931,-0.,0.,80,4796,0,397,0,0,548,89,-100,-628644,-89280,-36573,396,-264,-164
124.484,03:58:9.484,43.564109673,1.481272328,0.,-0.,-0.,-0.,1.,-0.,-0.,-0.,-0.,-8.,0.,0.,0.,-8.,0.,0.,39.999996,0.,0.,0.,0.,0.,0.,0.,0.,0.,0.,0.,0.099819,-0.026014,0.000188,4044.845703,5103.46582,5238.124023,5245.553223,0.9624,-14.716673,-18.695124,-2.47928,23.736446,37.382259,-0.00922,0.041921,-0.024191,0.090599,0.015907,-0.024003,0.087288,-0.202075,0.000761,80,4797,0,305,0,0,431,87,-93,-729985,-53670,3485,305,-275,-167
124.734,03:58:9.734,43.564109498,1.481272328,0.,-0.,-0.,-0.,1.,-0.,-0.,-0.,-0.,-8.,0.,0.,0.,-8.,0.,0.,39.999996,0.,0.,0.,0.,0.,0.,0.,0.,0.,0.,0.,0.089249,-0.152295,0.000343,5672.112305,5631.810059,4948.485352,6015.580078,0.92695,15.503558,4.757986,-2.657916,-25.951899,-9.513542,0.000924,-0.081641,-0.034666,0.090173,-0.233936,-0.034323,0.087348,-0.108728,0.000311,81,4903,0,214,0,0,365,-483,-82,-735075,48992,39421,213,-280,-167
124.984,03:58:9.984,43.564110201,1.481272376,0.,-0.,-0.,-0.,1.,-0.,-0.,-0.,-0.,-8.,0.,0.,0.,-8.,0.,0.,39.999996,0.,0.,0.,0.,0.,0.,0.,0.,0.,0.,0.,0.087591,-0.055238,0.000112,4810.237305,5643.257812,6066.907227,5583.585449,0.315693,-18.428783,-16.757963,-0.928452,34.91576,33.520149,0.003055,0.162167,-0.019311,0.090646,0.106929,-0.019199,0.087365,-0.,0.,81,5519,0,119,0,0,368,-378,-68,-708488,353522,20429,118,-260,-166
125.234,03:58:10.234,43.564111291,1.481272618,0.,-0.,-0.,-0.,1.,-0.,-0.,-0.,-0.,-8.,0.,0.,0.,-8.,0.,0.,39.999996,0.,0.,0.,0.,0.,0.,0.,0.,0.,0.,0.,0.087389,-0.00834,1.7e-05,6943.504883,4775.928223,4290.173828,6046.380859,-0.371363,54.932961,19.360313,1.115951,-110.398407,-38.719551,0.011509,-0.057081,-0.067158,0.098899,-0.065421,-0.067141,0.087365,-0.,0.,81,5518,0,45,0,0,374,617,-114,-471712,268408,66591,44,-229,-161
125.484,03:58:10.484,43.564112486,1.481272135,0.,-0.,-0.,-0.,1.,-0.,-0.,-0.,-0.,-8.,0.,0.,0.,-8.,0.,0.,39.999996,0.,0.,0.,0.,0.,0.,0.,0.,0.,0.,0.,0.087368,-0.001012,2e-06,5227.304199,5434.754883,4989.194824,5320.736328,0.486605,1.737271,4.929798,-1.457953,-3.550444,-9.859445,0.003597,0.06051,-0.012988,0.090965,0.059497,-0.012986,0.087365,-0.,0.,81,5511,0,51,0,0,382,-66,-162,419072,350087,-141196,51,-195,-171
125.734,03:58:10.734,43.564112380,1.481271941,0.,-0.,-0.,-0.,1.,-0.,-0.,-0.,-0.,-8.,0.,0.,0.,-8.,0.,0.,39.999996,0.,0.,0.,0.,0.,0.,0.,0.,0.,0.,0.,0.087366,-0.000111,0.,4693.383789,4939.084473,4608.733398,5154.788574,0.714778,4.204967,-1.834743,-2.144334,-8.418932,3.669504,0.001012,0.030682,-0.018935,0.088378,0.030571,-0.018934,0.087365,-0.,0.,82,4997,0,95,0,0,363,92,-144,435144,135511,-46915,95,-198,-175
125.984,03:58:10.984,43.564112697,1.481271409,0.,-0.,-0.,-0.,1.,-0.,-0.,-0.,-0.,-8.,0.,0.,0.,-8.,0.,0.,39.999996,0.,0.,0.,0.,0.,0.,0.,0.,0.,0.,0.,0.087366,-1.2e-05,0.,4991.354492,4304.473145,5069.508301,5030.654297,-0.655174,9.072382,-11.260691,1.965521,-18.145741,22.521383,0.003448,0.023856,0.011696,0.090815,0.023845,0.011696,0.087365,-0.,0.,82,4855,0,148,0,0,367,187,87,638959,150102,-112735,148,-189,-186
126.234,03:58:11.234,43.564113224,1.481270974,0.,-0.,-0.,-0.,1.,-0.,-0.,-0.,-0.,-8.,0.,0.,0.,-8.,0.,0.,39.999996,0.,0.,0.,0.,0.,0.,0.,0.,0.,0.,0.,0.073859,-1e-06,0.,4941.610352,4665.026855,4611.46582,5037.885742,0.13527,9.842045,-0.597981,-1.009308,-19.684191,1.195962,-0.004387,0.023189,0.001707,0.069471,0.023188,0.001707,0.039501,-0.,0.,82,4846,0,200,0,0,362,125,43,353588,163117,-24564,200,-174,-195
126.484,03:58:11.484,43.564113716,1.481270829,0.,-0.,-0.,-0.,1.,-0.,-0.,-0.,-0.,-8.,0.,0.,0.,-8.,0.,0.,39.999996,0.,0.,0.,0.,0.,0.,0.,0.,0.,0.,0.,0.02357,-0.,0.,4635.027344,4727.418457,4995.422363,4898.120117,-0.004436,-2.655712,-7.43535,-0.075166,5.311414,14.870701,-0.024319,0.029201,0.003682,-0.000749,0.029201,0.003682,-0.024418,0.,0.,82,4815,0,230,0,0,166,119,24,218875,169068,4896,230,-160,-198
126.734,03:58:11.734,43.564114279,1.481270829,0.,-0.,-0.,-0.,1.,-0.,-0.,-0.,-0.,-8.,0.,0.,0.,-8.,0.,0.,39.999996,0.,0.,0.,0.,0.,0.,0.,0.,0.,0.,0.,-0.038283,-0.,0.,3891.232422,5191.554199,4853.442383,5319.759766,1.594873,-11.676065,-15.265819,-4.932699,23.352129,30.531637,-0.032568,0.022112,0.001445,-0.070851,0.022112,0.001445,-0.091607,0.,0.,83,4813,0,250,0,0,-133,133,17,118917,181843,36280,250,-144,-198
126.984,03:58:11.984,43.564114701,1.481270926,0.,-0.,-0.,-0.,1.,-0.,-0.,-0.,-0.,-8.,0.,0.,0.,-8.,0.,0.,39.999996,0.,0.,0.,0.,0.,0.,0.,0.,0.,0.,0.,-0.11238,-0.,0.,4610.144043,4716.271973,4788.898926,5092.675293,0.37005,2.767076,-7.772223,-1.767663,-5.534152,15.544446,-0.035303,0.016574,-0.007562,-0.147683,0.016574,-0.007562,-0.189057,0.,0.,83,4813,0,260,0,0,-416,95,3,35289,172308,75670,260,-132,-196
127.234,03:58:12.234,43.564115299,1.481271216,0.,-0.,-0.,-0.,1.,-0.,-0.,-0.,-0.,-8.,0.,0.,0.,-8.,0.,0.,39.999996,0.,0.,0.,0.,0.,0.,0.,0.,0.,0.,0.,-0.215205,-0.,0.,4579.325195,4964.304199,4739.076172,4973.283203,0.558985,-2.110803,-2.362211,-2.202222,4.221605,4.724422,-0.045057,0.015823,-0.008811,-0.260262,0.015823,-0.008811,-0.312202,0.,0.,83,4803,0,262,0,0,-793,76,-13,17867,193018,44381,262,-115,-190
127.484,03:58:12.484,43.564115791,1.481271506,0.,-0.,-0.,-0.,1.,-0.,-0.,-0.,-0.,-8.,0.,0.,0.,-8.,0.,0.,39.999996,0.,0.,0.,0.,0.,0.,0.,0.,0.,0.,0.,-0.34143,-0.,0.,4644.060547,4926.21582,4825.,5212.711914,0.604739,1.477801,-6.544101,-1.925976,-2.955603,13.088202,-0.055208,0.015521,-0.010195,-0.396637,0.015521,-0.010195,-0.452245,0.,0.,83,4838,0,251,0,0,-1296,72,-41,-94097,191580,56183,251,-101,-184
127.734,03:58:12.734,43.564116529,1.481271941,0.,-0.,-0.,-0.,1.,-0.,-0.,-0.,-0.,-8.,0.,0.,0.,-8.,0.,0.,39.999996,0.,0.,0.,0.,0.,0.,0.,0.,0.,0.,0.,-0.479413,-0.,0.,5045.527832,5279.824219,5636.374023,5742.262695,0.307109,-1.797702,-14.745988,-0.422138,3.595404,29.491976,-0.058064,0.001744,-0.014099,-0.537476,0.001744,-0.014099,-0.578507,0.,0.,84,5084,0,233,0,0,-1888,41,-41,-130953,248247,76932,233,-80,-175
127.984,03:58:12.984,43.564116986,1.481272183,0.,-0.,-0.,-0.,1.,-0.,-0.,-0.,-0.,-8.,0.,0.,0.,-8.,0.,0.,39.999996,0.,0.,0.,0.,0.,0.,0.,0.,0.,0.,0.,-0.598757,-0.,0.,4403.210938,5789.379395,5392.555664,6070.842773,1.863741,-9.910336,-17.791302,-5.635927,19.820673,35.582603,-0.044112,0.007777,-0.004645,-0.642869,0.007777,-0.004645,-0.68996,0.,0.,84,5403,0,222,0,0,-2399,25,-37,-2387,203635,27802,222,-67,-170
128.234,03:58:13.234,43.564117970,1.481272521,0.,-0.,-0.,-0.,1.,-0.,-0.,-0.,-0.,-8.,0.,0.,0.,-8.,0.,0.,39.999996,0.,0.,0.,0.,0.,0.,0.,0.,0.,0.,0.,-0.718194,-0.,0.,5317.714844,5562.802734,5435.755371,5199.715332,0.008182,-6.735788,3.430654,-0.44178,13.471577,-6.861308,-0.032841,-0.005275,-0.017417,-0.751035,-0.005275,-0.017417,-0.824748,0.,0.,84,5409,0,222,0,0,-2812,13,-82,82541,301958,75218,222,-39,-163
128.484,03:58:13.484,43.564118779,1.481272570,0.,-0.,-0.,-0.,1.,-0.,-0.,-0.,-0.,-8.,0.,0.,0.,-8.,0.,0.,39.999996,0.,0.,0.,0.,0.,0.,0.,0.,0.,0.,0.,-0.852075,-0.,0.,5483.005371,5623.916016,4878.056152,5483.010254,0.673349,6.496598,10.441969,-1.871037,-12.993196,-20.883938,-0.032639,0.001091,-0.017892,-0.884714,0.001091,-0.017892,-0.961096,0.,0.,84,5379,0,239,0,0,-3307,22,-58,242408,287578,-16692,239,-16,-162
128.734,03:58:13.734,43.564119693,1.481272425,0.,-0.,-0.,-0.,1.,-0.,-0.,-0.,-0.,-8.,0.,0.,0.,-8.,0.,0.,39.999996,0.,0.,0.,0.,0.,0.,0.,0.,0.,0.,0.,-0.989523,-0.,0.,3979.95459,4874.679688,4749.105469,5512.250488,1.496685,-1.842116,-19.694109,-3.7897,3.684233,39.388218,-0.030647,0.007042,-0.006155,-1.020169,0.007042,-0.006155,-1.085464,0.,0.,85,5365,0,272,0,0,-3873,22,-15,338730,290869,-72962,272,10,-165
128.984,03:58:13.984,43.564120713,1.481272280,0.,-0.,-0.,-0.,1.,-0.,-0.,-0.,-0.,-8.,0.,0.,0.,-8.,0.,0.,39.999996,0.,0.,0.,0.,0.,0.,0.,0.,0.,0.,0.,-1.101452,-0.,0.,4266.168457,4285.866699,4652.935547,5019.02002,0.348276,4.84941,-15.678881,-0.80641,-9.69882,31.357761,-0.011213,0.02288,0.004612,-1.112665,0.02288,0.004612,-1.179416,0.,0.,85,4696,0,312,0,0,-4369,48,-3,300404,300576,-53606,313,39,-168
129.234,03:58:14.234,43.564121838,1.481272086,0.,-0.,-0.,-0.,1.,-0.,-0.,-0.,-0.,-8.,0.,0.,0.,-8.,0.,0.,39.999996,0.,0.,0.,0.,0.,0.,0.,0.,0.,0.,0.,-1.200408,-0.,0.,4339.475098,4765.699707,4113.467773,5049.348633,1.229676,7.135193,-0.806978,-4.016854,-14.270386,1.613955,0.002255,0.013891,-0.003997,-1.198153,0.013891,-0.003997,-1.285686,0.,0.,85,4560,0,340,0,0,-4697,138,49,163477,331642,-59198,341,71,-172
129.484,03:58:14.484,43.564122717,1.481271941,0.,-0.,-0.,-0.,1.,-0.,-0.,-0.,-0.,-8.,0.,0.,0.,-8.,0.,0.,39.999996,0.,0.,0.,0.,0.,0.,0.,0.,0.,0.,0.,-1.31351,-0.,0.,3693.349854,4576.42627,5277.655762,4720.559082,0.294299,-20.162416,-24.198151,-1.71736,40.324833,48.396301,-0.002048,0.01725,-0.006404,-1.315558,0.01725,-0.006404,-1.424713,0.,0.,85,4565,0,341,0,0,-5097,43,-28,-21582,328610,-75667,341,96,-175
129.734,03:58:14.734,43.564124053,1.481271748,0.,-0.,-0.,-0.,1.,-0.,-0.,-0.,-0.,-8.,0.,0.,0.,-8.,0.,0.,39.999996,0.,0.,0.,0.,0.,0.,0.,0.,0.,0.,0.,-1.4641,-0.,0.,4737.191406,4346.061035,5159.67627,4025.061768,-1.377409,-10.408775,-1.420791,3.595786,20.817551,2.841582,-0.020984,0.003573,-0.014823,-1.485085,0.003573,-0.014823,-1.609197,0.,0.,86,4566,0,331,0,0,-5663,22,-9,-182945,337775,-91006,331,134,-179
129.984,03:58:14.984,43.564125107,1.481271313,0.,-0.,-0.,-0.,1.,-0.,-0.,-0.,-0.,-8.,0.,0.,0.,-8.,0.,0.,39.999996,0.,0.,0.,0.,0.,0.,0.,0.,0.,0.,0.,-1.654194,-0.,0.,4771.720703,5003.730469,5935.947266,4980.591309,-0.653022,-16.623117,-15.975213,2.167683,33.246235,31.950426,-0.043952,-0.005563,-0.004942,-1.698146,-0.005563,-0.004942,-1.8104,0.,0.,86,4629,0,296,0,0,-6464,21,-8,-306171,292514,-140606,296,164,-188
130.234,03:58:15.234,43.564125916,1.481270781,0.,-0.,-0.,-0.,1.,-0.,-0.,-0.,-0.,-8.,0.,0.,0.,-8.,0.,0.,39.999996,0.,0.,0.,0.,0.,0.,0.,0.,0.,0.,0.,-1.837365,-0.,0.,4328.336914,5572.896484,5124.664551,5854.089355,1.782061,-7.21189,-15.085279,-5.137566,14.423779,30.170559,-0.0457,-0.017804,-0.0119,-1.883065,-0.017804,-0.0119,-1.969682,0.,0.,86,5198,0,247,0,0,-7322,-61,-54,-359588,227799,-170210,247,187,-199
130.484,03:58:15.484,43.564126865,1.481269765,0.,-0.,-0.,-0.,1.,-0.,-0.,-0.,-0.,-8.,0.,0.,0.,-8.,0.,0.,39.999996,0.,0.,0.,0.,0.,0.,0.,0.,0.,0.,0.,-2.001901,-0.,0.,5446.79248,5238.627441,5060.293945,5014.275391,-0.229459,2.270044,8.551918,0.241342,-4.540088,-17.103836,-0.029627,-0.011928,-0.030218,-2.031528,-0.011928,-0.030218,-2.139781,0.,0.,86,5221,0,200,0,0,-7980,-80,-57,-331555,213340,-256311,199,214,-220
130.734,03:58:15.734,43.564127568,1.481268557,0.,-0.,-0.,-0.,1.,-0.,-0.,-0.,-0.,-8.,0.,0.,0.,-8.,0.,0.,39.999996,0.,0.,0.,0.,0.,0.,0.,0.,0.,0.,0.,-2.175395,-0.,0.,5125.586914,5996.040527,5015.935547,5774.425781,1.47057,-1.567492,4.637719,-4.054081,3.134983,-9.275438,-0.027046,-0.007908,-0.028188,-2.202441,-0.007908,-0.028188,-2.312751,0.,0.,87,5194,0,164,0,0,-8617,-60,-110,-273182,161236,-288277,164,234,-245
130.984,03:58:15.984,43.564127990,1.481267058,0.,-0.,-0.,-0.,1.,-0.,-0.,-0.,-0.,-8.,0.,0.,0.,-8.,0.,0.,39.999996,0.,0.,0.,0.,0.,0.,0.,0.,0.,0.,0.,-2.350261,-0.,0.,4845.001953,5723.439941,5526.964355,5796.581055,1.036453,-8.523495,-10.571445,-3.288174,17.046989,21.142891,-0.025248,-0.00764,-0.022894,-2.375509,-0.00764,-0.022894,-2.494635,0.,0.,87,5466,0,140,0,0,-9333,-25,-104,-87606,35514,-284156,140,246,-276
131.234,03:58:16.234,43.564128272,1.481265221,0.,-0.,-0.,-0.,1.,-0.,-0.,-0.,-0.,-8.,0.,0.,0.,-8.,0.,0.,39.999996,0.,0.,0.,0.,0.,0.,0.,0.,0.,0.,0.,-2.536805,-0.,0.,5172.442871,5549.39209,5334.444336,5551.709473,0.536461,-2.235569,-2.300464,-1.847801,4.471139,4.600929,-0.02532,-0.008313,-0.015259,-2.562124,-0.008313,-0.015259,-2.694515,0.,0.,87,5467,0,130,0,0,-10058,-21,-48,9176,31069,-391991,130,254,-314
131.484,03:58:16.484,43.564128307,1.481263432,0.,-0.,-0.,-0.,1.,-0.,-0.,-0.,-0.,-8.,0.,0.,0.,-8.,0.,0.,39.999996,0.,0.,0.,0.,0.,0.,0.,0.,0.,0.,0.,-2.740126,-0.,0.,5137.551758,5344.021484,5695.060547,5431.355469,-0.051661,-6.58245,-9.027803,-0.560273,13.1649,18.055607,-0.029168,-0.013181,-0.005619,-2.769294,-0.013181,-0.005619,-2.919437,0.,0.,87,5407,0,139,0,0,-10856,-16,-20,133270,-31616,-371605,139,255,-351
131.734,03:58:16.734,43.564128061,1.481261643,0.,-0.,-0.,-0.,1.,-0.,-0.,-0.,-0.,-8.,0.,0.,0.,-8.,0.,0.,39.999996,0.,0.,0.,0.,0.,0.,0.,0.,0.,0.,0.,-2.974077,-0.,0.,5405.950684,5595.630859,5058.419434,5383.986328,0.465156,1.902414,7.828454,-2.527957,-3.804828,-15.656907,-0.040219,-0.005535,-0.007051,-3.014296,-0.005535,-0.007051,-3.189832,-0.,0.,88,5378,0,162,0,0,-11761,-44,-28,255342,-120284,-383046,162,248,-388
131.984,03:58:16.984,43.564127533,1.481259806,0.,-0.,-0.,-0.,1.,-0.,-0.,-0.,-0.,-8.,0.,0.,0.,-8.,0.,0.,39.999996,0.,0.,0.,0.,0.,0.,0.,0.,0.,0.,0.,-3.252195,-0.,0.,4930.144531,5619.200684,5054.672852,5767.971191,1.266026,0.339384,-3.826183,-4.215312,-0.678768,7.652367,-0.054152,-0.007731,0.000584,-3.306348,-0.007731,0.000584,-3.497184,-0.,0.,88,5361,0,197,0,0,-12860,-43,-26,340647,-205071,-372975,197,233,-426
132.234,03:58:17.234,43.564126936,1.481258355,0.,-0.,-0.,-0.,1.,-0.,-0.,-0.,-0.,-8.,0.,0.,0.,-8.,0.,0.,39.999996,0.,0.,0.,0.,0.,0.,0.,0.,0.,0.,0.,-3.574987,-0.,0.,5535.545898,5066.312988,5505.068848,4913.0625,-0.958047,-1.71883,2.572184,2.814536,3.43766,-5.144369,-0.060593,-0.00327,-0.003094,-3.635581,-0.00327,-0.003094,-3.84617,-0.,0.,88,5271,0,238,0,0,-14113,-34,39,429868,-279954,-346739,238,216,-456
132.484,03:58:17.484,43.564126057,1.481256566,0.,-0.,-0.,-0.,1.,-0.,-0.,-0.,-0.,-8.,0.,0.,0.,-8.,0.,0.,39.999996,0.,0.,0.,0.,0.,0.,0.,0.,0.,0.,0.,-3.898037,-0.,0.,3774.174316,5972.270508,4453.047852,5880.49707,3.273051,-10.789047,-8.219401,-6.302479,21.578094,16.438803,-0.05802,-0.008752,0.00745,-3.956057,-0.008752,0.00745,-4.078943,-0.,0.,88,5254,0,296,0,0,-15517,-34,6,482946,-310530,-313857,296,191,-493
132.734,03:58:17.734,43.564124932,1.481255164,0.,-0.,-0.,-0.,1.,-0.,-0.,-0.,-0.,-8.,0.,0.,0.,-8.,0.,0.,39.999996,0.,0.,0.,0.,0.,0.,0.,0.,0.,0.,0.,-4.047705,-0.,0.,4613.377441,5485.388672,4201.99707,5683.225098,2.124446,8.52903,2.989621,-4.585198,-17.05806,-5.979242,0.03419,-0.013915,-0.001387,-4.013515,-0.013915,-0.001387,-4.077243,-0.,0.,89,5026,0,352,0,0,-16468,-7,66,487586,-366070,-230197,353,159,-522
132.984,03:58:17.984,43.564123701,1.481253859,0.,-0.,-0.,-0.,1.,-0.,-0.,-0.,-0.,-8.,0.,0.,0.,-8.,0.,0.,39.999996,0.,0.,0.,0.,0.,0.,0.,0.,0.,0.,0.,-4.07347,-0.,0.,4731.460449,4741.985352,5358.958984,5151.583008,-0.177712,-3.050612,-14.519345,0.652347,6.101224,29.038691,0.121051,0.01231,0.005032,-3.952419,0.01231,0.005032,-4.077242,-0.,0.,89,4996,0,407,0,0,-16335,-63,-39,445286,-382603,-184220,408,124,-549
133.234,03:58:18.234,43.564122260,1.481252795,0.,-0.,-0.,-0.,1.,-0.,-0.,-0.,-0.,-8.,0.,0.,0.,-8.,0.,0.,39.999996,0.,0.,0.,0.,0.,0.,0.,0.,0.,0.,0.,-4.076766,-0.,0.,4664.241699,5306.14209,4993.421875,5020.183105,0.603649,-8.61195,-0.605092,-1.691737,17.2239,1.210184,0.138125,0.010592,-0.006223,-3.938642,0.010592,-0.006223,-4.077242,-0.,0.,89,4995,0,458,0,0,-16139,56,44,388307,-431098,-162911,458,83,-571
133.484,03:58:18.484,43.564120713,1.481251828,0.,-0.,-0.,-0.,1.,-0.,-0.,-0.,-0.,-8.,0.,0.,0.,-8.,0.,0.,39.999996,0.,0.,0.,0.,0.,0.,0.,0.,0.,0.,0.,-4.07716,-0.,0.,4674.293457,4944.296387,5342.477051,5022.921387,-0.044737,-8.253825,-10.455316,0.134211,16.50765,20.910631,0.123214,0.018181,-0.00221,-3.953946,0.018181,-0.00221,-4.077242,-0.,0.,89,4995,0,502,0,0,-16160,50,-24,359350,-446179,-135898,503,39,-591
133.734,03:58:18.734,43.564119096,1.481251055,0.,-0.,-0.,-0.,1.,-0.,-0.,-0.,-0.,-8.,0.,0.,0.,-8.,0.,0.,39.999996,0.,0.,0.,0.,0.,0.,0.,0.,0.,0.,0.,-4.07716,-0.,0.,4889.995605,5063.992188,4829.064941,5200.935547,0.492797,2.770227,-1.06418,-1.478391,-5.540453,2.128359,0.103298,0.009682,-0.007065,-3.973862,0.009682,-0.007065,-4.077242,-0.,0.,90,4993,0,542,0,0,-16233,57,-15,309197,-447960,-98301,543,-7,-607
133.984,03:58:18.984,43.564117373,1.481250474,0.,-0.,-0.,-0.,1.,-0.,-0.,-0.,-0.,-8.,0.,0.,0.,-8.,0.,0.,39.999996,0.,0.,0.,0.,0.,0.,0.,0.,0.,0.,0.,-4.07716,-0.,0.,4204.989746,5056.75293,5356.152344,5366.092773,0.777921,-11.785525,-20.447037,-2.333762,23.571051,40.894073,0.084819,0.022944,-0.006092,-3.992341,0.022944,-0.006092,-4.077242,-0.,0.,90,4995,0,576,0,0,-16309,64,-22,304905,-476745,-65249,576,-56,-619
134.234,03:58:19.234,43.564115545,1.481249798,0.,-0.,-0.,-0.,1.,-0.,-0.,-0.,-0.,-8.,0.,0.,0.,-8.,0.,0.,39.999996,0.,0.,0.,0.,0.,0.,0.,0.,0.,0.,0.,-4.07716,-0.,0.,4904.137207,5201.138184,4717.039062,5117.673828,0.629806,1.450874,3.787881,-1.889417,-2.901747,-7.575761,0.070251,0.013161,-0.011657,-4.006909,0.013161,-0.011657,-4.077242,-0.,0.,90,4994,0,604,0,0,-16379,48,-16,210914,-506456,-69949,604,-108,-633
134.484,03:58:19.484,43.564113541,1.481249362,0.,-0.,-0.,-0.,1.,-0.,-0.,-0.,-0.,-8.,0.,0.,0.,-8.,0.,0.,39.999996,0.,0.,0.,0.,0.,0.,0.,0.,0.,0.,0.,-4.07716,-0.,-0.,4401.257812,4884.171387,4216.288086,4838.271973,0.997474,1.94699,3.232166,-2.992422,-3.893981,-6.464332,0.059053,0.021068,0.000572,-4.018106,0.021068,0.000572,-4.077242,-0.,0.,90,4708,0,627,0,0,-16432,67,-32,163311,-543979,-49370,627,-165,-642
134.734,03:58:19.734,43.564111642,1.481248879,0.,-0.,-0.,-0.,1.,-0.,-0.,-0.,-0.,-8.,0.,0.,0.,-8.,0.,0.,39.999996,0.,0.,0.,0.,0.,0.,0.,0.,0.,0.,0.,-4.07716,-0.,-0.,4384.621094,5010.217773,4014.979736,4930.170898,1.390988,4.054317,6.29564,-4.172963,-8.108634,-12.59128,0.050346,0.023727,0.00164,-4.026814,0.023727,0.00164,-4.077242,-0.,0.,91,4590,0,638,0,0,-16473,125,-11,46614,-530301,-53130,638,-219,-652
134.984,03:58:19.984,43.564109603,1.481248492,0.,-0.,-0.,-0.,1.,-0.,-0.,-0.,-0.,-8.,0.,0.,0.,-8.,0.,0.,39.999996,0.,0.,0.,0.,0.,0.,0.,0.,0.,0.,0.,-4.07716,0.,-0.,4258.366211,4402.239258,5196.585449,4482.797852,-0.514512,-12.007244,-14.262886,1.543535,24.014488,28.525772,0.043236,0.021456,-0.011333,-4.033924,0.021456,-0.011333,-4.077243,-0.,0.,91,4588,0,628,0,0,-16504,111,13,-147671,-540286,-35244,628,-277,-660
135.234,03:58:20.234,43.564107564,1.481248105,0.,-0.,-0.,-0.,1.,-0.,-0.,-0.,-0.,-8.,0.,0.,0.,-8.,0.,0.,39.999996,0.,0.,0.,0.,0.,0.,0.,0.,0.,0.,0.,-4.07716,-0.000896,3.5e-05,5527.362305,5587.168945,4835.331055,4858.125488,0.074552,-0.518184,19.89505,-0.223656,1.110147,-39.792931,0.035293,0.011522,-0.012407,-4.041867,0.010626,-0.012372,-4.077242,-0.,0.,91,4586,0,597,0,0,-16537,101,-32,-327991,-534932,-33142,597,-335,-668
135.484,03:58:20.484,43.564105384,1.481247864,0.,-0.,-0.,-0.,1.,-0.,-0.,-0.,-0.,-8.,0.,0.,0.,-8.,0.,0.,39.999996,0.,0.,0.,0.,0.,0.,0.,0.,0.,0.,0.,-4.07716,-0.000244,1e-05,5091.030762,5141.75,5421.959961,4753.248535,-0.557909,-10.072026,0.806023,1.673727,20.133408,-1.611628,0.027351,0.006928,-0.022319,-4.049809,0.006684,-0.02231,-4.077242,-0.,0.,91,5085,0,551,0,0,-16570,41,-82,-373102,-561539,-2570,550,-397,-673
135.734,03:58:20.734,43.564103204,1.481247719,0.,-0.,-0.,-0.,1.,-0.,-0.,-0.,-0.,-8.,0.,0.,0.,-8.,0.,0.,39.999996,0.,0.,0.,0.,0.,0.,0.,0.,0.,0.,0.,-4.07716,-3.5e-05,1e-06,4430.638184,5308.875977,5651.870117,5064.60498,0.262681,-20.517046,-13.677455,-0.788043,41.03178,27.355,0.021417,0.012478,-0.009898,-4.055743,0.012443,-0.009897,-4.077242,-0.,0.,92,5102,0,502,0,0,-16603,11,-106,-361939,-570913,21958,501,-459,-676
135.984,03:58:20.984,43.564101025,1.481247912,0.,-0.,-0.,-0.,1.,-0.,-0.,-0.,-0.,-8.,0.,0.,0.,-8.,0.,0.,39.999996,0.,0.,0.,0.,0.,0.,0.,0.,0.,0.,0.,-4.090026,-4e-06,0.,5366.766602,4610.312012,5776.544434,4630.366211,-1.71765,-5.456131,-6.017652,2.172717,10.911948,12.035316,0.012812,0.01286,-0.005085,-4.077215,0.012856,-0.005084,-4.168522,-0.,0.,92,5104,0,460,0,0,-16620,28,-38,-325976,-540567,81853,459,-521,-672
136.234,03:58:21.234,43.564099583,1.481248105,0.,-0.,-0.,-0.,1.,-0.,-0.,-0.,-0.,-8.,0.,0.,0.,-8.,0.,0.,39.999996,0.,0.,0.,0.,0.,0.,0.,0.,0.,0.,0.,-4.24465,-0.,0.,5590.429199,5766.243164,5781.584961,5105.731445,-0.451413,-11.923353,6.570978,-1.387573,23.84667,-13.141955,-0.056819,0.022048,-0.004301,-4.301469,0.022047,-0.004301,-4.4669,-0.,0.,92,4982,0,435,0,0,-16967,47,-121,-166242,-368606,90147,435,-562,-668
136.484,03:58:21.484,43.564096208,1.481248686,0.,-0.,-0.,-0.,1.,-0.,-0.,-0.,-0.,-8.,0.,0.,0.,-8.,0.,0.,39.999996,0.,0.,0.,0.,0.,0.,0.,0.,0.,0.,0.,-4.52542,-0.,0.,4978.23584,6120.908203,5499.921387,6088.921387,1.56333,-7.751417,-6.855783,-4.213152,15.50283,13.711565,-0.137529,-0.012349,-0.021702,-4.662949,-0.012349,-0.021702,-4.754114,-0.,0.,92,5556,0,386,0,0,-18282,45,-83,-237839,-697237,141676,386,-658,-656
136.734,03:58:21.734,43.564093677,1.481249507,0.,-0.,-0.,-0.,1.,-0.,-0.,-0.,-0.,-8.,0.,0.,0.,-8.,0.,0.,39.999996,0.,0.,0.,0.,0.,0.,0.,0.,0.,0.,0.,-4.812366,-2.2e-05,2e-06,5023.742676,6134.861328,5604.966797,6468.416992,1.782602,-3.467358,-12.806906,-4.870968,6.866539,25.619322,-0.144282,-0.035891,-0.011432,-4.956648,-0.035912,-0.011431,-5.032992,-0.000897,7.3e-05,93,5692,0,372,0,0,-19662,-141,-115,17720,-633007,240783,372,-730,-639
136.984,03:58:21.984,43.564092130,1.481250136,0.,-0.,-0.,-0.,1.,-0.,-0.,-0.,-0.,-8.,0.,0.,0.,-8.,0.,0.,39.999996,0.,0.,0.,0.,0.,0.,0.,0.,0.,0.,0.,-5.079444,-8.6e-05,7e-06,3780.383789,4677.604004,4175.891113,4814.110352,1.386153,-3.626011,-7.448194,-4.039248,7.250592,14.896505,-0.105621,-0.033014,-0.002169,-5.185066,-0.0331,-0.002162,-5.283953,-0.,0.,93,5323,0,382,0,0,-20702,-130,-110,206720,-406512,234295,382,-774,-626
137.234,03:58:22.234,43.564089669,1.481251925,0.,-0.,-0.,-0.,1.,-0.,-0.,-0.,-0.,-8.,0.,0.,0.,-8.,0.,0.,39.999996,0.,0.,0.,0.,0.,0.,0.,0.,0.,0.,0.,-5.322907,-0.002903,-0.02029,2045.916016,6016.902344,3325.399414,5847.773438,5.862032,-20.280565,-15.54496,-13.890609,38.802326,25.247269,-0.064214,-0.022853,-0.010258,-5.387121,-0.025756,-0.030548,-5.440509,-0.038095,-0.166553,93,4427,0,414,0,0,-21620,-90,26,152853,-521451,380951,414,-844,-589
137.484,03:58:22.484,43.564087876,1.481253569,0.,-0.,-0.,-0.,1.,-0.,-0.,-0.,-0.,-8.,0.,0.,0.,-8.,0.,0.,39.999996,0.,0.,0.,0.,0.,0.,0.,0.,0.,0.,0.,-5.422809,-0.051914,-0.130049,4461.157715,4573.945312,3683.07666,4541.811523,0.877064,10.443266,11.343014,-1.439098,-20.185246,-20.584965,0.029285,-0.06508,-0.138474,-5.393524,-0.116994,-0.268523,-5.44005,-0.088207,-0.130818,93,4315,0,420,0,0,-22208,-153,-359,-37179,-448102,435239,420,-895,-555
137.734,03:58:22.734,43.564086364,1.481255358,0.,-0.,-0.,-0.,1.,-0.,-0.,-0.,-0.,-8.,0.,0.,0.,-8.,0.,0.,39.999996,0.,0.,0.,0.,0.,0.,0.,0.,0.,0.,0.,-5.439905,-0.084708,-0.086999,4026.955811,4432.870605,4329.837402,4470.327148,0.493291,-3.715958,-4.764734,-1.241454,8.046589,8.261006,0.077252,-0.046504,0.037371,-5.362653,-0.131212,-0.049629,-5.443572,-0.087234,-0.051761,94,4314,0,400,0,0,-22012,-642,-709,-292065,-218390,344062,400,-938,-518
137.984,03:58:22.984,43.564086188,1.481257147,0.,-0.,-0.,-0.,1.,-0.,-0.,-0.,-0.,-8.,0.,0.,0.,-8.,0.,0.,39.999996,0.,0.,0.,0.,0.,0.,0.,0.,0.,0.,0.,-5.443744,-0.057391,-0.065854,3693.469238,4256.01123,4909.471191,4401.039062,0.048829,-14.993639,-19.054415,-0.146488,29.809395,38.699287,0.088689,0.060595,0.090611,-5.355054,0.003205,0.024757,-5.445584,-0.007183,-0.068928,94,4314,0,356,0,0,-21938,-314,7,-554913,-33148,455262,355,-943,-481
138.234,03:58:23.234,43.564086223,1.481258887,0.,-0.,-0.,-0.,1.,-0.,-0.,-0.,-0.,-8.,0.,0.,0.,-8.,0.,0.,39.999996,0.,0.,0.,0.,0.,0.,0.,0.,0.,0.,0.,-5.445381,0.005453,-0.031442,4967.893555,5389.866699,7023.96875,6082.257812,-0.469201,-19.091572,-38.478523,1.407604,37.04763,76.201744,0.081522,0.109235,0.063285,-5.363859,0.114688,0.031843,-5.443955,0.003833,-0.000307,94,4314,0,264,0,0,-21952,261,-17,-884346,36500,474765,263,-942,-445
138.484,03:58:23.484,43.564086329,1.481260338,0.,-0.,-0.,-0.,1.,-0.,-0.,-0.,-0.,-8.,0.,0.,0.,-8.,0.,0.,39.999996,0.,0.,0.,0.,0.,0.,0.,0.,0.,0.,0.,-5.444272,0.002954,-0.00517,5598.078125,5529.851074,5358.660156,5029.397949,-0.358831,-3.654498,10.358201,1.076492,7.397472,-21.027115,0.06932,0.011794,0.044535,-5.374951,0.014749,0.039366,-5.443954,-0.,0.,94,5491,0,181,0,0,-21992,339,509,-811951,-54799,408784,181,-939,-415
138.734,03:58:23.734,43.564086012,1.481262852,0.,-0.,-0.,-0.,1.,-0.,-0.,-0.,-0.,-8.,0.,0.,0.,-8.,0.,0.,39.999996,0.,0.,0.,0.,0.,0.,0.,0.,0.,0.,0.,-5.443947,0.000462,-0.000648,1345.842896,4986.950195,5583.00293,9600.,7.957761,5.262467,-123.902931,-23.992491,-10.496164,247.758453,0.014647,-0.042239,0.395594,-5.4293,-0.041777,0.394947,-5.443954,-0.,0.,95,5383,0,53,0,0,-22038,-20,111,-783727,-111331,455891,52,-948,-363
138.984,03:58:23.984,43.564085907,1.481265511,0.,-0.,-0.,-0.,1.,-0.,-0.,-0.,-0.,-8.,0.,0.,0.,-8.,0.,0.,39.999996,0.,0.,0.,0.,0.,0.,0.,0.,0.,0.,0.,-5.443948,5.7e-05,-7.2e-05,4337.661621,5258.429199,5704.970703,6214.925781,1.29162,-5.751377,-32.533283,-3.755652,11.506969,65.060791,0.026228,-0.005461,-0.037326,-5.41772,-0.005405,-0.037399,-5.443954,-0.,0.,95,5378,0,36,0,0,-22205,18,638,85551,54636,757791,36,-951,-308
139.234,03:58:24.234,43.564084254,1.481266333,0.,-0.,-0.,-0.,1.,-0.,-0.,-0.,-0.,-8.,0.,0.,0.,-8.,0.,0.,39.999996,0.,0.,0.,0.,0.,0.,0.,0.,0.,0.,0.,-5.443956,-1.1e-05,-0.000557,5123.864746,5422.581543,5044.258301,5381.284668,0.573939,0.536335,1.692649,-1.841026,-1.327458,-11.404953,0.03116,-0.017474,-0.044346,-5.412796,-0.017485,-0.044903,-5.444679,-0.003058,-0.096163,95,5378,0,108,0,0,-22178,-101,164,504822,-250883,391988,108,-998,-291
139.484,03:58:24.484,43.564083059,1.481268798,0.,-0.,-0.,-0.,1.,-0.,-0.,-0.,-0.,-8.,0.,0.,0.,-8.,0.,0.,39.999996,0.,0.,0.,0.,0.,0.,0.,0.,0.,0.,0.,-5.445586,-0.00654,-0.184209,3712.079102,7143.728516,3620.313965,6403.866699,5.610933,-9.073351,11.64277,-16.713591,18.31888,-21.95561,0.027873,-0.010036,-0.18852,-5.417713,-0.016576,-0.372729,-5.446315,-0.008795,-0.298244,95,5250,0,174,0,0,-22176,-45,-365,535134,-204582,498697,175,-1032,-240
139.734,03:58:24.734,43.564082567,1.481270974,0.,-0.,-0.,-0.,1.,-0.,-0.,-0.,-0.,-8.,0.,0.,0.,-8.,0.,0.,39.999996,0.,0.,0.,0.,0.,0.,0.,0.,0.,0.,0.,-5.446272,-0.009949,-0.241988,5115.237793,4745.817383,5737.544922,5281.387695,-0.74531,-1.214315,-16.210295,2.116721,2.553893,35.784527,0.025743,0.008253,-0.058003,-5.420528,-0.001697,-0.299991,-5.446702,-0.01176,-0.158552,96,5220,0,239,0,0,-22209,-34,-1771,475975,96463,265165,239,-1046,-195
139.984,03:58:24.984,43.564083586,1.481271748,0.,-0.,-0.,-0.,1.,-0.,-0.,-0.,-0.,-8.,0.,0.,0.,-8.,0.,0.,39.999996,0.,0.,0.,0.,0.,0.,0.,0.,0.,0.,0.,-5.447136,-0.006048,-0.169995,4465.076172,5250.479004,5396.023438,5768.40918,1.045223,-5.782241,-20.284281,-3.016461,11.444924,37.506374,0.018842,0.008541,0.091149,-5.428294,0.002493,-0.078846,-5.447257,-0.003828,-0.198195,96,5216,0,292,0,0,-22220,-36,-716,424457,394773,68869,293,-1017,-179
140.234,03:58:25.234,43.564085485,1.481271699,0.,-0.,-0.,-0.,1.,-0.,-0.,-0.,-0.,-8.,0.,0.,0.,-8.,0.,0.,39.999996,0.,0.,0.,0.,0.,0.,0.,0.,0.,0.,0.,-5.447441,-0.002794,-0.198181,4455.239258,5555.861816,5253.689941,5567.196777,1.276635,-11.019614,-11.336999,-3.829904,21.937946,23.053978,0.016171,0.013761,0.011328,-5.431271,0.010967,-0.186854,-5.447236,-0.003658,-0.218409,96,5219,0,342,0,0,-22239,54,-506,427442,526632,-4665,343,-963,-180
140.484,03:58:25.484,43.564087841,1.481271313,0.,-0.,-0.,-0.,1.,-0.,-0.,-0.,-0.,-8.,0.,0.,0.,-8.,0.,0.,39.999996,0.,0.,0.,0.,0.,0.,0.,0.,0.,0.,0.,-5.447441,-0.003231,-0.217318,4904.608398,5211.1875,5462.73291,5301.458984,0.131179,-6.549946,-9.077539,-0.393536,13.131383,18.471729,0.01334,0.003074,0.010609,-5.434102,-0.000157,-0.206709,-5.447322,-0.002848,-0.220384,96,5215,0,394,0,0,-22247,-18,-742,430517,669424,-110396,395,-896,-188
140.734,03:58:25.734,43.564090970,1.481270394,0.,-0.,-0.,-0.,1.,-0.,-0.,-0.,-0.,-8.,0.,0.,0.,-8.,0.,0.,39.999996,0.,0.,0.,0.,0.,0.,0.,0.,0.,0.,0.,-5.447441,-0.003032,-0.223206,4671.614746,5097.364746,5555.036133,5555.972168,0.3852,-5.947391,-18.788395,-1.155601,11.895771,37.278767,0.012595,0.007909,0.047041,-5.434846,0.004876,-0.176165,-5.447278,-0.003011,-0.237646,97,5217,0,447,0,0,-22255,25,-764,457408,855522,-212120,447,-807,-207
140.984,03:58:25.984,43.564094520,1.481268847,0.,-0.,-0.,-0.,1.,-0.,-0.,-0.,-0.,-8.,0.,0.,0.,-8.,0.,0.,39.999996,0.,0.,0.,0.,0.,0.,0.,0.,0.,0.,0.,-5.447441,-0.002713,-0.219966,5125.446289,5283.033691,5162.970703,5308.537598,0.27368,-0.168291,-0.882397,-0.821039,0.348865,2.807874,0.010468,0.002953,0.038818,-5.436974,0.00024,-0.181148,-5.447469,-0.0019,-0.17605,97,5217,0,499,0,0,-22263,23,-747,453267,951535,-313655,499,-706,-239
141.234,03:58:26.234,43.564098739,1.481266720,0.,-0.,-0.,-0.,1.,-0.,-0.,-0.,-0.,-8.,0.,0.,0.,-8.,0.,0.,39.999996,0.,0.,0.,0.,0.,0.,0.,0.,0.,0.,0.,-5.447441,-0.001395,-0.13257,4441.033203,5354.295898,5355.726074,5728.932617,1.161394,-7.560779,-18.050608,-3.484181,15.124119,37.408791,0.007358,0.001169,0.127722,-5.440083,-0.000226,-0.004848,-5.447637,-3e-05,-0.003845,97,5219,0,552,0,0,-22276,14,-480,461297,1023275,-402060,553,-586,-283
141.484,03:58:26.484,43.564103240,1.481264495,0.,-0.,-0.,-0.,1.,-0.,-0.,-0.,-0.,-8.,0.,0.,0.,-8.,0.,0.,39.999996,0.,0.,0.,0.,0.,0.,0.,0.,0.,0.,0.,-5.447441,0.009116,-0.027465,4282.038086,5150.206543,5838.201172,5609.541504,0.577329,-15.355594,-28.216974,-1.731987,31.713291,55.048607,0.007306,0.017743,0.144395,-5.440135,0.02686,0.11693,-5.447692,0.04899,-0.002242,97,5219,0,605,0,0,-22280,25,302,471829,1048222,-364601,605,-458,-329
141.734,03:58:26.734,43.564104751,1.481264254,0.,-0.,-0.,-0.,1.,-0.,-0.,-0.,-0.,-8.,0.,0.,0.,-8.,0.,0.,39.999996,0.,0.,0.,0.,0.,0.,0.,0.,0.,0.,0.,-5.447441,0.031335,-0.005673,3341.228516,4186.582031,6558.14502,6794.031738,0.976093,-8.532535,-81.541138,-2.928278,19.076725,163.040359,0.00243,0.042575,0.242944,-5.445011,0.073911,0.237271,-5.447643,0.068231,-0.000179,98,5205,0,626,0,0,-22266,246,582,187632,335336,44353,626,-415,-334
141.984,03:58:26.984,43.564110587,1.481262320,0.,-0.,-0.,-0.,1.,-0.,-0.,-0.,-0.,-8.,0.,0.,0.,-8.,0.,0.,39.999996,0.,0.,0.,0.,0.,0.,0.,0.,0.,0.,0.,-5.447441,0.020599,-0.001144,3193.450195,4450.900879,4266.509277,4405.131348,1.260324,-15.663588,-14.382059,-3.780972,31.65826,28.705648,0.005304,0.032974,0.192125,-5.442137,0.053573,0.190981,-5.447637,0.002863,-1.7e-05,98,5154,0,717,0,0,-22292,247,1057,623602,918600,-92481,718,-249,-374
142.234,03:58:27.234,43.564112802,1.481262852,0.,-0.,-0.,-0.,1.,-0.,-0.,-0.,-0.,-8.,0.,0.,0.,-8.,0.,0.,39.999996,0.,0.,0.,0.,0.,0.,0.,0.,0.,0.,0.,-5.447441,0.008197,-0.000244,3294.208984,4185.765625,4501.869141,4478.146484,0.783456,-12.81391,-21.000582,-2.350368,25.436199,42.003185,0.005445,-0.007285,0.133491,-5.441996,0.000912,0.133247,-5.447637,0.00859,-5e-05,98,4134,0,761,0,0,-22293,79,567,359604,629878,147129,761,-186,-363
142.484,03:58:27.484,43.564114631,1.481264399,0.,-0.,-0.,-0.,1.,-0.,-0.,-0.,-0.,-8.,0.,0.,0.,-8.,0.,0.,39.999996,0.,0.,0.,0.,0.,0.,0.,0.,0.,0.,0.,-5.447441,0.005165,-0.000117,3628.618652,4274.190918,4353.453613,4203.726562,0.44762,-11.134194,-9.161183,-1.342859,22.228458,18.207146,0.005533,0.030265,0.077242,-5.441908,0.03543,0.077125,-5.447637,-1.1e-05,-0.001882,98,4115,0,786,0,0,-22286,88,463,-5109,398439,341501,781,-134,-331
142.734,03:58:27.734,43.564116248,1.481266768,0.,-0.,-0.,-0.,1.,-0.,-0.,-0.,-0.,-8.,0.,0.,0.,-8.,0.,0.,39.999996,0.,0.,0.,0.,0.,0.,0.,0.,0.,0.,0.,-5.447441,0.000646,-0.064964,4115.063477,4298.11377,4379.90918,3758.905273,-0.395384,-11.256759,3.841077,1.186152,22.562237,-8.464465,0.005908,0.034139,0.014982,-5.441533,0.034785,-0.049982,-5.447595,-0.000695,-0.120262,99,4117,0,761,0,0,-22291,108,187,-313122,363830,461305,761,-88,-282
142.984,03:58:27.984,43.564116318,1.481268218,0.,-0.,-0.,-0.,1.,-0.,-0.,-0.,-0.,-8.,0.,0.,0.,-8.,0.,0.,39.999996,0.,0.,0.,0.,0.,0.,0.,0.,0.,0.,0.,-5.447441,-0.002163,-0.129283,4372.044434,5450.952148,4770.814453,5086.177246,1.258712,-10.689626,-0.475939,-3.776137,21.453756,2.963535,0.003455,0.031612,0.005777,-5.443986,0.029448,-0.123505,-5.447546,-0.001377,-0.131796,99,4134,0,694,0,0,-22294,155,-408,-668123,226148,389517,693,-86,-252
143.234,03:58:28.234,43.564117056,1.481269572,0.,-0.,-0.,-0.,1.,-0.,-0.,-0.,-0.,-8.,0.,0.,0.,-8.,0.,0.,39.999996,0.,0.,0.,0.,0.,0.,0.,0.,0.,0.,0.,-5.447441,-0.001157,-0.10663,5041.64502,5426.318848,5641.260254,5638.763184,0.34502,-5.420394,-11.368833,-1.035059,10.820357,22.953732,0.001815,0.036962,0.044669,-5.445626,0.035805,-0.06196,-5.447609,-0.001011,-0.053831,99,5119,0,616,0,0,-22302,177,-466,-1038414,347139,495914,615,-65,-224
143.484,03:58:28.484,43.564119096,1.481271651,0.,-0.,-0.,-0.,1.,-0.,-0.,-0.,-0.,-8.,0.,0.,0.,-8.,0.,0.,39.999996,0.,0.,0.,0.,0.,0.,0.,0.,0.,0.,0.,-5.447441,-0.000392,-0.035748,4430.064453,5839.760742,5024.202637,5797.960938,1.971166,-8.903138,-7.732738,-5.913499,17.750433,14.587238,-0.00051,0.024228,0.109489,-5.447951,0.023836,0.073741,-5.447637,-0.0009,0.,99,5394,0,468,0,0,-22311,121,94,-1035821,461315,363137,467,-7,-181
143.734,03:58:28.734,43.564120396,1.481272086,0.,-0.,-0.,-0.,1.,-0.,-0.,-0.,-0.,-8.,0.,0.,0.,-8.,0.,0.,39.999996,0.,0.,0.,0.,0.,0.,0.,0.,0.,0.,0.,-5.447441,-0.000414,-0.005788,5172.452637,6415.905762,5561.817383,5869.8125,1.400598,-13.096416,2.194195,-4.201793,26.2027,-4.740314,-0.001321,0.012219,0.065903,-5.448762,0.011806,0.060115,-5.447637,-0.,0.,100,5163,0,395,0,0,-22313,70,379,-628362,344864,208455,394,30,-172
143.984,03:58:28.984,43.564121521,1.481273343,0.,-0.,-0.,-0.,1.,-0.,-0.,-0.,-0.,-8.,0.,0.,0.,-8.,0.,0.,39.999996,0.,0.,0.,0.,0.,0.,0.,0.,0.,0.,0.,-5.447441,-0.000561,-0.000722,5333.850586,6118.467773,5748.01123,5887.658203,0.834382,-9.029577,-2.566924,-2.503145,18.146568,5.081111,-0.003074,0.008704,0.035209,-5.450515,0.008143,0.034487,-5.447637,-0.,0.,100,5705,0,329,0,0,-22321,50,155,-411192,287992,279576,329,62,-146
144.234,03:58:29.234,43.564122365,1.481275084,0.,-0.,-0.,-0.,1.,-0.,-0.,-0.,-0.,-8.,0.,0.,0.,-8.,0.,0.,39.999996,0.,0.,0.,0.,0.,0.,0.,0.,0.,0.,0.,-5.447441,-0.000493,-8.2e-05,5169.514648,5951.243652,5844.467773,6102.760742,0.93888,-7.328105,-11.570588,-2.81664,14.682447,23.134827,-0.002501,-0.005253,0.015557,-5.449942,-0.005746,0.015475,-5.447637,-0.,0.,100,5768,0,284,0,0,-22326,14,135,-211774,219934,351486,284,86,-110
144.484,03:58:29.484,43.564123174,1.481277114,0.,-0.,-0.,-0.,1.,-0.,-0.,-0.,-0.,-8.,0.,0.,0.,-8.,0.,0.,39.999996,0.,0.,0.,0.,0.,0.,0.,0.,0.,0.,0.,-5.447441,-0.00062,-9e-06,4264.126953,5111.145508,5347.953613,5216.762207,0.646226,-13.694954,-16.65222,-1.938678,27.37575,33.303772,0.000344,-0.01627,-0.004426,-5.447097,-0.01689,-0.004435,-5.447637,-0.0009,0.,100,5616,0,273,0,0,-22319,-64,68,40548,227410,405184,273,109,-68
144.734,03:58:29.734,43.564124158,1.481279338,0.,-0.,-0.,-0.,1.,-0.,-0.,-0.,-0.,-8.,0.,0.,0.,-8.,0.,0.,39.999996,0.,0.,0.,0.,0.,0.,0.,0.,0.,0.,0.,-5.447441,0.000155,-2e-06,4613.363281,5151.989746,5063.597168,5111.038086,0.529087,-6.876595,-5.729955,-1.58726,13.793322,11.459716,0.002864,-0.013049,-0.00458,-5.444577,-0.012894,-0.004583,-5.447637,0.002863,-9e-06,101,5010,0,281,0,0,-22303,-69,2,75613,266585,433587,281,137,-22
144.984,03:58:29.984,43.564125283,1.481281756,0.,-0.,-0.,-0.,1.,-0.,-0.,-0.,-0.,-8.,0.,0.,0.,-8.,0.,0.,39.999996,0.,0.,0.,0.,0.,0.,0.,0.,0.,0.,0.,-5.447441,0.000383,-0.047532,4202.649902,5112.035645,5421.076172,5248.226562,0.664921,-15.151299,-18.964642,-1.994763,30.572916,36.97002,0.003345,0.001095,-0.004964,-5.444096,0.001479,-0.052496,-5.447827,0.002284,-0.166497,101,4990,0,289,0,0,-22298,-3,-54,52506,309833,486018,289,169,28
145.234,03:58:30.234,43.564126619,1.481284222,0.,-0.,-0.,-0.,1.,-0.,-0.,-0.,-0.,-8.,0.,0.,0.,-8.,0.,0.,39.999996,0.,0.,0.,0.,0.,0.,0.,0.,0.,0.,0.,-5.447664,0.001137,-0.156843,5381.711914,4589.480469,5617.799316,4394.996582,-1.819127,-6.028,-0.582449,5.457381,12.036297,2.766772,0.002143,0.00899,-0.088353,-5.445521,0.010126,-0.245196,-5.44787,0.002445,-0.190547,101,4994,0,292,0,0,-22301,-21,-663,16098,397720,447175,292,207,79
145.484,03:58:30.484,43.564128377,1.481285962,0.,-0.,-0.,-0.,1.,-0.,-0.,-0.,-0.,-8.,0.,0.,0.,-8.,0.,0.,39.999996,0.,0.,0.,0.,0.,0.,0.,0.,0.,0.,0.,-5.447867,0.00235,-0.169947,3783.039062,5108.302246,5465.081543,5583.56543,1.303373,-16.894907,-30.202282,-3.91012,33.784985,60.303982,0.000398,0.008054,0.045682,-5.447469,0.010404,-0.124265,-5.447886,0.002829,-0.176061,101,4987,0,289,0,0,-22309,44,-820,-37841,578078,238051,289,257,115
145.734,03:58:30.734,43.564130873,1.481287026,0.,-0.,-0.,-0.,1.,-0.,-0.,-0.,-0.,-8.,0.,0.,0.,-8.,0.,0.,39.999996,0.,0.,0.,0.,0.,0.,0.,0.,0.,0.,0.,-5.447867,0.002725,-0.171484,2961.599121,5476.204102,5454.192383,6091.992188,2.84591,-26.27527,-43.517349,-8.537731,52.545418,87.86171,-0.000686,0.008414,0.057724,-5.448553,0.011139,-0.11376,-5.447893,0.002829,-0.180888,102,4989,0,280,0,0,-22311,31,-570,-40568,703175,174458,280,328,137
145.984,03:58:30.984,43.564133686,1.481287171,0.,-0.,-0.,-0.,1.,-0.,-0.,-0.,-0.,-8.,0.,0.,0.,-8.,0.,0.,39.999996,0.,0.,0.,0.,0.,0.,0.,0.,0.,0.,0.,-5.454686,0.00058,-0.095919,4613.248047,4569.905273,5727.037109,4865.799805,-0.81664,-11.450526,-19.735579,0.661782,22.900339,37.306763,-0.001611,0.004321,0.079442,-5.456297,0.004901,-0.016477,-5.500084,-0.001917,-0.023009,102,4966,0,266,0,0,-22313,41,-464,-123753,741572,16327,266,408,140
146.234,03:58:31.234,43.564136991,1.481287074,0.,-0.,-0.,-0.,1.,-0.,-0.,-0.,-0.,-8.,0.,0.,0.,-8.,0.,0.,39.999996,0.,0.,0.,0.,0.,0.,0.,0.,0.,0.,0.,-5.551866,-0.001522,-0.034843,7028.113281,2461.221191,7614.434082,2836.219238,-8.436531,-2.958515,-13.458473,23.879082,5.950528,26.345114,-0.042373,0.008064,0.084497,-5.594238,0.006541,0.049654,-5.683814,-0.002064,-0.022979,102,4942,0,247,0,0,-22517,76,433,-161880,789368,19237,247,502,138
146.484,03:58:31.484,43.564139557,1.481287461,0.,-0.,-0.,-0.,1.,-0.,-0.,-0.,-0.,-8.,0.,0.,0.,-8.,0.,0.,39.999996,0.,0.,0.,0.,0.,0.,0.,0.,0.,0.,0.,-5.725218,-0.001143,-0.015161,3898.80249,5273.648438,5076.964844,5242.574219,1.390679,-16.929304,-16.059237,-4.052828,33.848915,31.855373,-0.085241,0.011842,0.029824,-5.810459,0.010699,0.014663,-5.875756,-0.,0.,102,4981,0,226,0,0,-23289,39,-29,-179806,694828,97788,226,575,146
146.734,03:58:31.734,43.564142897,1.481288186,0.,-0.,-0.,-0.,1.,-0.,-0.,-0.,-0.,-8.,0.,0.,0.,-8.,0.,0.,39.999996,0.,0.,0.,0.,0.,0.,0.,0.,0.,0.,0.,-5.924239,-0.000204,-0.002567,4436.769043,5342.618164,5145.871094,4638.730469,0.359941,-19.781855,-0.072995,-1.199034,39.552105,-0.005349,-0.097524,0.017885,-0.004337,-6.021763,0.017681,-0.006904,-6.093274,-0.,0.,103,4885,0,195,0,0,-24181,89,124,-267416,795387,180328,194,670,161
146.984,03:58:31.984,43.564145499,1.481289153,0.,-0.,-0.,-0.,1.,-0.,-0.,-0.,-0.,-8.,0.,0.,0.,-8.,0.,0.,39.999996,0.,0.,0.,0.,0.,0.,0.,0.,0.,0.,0.,-6.133547,-2.6e-05,-0.000325,4617.45752,5346.415039,4302.408203,5085.708008,1.365228,0.760786,8.060603,-3.14201,-1.523457,-16.14481,-0.092999,-0.010656,-0.045313,-6.226545,-0.010682,-0.045637,-6.281549,-0.,0.,103,4815,0,161,0,0,-25049,-4,38,-330411,689194,173663,162,744,181
147.234,03:58:32.234,43.564148136,1.481290265,0.,-0.,-0.,-0.,1.,-0.,-0.,-0.,-0.,-8.,0.,0.,0.,-8.,0.,0.,39.999996,0.,0.,0.,0.,0.,0.,0.,0.,0.,0.,0.,-6.298275,-3e-06,-3.6e-05,5065.399414,6264.638672,5843.908691,6290.039062,1.485391,-10.543527,-11.254735,-2.906454,21.086819,22.506571,-0.053496,0.013994,-0.023448,-6.351771,0.013991,-0.023484,-6.387119,0.,0.,103,5007,0,120,0,0,-25778,42,-168,-355719,686837,164310,120,819,204
147.484,03:58:32.484,43.564150702,1.481291281,0.,-0.,-0.,-0.,1.,-0.,-0.,-0.,-0.,-8.,0.,0.,0.,-8.,0.,0.,39.999996,0.,0.,0.,0.,0.,0.,0.,0.,0.,0.,0.,-6.379679,-0.,-4e-06,5641.387207,6226.902832,6248.527344,6291.169922,0.567103,-7.600233,-9.399697,-0.747635,15.20044,18.799074,0.002228,-0.02545,-0.033443,-6.377451,-0.025451,-0.033447,-6.404182,0.,0.,103,5964,0,80,0,0,-26111,-97,-151,-197465,700456,163558,79,892,225
147.734,03:58:32.734,43.564153374,1.481292006,0.,-0.,-0.,-0.,1.,-0.,-0.,-0.,-0.,-8.,0.,0.,0.,-8.,0.,0.,39.999996,0.,0.,0.,0.,0.,0.,0.,0.,0.,0.,0.,-6.400526,0.007249,-0.000347,4278.44873,5119.179688,5300.237793,5618.12207,1.045964,-7.319849,-21.290239,-3.018683,19.406206,42.328766,0.047013,-0.025984,-0.005414,-6.353513,-0.018735,-0.005761,-6.404637,0.109406,-0.005554,104,5434,0,66,0,0,-26084,-115,-74,60759,743488,101557,66,968,240
147.984,03:58:32.984,43.564156398,1.481292441,0.,-0.,-0.,-0.,1.,-0.,-0.,-0.,-0.,-8.,0.,0.,0.,-8.,0.,0.,39.999996,0.,0.,0.,0.,0.,0.,0.,0.,0.,0.,0.,-6.404914,0.155341,-0.009537,3927.261963,5016.09668,6419.056641,4953.572754,-0.34004,-35.76046,-34.0098,1.020119,70.593323,67.955109,0.061658,0.090588,0.01174,-6.343256,0.245929,0.002204,-6.407021,0.262613,-0.02035,104,5085,0,77,0,0,-25997,92,-79,78002,790312,48341,77,1054,249
148.234,03:58:33.234,43.564158964,1.481292828,0.,-0.,-0.,-0.,1.,-0.,-0.,-0.,-0.,-8.,0.,0.,0.,-8.,0.,0.,39.999996,0.,0.,0.,0.,0.,0.,0.,0.,0.,0.,0.,-6.406159,0.224903,-0.015113,4496.621094,5181.84668,5277.242188,5360.27832,0.693565,-8.430655,-13.426732,-2.080696,15.028466,27.056725,0.059278,0.02114,-0.030369,-6.346881,0.246043,-0.045483,-6.405693,0.199502,-0.013585,104,5079,0,87,0,0,-25983,1302,-30,61771,536373,107459,87,1127,257
148.484,03:58:33.484,43.564160406,1.481293408,0.,-0.,-0.,-0.,1.,-0.,-0.,-0.,-0.,-8.,0.,0.,0.,-8.,0.,0.,39.999996,0.,0.,0.,0.,0.,0.,0.,0.,0.,0.,0.,-6.406159,0.224113,-0.014432,5298.186035,4857.041504,5158.399902,5002.36084,-0.539117,3.99147,-0.07746,1.617351,-6.805748,0.290661,0.050138,-0.072579,-0.007333,-6.35602,0.151534,-0.021765,-6.405855,0.247678,-0.012227,104,5078,0,88,0,0,-26011,778,-144,-5087,250661,101056,88,1168,269
148.734,03:58:33.734,43.564160757,1.481293891,0.,-0.,-0.,-0.,1.,-0.,-0.,-0.,-0.,-8.,0.,0.,0.,-8.,0.,0.,39.999996,0.,0.,0.,0.,0.,0.,0.,0.,0.,0.,0.,-6.408275,0.2739,-0.025626,4393.187012,5008.370605,5474.904785,5439.525879,0.523432,-9.107879,-21.180225,-1.570297,18.364769,42.346481,0.03924,-0.052051,-0.014426,-6.369035,0.221849,-0.040052,-6.414792,0.344914,-0.060029,105,5078,0,80,0,0,-26057,663,-130,-44091,57059,108078,80,1178,279
148.984,03:58:33.984,43.564160370,1.481294472,0.,-0.,-0.,-0.,1.,-0.,-0.,-0.,-0.,-8.,0.,0.,0.,-8.,0.,0.,39.999996,0.,0.,0.,0.,0.,0.,0.,0.,0.,0.,0.,-6.412254,0.327397,-0.046562,5051.243652,5214.040039,4903.520996,5147.183594,0.366938,1.132119,3.004111,-0.981604,-4.111982,-5.63383,0.031284,-0.03465,-0.021473,-6.38097,0.292747,-0.068035,-6.41119,0.313328,-0.043405,105,5078,0,73,0,0,-26122,1152,-276,-30114,-185022,100471,73,1167,291
149.234,03:58:34.234,43.564158718,1.481294858,0.,-0.,-0.,-0.,1.,-0.,-0.,-0.,-0.,-8.,0.,0.,0.,-8.,0.,0.,39.999996,0.,0.,0.,0.,0.,0.,0.,0.,0.,0.,0.,-6.407904,0.29735,-0.02915,5912.513672,5908.063477,5731.180664,6760.22998,0.924989,14.468995,-9.391682,-2.774968,-28.625067,18.391277,0.026719,-0.123391,0.002534,-6.381185,0.173959,-0.026616,-6.403861,0.269854,-0.012698,105,5206,0,62,0,0,-26140,1042,-248,-114561,-513090,72877,61,1120,299
149.484,03:58:34.484,43.564156046,1.481295439,0.,-0.,-0.,-0.,1.,-0.,-0.,-0.,-0.,-8.,0.,0.,0.,-8.,0.,0.,39.999996,0.,0.,0.,0.,0.,0.,0.,0.,0.,0.,0.,-6.404259,0.272889,-0.012494,5428.490234,6191.87793,5950.634766,6740.985352,1.402687,0.377479,-14.99753,-4.327269,-0.523991,29.869099,0.019684,-0.127016,0.000795,-6.384575,0.145873,-0.011699,-6.402785,0.265274,-0.004853,105,6044,0,57,0,0,-26140,542,-21,135482,-700817,149261,57,1044,311
149.734,03:58:34.734,43.564154394,1.481295535,0.,-0.,-0.,-0.,1.,-0.,-0.,-0.,-0.,-8.,0.,0.,0.,-8.,0.,0.,39.999996,0.,0.,0.,0.,0.,0.,0.,0.,0.,0.,0.,-6.412241,0.243017,-0.093355,5277.447754,5974.018555,6134.848145,6973.67334,1.38612,1.991558,-25.998766,-3.91994,-5.544012,50.444084,0.010152,-0.099793,0.028031,-6.40209,0.143223,-0.065324,-6.428214,0.163501,-0.315632,106,6080,0,68,0,0,-26159,630,15,271028,-444473,100302,69,997,313
149.984,03:58:34.984,43.564148593,1.481296696,0.,-0.,-0.,-0.,1.,-0.,-0.,-0.,-0.,-8.,0.,0.,0.,-8.,0.,0.,39.999996,0.,0.,0.,0.,0.,0.,0.,0.,0.,0.,0.,-6.417711,0.133649,-0.258345,5068.871094,6396.82373,5069.098145,7825.194336,3.686962,19.994001,-20.000362,-10.464841,-41.701637,46.497631,0.01015,-0.185764,-0.109597,-6.407561,-0.052115,-0.367942,-6.410156,0.056085,-0.283965,106,6082,0,148,0,0,-26249,330,-1270,716569,-1136140,133924,148,832,337
150.234,03:58:35.234,43.564144233,1.481295874,0.,-0.,-0.,-0.,1.,-0.,-0.,-0.,-0.,-8.,0.,0.,0.,-8.,0.,0.,39.999996,0.,0.,0.,0.,0.,0.,0.,0.,0.,0.,0.,-6.408581,0.049114,-0.219931,5255.942871,6543.333496,5446.355957,7114.355469,2.668054,5.328517,-10.660083,-8.004163,-11.199995,31.173557,0.009371,-0.134699,0.060411,-6.39921,-0.085586,-0.159519,-6.402137,-0.005727,1.7e-05,106,6082,0,244,0,0,-26244,-218,-1387,963828,-1009359,-352326,245,708,320
150.484,03:58:35.484,43.564140893,1.481292393,0.,-0.,-0.,-0.,1.,-0.,-0.,-0.,-0.,-8.,0.,0.,0.,-8.,0.,0.,39.999996,0.,0.,0.,0.,0.,0.,0.,0.,0.,0.,0.,-6.403397,0.008334,-0.051332,5288.683105,5618.128906,6304.645508,7100.530273,1.015931,6.530154,-34.977085,-3.286212,-12.553668,67.500137,0.010539,-0.066498,0.20162,-6.392858,-0.058164,0.150288,-6.402137,0.,0.,106,6085,0,359,0,0,-26193,-300,-239,1110739,-764407,-647613,360,613,248
150.734,03:58:35.734,43.564138221,1.481288525,0.,-0.,-0.,-0.,1.,-0.,-0.,-0.,-0.,-8.,0.,0.,0.,-8.,0.,0.,39.999996,0.,0.,0.,0.,0.,0.,0.,0.,0.,0.,0.,-6.402356,0.001135,-0.007081,5244.030273,4055.011719,5612.722168,5192.225586,-1.45303,10.759302,-21.08267,4.478299,-21.446339,41.682682,0.009068,-0.003831,0.066342,-6.393288,-0.002695,0.05926,-6.402137,0.,0.,107,6065,0,509,0,0,-26185,-127,514,1358455,-543811,-504400,510,537,168
150.984,03:58:35.984,43.564136534,1.481285914,0.,-0.,-0.,-0.,1.,-0.,-0.,-0.,-0.,-8.,0.,0.,0.,-8.,0.,0.,39.999996,0.,0.,0.,0.,0.,0.,0.,0.,0.,0.,0.,-6.402121,0.000138,-0.000828,4813.217285,4959.581543,5163.651367,5143.539551,0.113979,-2.33067,-7.481498,-0.341936,4.671679,14.899114,0.007615,0.026166,0.02426,-6.394506,0.026304,0.023431,-6.402137,0.,0.,107,5065,0,675,0,0,-26188,93,187,1362384,-386854,-354430,677,489,114
151.234,03:58:36.234,43.564135233,1.481284222,0.,-0.,-0.,-0.,1.,-0.,-0.,-0.,-0.,-8.,0.,0.,0.,-8.,0.,0.,39.999996,0.,0.,0.,0.,0.,0.,0.,0.,0.,0.,0.,-6.402121,1.5e-05,-8.9e-05,3288.143066,3667.514404,4012.828369,4151.505859,0.467665,-3.369706,-16.921473,-1.402994,6.74064,33.835617,0.007023,0.039181,-0.011904,-6.395097,0.039196,-0.011993,-6.402137,0.,0.,107,5007,0,831,0,0,-26194,115,-20,1219111,-293548,-243041,832,452,79
151.484,03:58:36.484,43.564134037,1.481282820,0.,-0.,-0.,-0.,1.,-0.,-0.,-0.,-0.,-8.,0.,0.,0.,-8.,0.,0.,39.999996,0.,0.,0.,0.,0.,0.,0.,0.,0.,0.,0.,-6.402121,2e-06,-9e-06,3255.757324,3822.689209,3816.400879,4225.14502,0.880795,-2.214627,-13.483384,-2.642386,4.429387,26.965986,0.006267,0.023357,-0.010881,-6.395854,0.023358,-0.01089,-6.402137,0.,0.,107,3830,0,960,0,0,-26195,162,-40,872797,-253245,-214033,960,418,50
151.734,03:58:36.734,43.564132948,1.481281562,0.,-0.,-0.,-0.,1.,-0.,-0.,-0.,-0.,-8.,0.,0.,0.,-8.,0.,0.,39.999996,0.,0.,0.,0.,0.,0.,0.,0.,0.,0.,0.,-6.401485,0.,-1e-06,4494.046387,4844.825195,4734.944336,4478.174805,0.084867,-8.505682,1.760545,-0.135393,17.011377,-3.521171,0.006022,0.01909,-0.014282,-6.395463,0.01909,-0.014283,-6.399837,0.,0.,108,3780,0,1038,0,0,-26199,61,-29,419042,-223797,-179935,1039,387,24
151.984,03:58:36.984,43.564131998,1.481280499,0.,-0.,-0.,-0.,1.,-0.,-0.,-0.,-0.,-8.,0.,0.,0.,-8.,0.,0.,39.999996,0.,0.,0.,0.,0.,0.,0.,0.,0.,0.,0.,-6.40003,0.,-0.,4075.874756,4698.82666,5055.879883,4721.40918,0.260438,-13.403924,-14.036227,-0.900523,26.80785,28.072447,0.006163,0.046857,0.007105,-6.393867,0.046857,0.007105,-6.399813,0.,0.,108,4605,0,1067,0,0,-26192,132,-25,152784,-188419,-149947,1067,360,2
152.234,03:58:37.234,43.564131049,1.481279532,0.,-0.,-0.,-0.,1.,-0.,-0.,-0.,-0.,-8.,0.,0.,0.,-8.,0.,0.,39.999996,0.,0.,0.,0.,0.,0.,0.,0.,0.,0.,0.,-6.399781,0.,-0.,3613.289551,4642.023438,5249.020996,5047.65625,0.746926,-17.221375,-28.579102,-2.240777,34.442749,57.158203,0.005078,0.027834,0.014952,-6.394703,0.027834,0.014952,-6.399813,0.,0.,108,4635,0,1070,0,0,-26189,88,-26,-6176,-174422,-139456,1070,333,-18
152.484,03:58:37.484,43.564130276,1.481278758,0.,-0.,-0.,-0.,1.,-0.,-0.,-0.,-0.,-8.,0.,0.,0.,-8.,0.,0.,39.999996,0.,0.,0.,0.,0.,0.,0.,0.,0.,0.,0.,-6.400532,0.12646,-0.006672,4172.520508,4425.805176,4588.222656,5365.442383,0.930315,7.335093,-18.974752,-2.671735,-17.190344,38.464409,0.003402,0.055598,-0.015323,-6.39713,0.182059,-0.021994,-6.400159,0.255657,-0.002688,108,4636,0,1053,0,0,-26194,154,92,-207036,-142291,-92327,1052,311,-34
152.734,03:58:37.734,43.564129397,1.481278323,0.,-0.,-0.,-0.,1.,-0.,-0.,-0.,-0.,-8.,0.,0.,0.,-8.,0.,0.,39.999996,0.,0.,0.,0.,0.,0.,0.,0.,0.,0.,0.,-6.400537,0.243285,-0.002837,4200.091309,4423.144043,4608.456543,5296.298828,0.822333,6.507062,-17.94128,-2.467,-15.454188,35.830231,0.002635,0.081864,0.022273,-6.397902,0.325149,0.019436,-6.399879,0.255663,-0.000513,109,4637,0,1017,0,0,-26200,1418,-46,-357351,-297302,-19555,1017,286,-43
152.984,03:58:37.984,43.564127498,1.481278371,0.,-0.,-0.,-0.,1.,-0.,-0.,-0.,-0.,-8.,0.,0.,0.,-8.,0.,0.,39.999996,0.,0.,0.,0.,0.,0.,0.,0.,0.,0.,0.,-6.400537,0.157487,-0.000703,3997.71875,5102.328613,4952.143066,4499.799805,0.588844,-21.797338,-4.926545,-1.766531,45.25988,9.827202,0.003224,-0.071106,-0.020448,-6.397313,0.086381,-0.021152,-6.399813,0.,0.,109,4637,0,961,0,0,-26203,977,-131,-516222,-568238,123126,960,232,-42
153.234,03:58:38.234,43.564124861,1.481278323,0.,-0.,-0.,-0.,1.,-0.,-0.,-0.,-0.,-8.,0.,0.,0.,-8.,0.,0.,39.999996,0.,0.,0.,0.,0.,0.,0.,0.,0.,0.,0.,-6.400537,0.02777,-0.000105,4655.793945,4529.622559,4398.067383,4968.506836,0.401072,9.752552,-2.536212,-1.203215,-17.912077,5.065665,-0.000125,-0.215912,-0.051129,-6.400662,-0.188142,-0.051234,-6.399813,-0.,-0.,109,4637,0,882,0,0,-26215,-562,26,-690682,-586987,40612,881,157,-43
153.484,03:58:38.484,43.564122857,1.481278275,0.,-0.,-0.,-0.,1.,-0.,-0.,-0.,-0.,-8.,0.,0.,0.,-8.,0.,0.,39.999996,0.,0.,0.,0.,0.,0.,0.,0.,0.,0.,0.,-6.400537,0.003558,-1.3e-05,4241.411621,4247.103027,4815.859863,5247.616211,0.39492,5.964915,-22.049463,-1.184759,-11.673717,44.097973,0.002433,-0.064171,0.000505,-6.398104,-0.060613,0.000492,-6.399813,0.,0.,109,4637,0,791,0,0,-26218,-464,-163,-779304,-326773,-3110,791,100,-44
153.734,03:58:38.734,43.564121592,1.481277985,0.,-0.,-0.,-0.,1.,-0.,-0.,-0.,-0.,-8.,0.,0.,0.,-8.,0.,0.,39.999996,0.,0.,0.,0.,0.,0.,0.,0.,0.,0.,0.,-6.400537,0.000402,-1e-06,4855.246094,4264.27832,4510.896973,4921.569336,-0.162761,14.022963,-4.381192,0.488283,-28.014086,8.762272,0.005141,-0.013133,0.010981,-6.395396,-0.01273,0.01098,-6.399813,0.,0.,110,4637,0,689,0,0,-26201,-138,-2,-952135,-207119,-24966,686,64,-50
153.984,03:58:38.984,43.564120889,1.481277695,0.,-0.,-0.,-0.,1.,-0.,-0.,-0.,-0.,-8.,0.,0.,0.,-8.,0.,0.,39.999996,0.,0.,0.,0.,0.,0.,0.,0.,0.,0.,0.,-6.400537,4.2e-05,-0.,4363.566406,4630.483887,4477.101562,5080.838379,0.786005,4.715469,-7.894453,-2.358016,-9.427395,15.788893,0.003995,0.021211,-0.002825,-6.396542,0.021253,-0.002825,-6.399813,0.,0.,110,4637,0,571,0,0,-26198,-12,38,-952410,-102541,-10744,570,44,-56
154.234,03:58:39.234,43.564120537,1.481277646,0.,-0.,-0.,-0.,1.,-0.,-0.,-0.,-0.,-8.,0.,0.,0.,-8.,0.,0.,39.999996,0.,0.,0.,0.,0.,0.,0.,0.,0.,0.,0.,-6.399455,4e-06,-0.,4839.803711,5827.128906,4150.424316,5990.631348,2.552637,11.940347,7.362273,-7.65791,-23.880323,-14.724546,-0.007033,0.036089,0.008294,-6.406488,0.036094,0.008294,-6.398605,-0.,-0.,110,4781,0,431,0,0,-26213,222,100,-1122688,-51286,34290,430,34,-57
154.484,03:58:39.484,43.564120256,1.481277646,0.,-0.,-0.,-0.,1.,-0.,-0.,-0.,-0.,-8.,0.,0.,0.,-8.,0.,0.,39.999996,0.,0.,0.,0.,0.,0.,0.,0.,0.,0.,0.,-6.398724,0.,-0.,4554.927246,5519.39209,5202.094727,5603.57373,1.233139,-7.881799,-10.238883,-3.580208,15.763635,20.477766,-0.011842,0.055074,-0.000651,-6.410565,0.055074,-0.000651,-6.398605,-0.,-0.,110,5194,0,305,0,0,-26250,162,84,-1248159,-43569,67451,304,26,-57
154.734,03:58:39.734,43.564120010,1.481278081,0.,-0.,-0.,-0.,1.,-0.,-0.,-0.,-0.,-8.,0.,0.,0.,-8.,0.,0.,39.999996,0.,0.,0.,0.,0.,0.,0.,0.,0.,0.,0.,-6.398585,0.,-0.,4241.696289,5884.504395,5833.730957,6024.057129,1.654902,-20.334738,-24.242229,-4.964706,40.669479,48.484459,-0.008676,0.051919,-0.018574,-6.40726,0.051919,-0.018574,-6.398605,-0.,-0.,111,5330,0,145,0,0,-26253,165,-13,-1157500,-20953,109543,144,19,-48
154.984,03:58:39.984,43.564119869,1.481278662,0.,-0.,-0.,-0.,1.,-0.,-0.,-0.,-0.,-8.,0.,0.,0.,-8.,0.,0.,39.999996,0.,0.,0.,0.,0.,0.,0.,0.,0.,0.,0.,-6.398585,0.,-0.,5229.790527,5750.172363,4787.478027,6216.54834,1.759928,12.721638,-0.336885,-5.279785,-25.443275,0.673769,-0.019424,0.092688,-0.008132,-6.418009,0.092688,-0.008132,-6.398605,-0.,-0.,111,5490,0,39,0,0,-26229,371,-127,-799189,-11493,142308,39,15,-36
155.234,03:58:40.234,43.564119764,1.481278903,0.,-0.,-0.,-0.,1.,-0.,-0.,-0.,-0.,-8.,0.,0.,0.,-8.,0.,0.,39.999996,0.,0.,0.,0.,0.,0.,0.,0.,0.,0.,0.,-6.398585,0.,-0.,4726.867676,5544.778809,5593.83252,6118.509766,1.212049,-4.105279,-20.169737,-3.636146,8.210559,40.339474,-0.012295,0.009519,-0.017448,-6.41088,0.009519,-0.017448,-6.398605,-0.,-0.,111,5495,0,38,0,0,-26279,74,-159,76311,16301,100970,38,12,-31
155.484,03:58:40.484,43.564119447,1.481278613,0.,-0.,-0.,-0.,1.,-0.,-0.,-0.,-0.,-8.,0.,0.,0.,-8.,0.,0.,39.999996,0.,0.,0.,0.,0.,0.,0.,0.,0.,0.,0.,-6.398585,0.,-0.,4496.903809,4127.003418,4327.184082,4496.898438,-0.18071,7.554596,-2.802451,0.542131,-15.109192,5.604901,-0.005674,0.007049,-0.033835,-6.404259,0.007049,-0.033835,-6.398605,-0.,-0.,111,5495,0,138,0,0,-26247,6,-110,693807,36341,28684,138,3,-37
155.734,03:58:40.734,43.564119517,1.481278952,0.,-0.,-0.,-0.,1.,-0.,-0.,-0.,-0.,-8.,0.,0.,0.,-8.,0.,0.,39.999996,0.,0.,0.,0.,0.,0.,0.,0.,0.,0.,0.,-6.398585,0.,-0.,3680.403809,4147.24707,4169.726562,4342.614258,0.577534,-4.115376,-9.58567,-1.732603,8.230753,19.171341,-0.001138,0.024904,-0.006179,-6.399723,0.024904,-0.006179,-6.398605,-0.,-0.,112,4252,0,220,0,0,-26220,97,-67,559613,67852,58341,221,5,-30
155.984,03:58:40.984,43.564119764,1.481279580,0.,-0.,-0.,-0.,1.,-0.,-0.,-0.,-0.,-8.,0.,0.,0.,-8.,0.,0.,39.999996,0.,0.,0.,0.,0.,0.,0.,0.,0.,0.,0.,-6.398585,0.,-0.,3659.339355,4266.338379,4138.351562,4251.962891,0.650535,-6.907432,-6.504907,-1.951606,13.814863,13.009814,-0.000794,0.012349,-0.017095,-6.399379,0.012349,-0.017095,-6.398605,-0.,-0.,112,4083,0,269,0,0,-26212,56,-54,210815,107681,125598,269,12,-17
156.234,03:58:41.234,43.564120150,1.481280305,0.,-0.,-0.,-0.,1.,-0.,-0.,-0.,-0.,-8.,0.,0.,0.,-8.,0.,0.,39.999996,0.,0.,0.,0.,0.,0.,0.,0.,0.,0.,0.,-6.398585,0.,-0.,4529.151855,4604.364746,5043.005859,5079.46582,0.100814,-0.542541,-13.845368,-0.302442,1.085082,27.690737,0.000829,0.013585,-0.018871,-6.397756,0.013585,-0.018871,-6.398605,0.,0.,112,4158,0,272,0,0,-26210,61,-78,-138061,147509,140035,272,23,-2
156.484,03:58:41.484,43.564120642,1.481281079,0.,-0.,-0.,-0.,1.,-0.,-0.,-0.,-0.,-8.,0.,0.,0.,-8.,0.,0.,39.999996,0.,0.,0.,0.,0.,0.,0.,0.,0.,0.,0.,-6.398585,0.,-0.,4412.895508,4975.050781,4900.448242,5203.595703,0.781171,-3.626117,-10.025371,-2.343514,7.252234,20.050741,0.002121,0.020017,-0.020275,-6.396463,0.020017,-0.020275,-6.398605,0.,0.,112,4819,0,241,0,0,-26201,130,-45,-302202,171135,148821,241,37,14
156.734,03:58:41.734,43.564121170,1.481281998,0.,-0.,-0.,-0.,1.,-0.,-0.,-0.,-0.,-8.,0.,0.,0.,-8.,0.,0.,39.999996,0.,0.,0.,0.,0.,0.,0.,0.,0.,0.,0.,-6.398585,0.,-0.,4433.417969,4985.184082,4876.852539,5196.535156,0.78672,-3.249168,-9.167006,-2.360159,6.498336,18.334013,0.001943,0.023994,0.000522,-6.396642,0.023994,0.000522,-6.398605,0.,0.,113,4871,0,194,0,0,-26198,76,-75,-393843,166847,173493,194,52,33
156.984,03:58:41.984,43.564121908,1.481282965,0.,-0.,-0.,-0.,1.,-0.,-0.,-0.,-0.,-8.,0.,0.,0.,-8.,0.,0.,39.999996,0.,0.,0.,0.,0.,0.,0.,0.,0.,0.,0.,-6.398585,0.,-0.,5081.923828,5564.120117,5468.378906,5797.565918,0.732509,-2.142133,-8.678617,-2.197528,4.284266,17.357235,0.000358,0.014073,0.000958,-6.398227,0.014073,0.000958,-6.398605,0.,0.,113,4946,0,140,0,0,-26201,110,-69,-422335,215196,171793,140,73,53
157.234,03:58:42.234,43.564122646,1.481284028,0.,-0.,-0.,-0.,1.,-0.,-0.,-0.,-0.,-8.,0.,0.,0.,-8.,0.,0.,39.999996,0.,0.,0.,0.,0.,0.,0.,0.,0.,0.,0.,-6.398585,0.,-0.,4958.773926,5458.672852,5694.181641,5800.359375,0.547146,-5.512095,-15.079329,-1.641439,11.02419,30.158659,-0.001003,0.017738,-0.020862,-6.399588,0.017738,-0.020862,-6.398605,-0.,-0.,113,5461,0,87,0,0,-26211,52,-64,-339588,240513,193650,86,94,75
157.484,03:58:42.484,43.564123455,1.481285092,0.,-0.,-0.,-0.,1.,-0.,-0.,-0.,-0.,-8.,0.,0.,0.,-8.,0.,0.,39.999996,0.,0.,0.,0.,0.,0.,0.,0.,0.,0.,0.,-6.398585,0.,-0.,5656.709961,6136.861328,4742.719238,5375.697754,1.004902,2.139572,23.452152,-3.014704,-4.279143,-46.904305,-0.001871,-0.008954,-0.026705,-6.400455,-0.008954,-0.026705,-6.398605,-0.,-0.,113,5477,0,59,0,0,-26212,12,41,-239046,291085,246158,58,117,97
157.734,03:58:42.734,43.564124721,1.481286397,0.,-0.,-0.,-0.,1.,-0.,-0.,-0.,-0.,-8.,0.,0.,0.,-8.,0.,0.,39.999996,0.,0.,0.,0.,0.,0.,0.,0.,0.,0.,0.,-6.398585,0.,-0.,5270.476074,5742.565918,5180.350098,5718.59668,0.91212,0.926195,1.597328,-2.736361,-1.852389,-3.194656,-0.002126,-0.006862,-0.003567,-6.400711,-0.006862,-0.003567,-6.398605,-0.,-0.,114,5477,0,37,0,0,-26216,15,-83,-20111,338002,233475,37,153,124
157.984,03:58:42.984,43.564126057,1.481287364,0.,-0.,-0.,-0.,1.,-0.,-0.,-0.,-0.,-8.,0.,0.,0.,-8.,0.,0.,39.999996,0.,0.,0.,0.,0.,0.,0.,0.,0.,0.,0.,-6.398585,0.,-0.,4900.915527,4866.141602,4878.776367,4986.154785,0.065548,1.990135,-1.370243,-0.196645,-3.98027,2.740485,-0.002012,0.026178,-0.006463,-6.400597,0.026178,-0.006463,-6.398605,-0.,-0.,114,5413,0,51,0,0,-26219,5,-46,201055,400974,185639,51,191,144
158.234,03:58:43.234,43.564127639,1.481288476,0.,-0.,-0.,-0.,1.,-0.,-0.,-0.,-0.,-8.,0.,0.,0.,-8.,0.,0.,39.999996,0.,0.,0.,0.,0.,0.,0.,0.,0.,0.,0.,-6.398585,0.,-0.,4647.74707,5235.925293,4956.818359,4743.497559,0.338411,-11.220981,2.566979,-1.015233,22.441961,-5.133959,-0.001389,0.025936,-0.005817,-6.399974,0.025936,-0.005817,-6.398605,-0.,-0.,114,4921,0,76,0,0,-26214,139,74,204005,424655,214022,77,236,167
158.484,03:58:43.484,43.564129326,1.481289782,0.,-0.,-0.,-0.,1.,-0.,-0.,-0.,-0.,-8.,0.,0.,0.,-8.,0.,0.,39.999996,0.,0.,0.,0.,0.,0.,0.,0.,0.,0.,0.,-6.398585,0.050382,7.7e-05,4295.249512,5067.771973,4625.804199,5595.162598,1.572527,2.755699,-12.01123,-4.717581,-8.067879,24.018835,-0.001945,0.027775,-0.011229,-6.40053,0.078157,-0.011152,-6.39859,0.135481,0.000222,114,4898,0,93,0,0,-26215,170,-74,130968,439381,224705,94,284,194
158.734,03:58:43.734,43.564130873,1.481291136,0.,-0.,-0.,-0.,1.,-0.,-0.,-0.,-0.,-8.,0.,0.,0.,-8.,0.,0.,39.999996,0.,0.,0.,0.,0.,0.,0.,0.,0.,0.,0.,-6.398585,0.10816,0.00011,4686.349609,5243.057129,4349.173828,5329.408203,1.387514,5.929385,3.511547,-4.162542,-12.588926,-7.024061,-0.000607,0.081577,0.013064,-6.399191,0.189737,0.013174,-6.398602,0.114374,6.7e-05,115,4897,0,100,0,0,-26211,819,12,9712,360658,229495,100,328,222
158.984,03:58:43.984,43.564131752,1.481292876,0.,-0.,-0.,-0.,1.,-0.,-0.,-0.,-0.,-8.,0.,0.,0.,-8.,0.,0.,39.999996,0.,0.,0.,0.,0.,0.,0.,0.,0.,0.,0.,-6.398645,0.114048,-0.004129,4507.491211,5008.918945,4616.716797,5474.861328,1.227388,4.994032,-8.052361,-3.801373,-8.650684,15.580037,-0.001043,-0.015248,-0.011884,-6.399688,0.0988,-0.016012,-6.4003,0.135492,-0.024969,115,4896,0,95,0,0,-26212,497,-28,-76538,185878,325216,95,353,258
159.234,03:58:44.234,43.564132139,1.481294713,0.,-0.,-0.,-0.,1.,-0.,-0.,-0.,-0.,-8.,0.,0.,0.,-8.,0.,0.,39.999996,0.,0.,0.,0.,0.,0.,0.,0.,0.,0.,0.,-6.401618,0.117851,-0.055562,4232.033691,5048.226562,5070.869141,5232.859375,0.883076,-9.158844,-14.328555,-2.649228,16.862963,28.853619,-0.001938,-0.009837,-0.015353,-6.403557,0.108014,-0.070915,-6.403517,0.077305,-0.126855,115,4898,0,79,0,0,-26217,484,-112,-170529,91540,342309,79,364,296
159.484,03:58:44.484,43.564131963,1.481296309,0.,-0.,-0.,-0.,1.,-0.,-0.,-0.,-0.,-8.,0.,0.,0.,-8.,0.,0.,39.999996,0.,0.,0.,0.,0.,0.,0.,0.,0.,0.,0.,-6.400333,0.047175,-0.064827,4261.358887,4300.945801,5342.739258,5678.944824,0.339257,4.152667,-34.431316,-1.017771,-7.215686,69.449364,0.000522,-0.070885,0.02012,-6.399811,-0.02371,-0.044707,-6.398606,4.1e-05,-0.028798,115,4898,0,53,0,0,-26226,252,-500,-234702,-32044,248497,53,359,329
159.734,03:58:44.734,43.564131717,1.481297518,0.,-0.,-0.,-0.,1.,-0.,-0.,-0.,-0.,-8.,0.,0.,0.,-8.,0.,0.,39.999996,0.,0.,0.,0.,0.,0.,0.,0.,0.,0.,0.,-6.398957,0.004647,-0.018514,4770.211914,4988.754395,5225.275391,4599.746582,-0.367417,-11.816991,-0.924782,1.102251,24.273567,1.087277,-0.013074,0.041147,0.197793,-6.412031,0.045794,0.179279,-6.398605,-0.0009,-1.3e-05,116,4897,0,26,0,0,-26208,-215,-7,-154260,25249,228084,26,352,354
159.984,03:58:44.984,43.564131752,1.481298388,0.,-0.,-0.,-0.,1.,-0.,-0.,-0.,-0.,-8.,0.,0.,0.,-8.,0.,0.,39.999996,0.,0.,0.,0.,0.,0.,0.,0.,0.,0.,0.,-6.398594,0.000119,-0.0265,4049.21875,5113.688477,5057.786621,5387.294434,1.258449,-10.289474,-17.950436,-3.894556,20.866312,37.564678,-0.005761,-0.031124,-0.015138,-6.404355,-0.031005,-0.041638,-6.398694,0.003183,-0.055779,116,4898,0,30,0,0,-26255,-30,62,139247,114245,224102,30,353,372
160.234,03:58:45.234,43.564131963,1.481299306,0.,-0.,-0.,-0.,1.,-0.,-0.,-0.,-0.,-8.,0.,0.,0.,-8.,0.,0.,39.999996,0.,0.,0.,0.,0.,0.,0.,0.,0.,0.,0.,-6.399112,0.017453,-0.046208,4354.47998,4694.347168,5147.074707,5412.086914,0.546062,-1.047975,-21.144676,-1.757396,2.244962,39.21785,0.000796,0.011042,0.00063,-6.398316,0.028495,-0.045578,-6.401936,0.043966,-0.151218,116,4896,0,52,0,0,-26217,-26,-176,138036,130752,162765,52,359,391
160.484,03:58:45.484,43.564132420,1.481300322,0.,-0.,-0.,-0.,1.,-0.,-0.,-0.,-0.,-8.,0.,0.,0.,-8.,0.,0.,39.999996,0.,0.,0.,0.,0.,0.,0.,0.,0.,0.,0.,-6.404402,0.058403,-0.16758,4010.28833,5774.000977,4799.092773,5024.606445,1.795823,-21.534784,-0.551736,-4.910632,39.762444,6.922375,-0.003119,0.048035,-0.094659,-6.407521,0.106438,-0.262239,-6.40062,0.027005,-0.148972,116,4898,0,68,0,0,-26219,236,-515,96010,154494,137223,68,372,412
160.734,03:58:45.734,43.564132807,1.481300563,0.,-0.,-0.,-0.,1.,-0.,-0.,-0.,-0.,-8.,0.,0.,0.,-8.,0.,0.,39.999996,0.,0.,0.,0.,0.,0.,0.,0.,0.,0.,0.,-6.401686,0.034719,-0.15924,4167.644043,4813.231445,4911.831055,5691.281738,1.286486,1.874094,-22.711325,-3.740249,-3.645743,45.240108,0.003906,-0.025962,0.05657,-6.397779,0.008757,-0.10267,-6.399871,0.017053,-0.148194,117,4898,0,72,0,0,-26214,393,-889,-23732,42978,-83848,72,383,417
160.984,03:58:45.984,43.564132983,1.481299790,0.,-0.,-0.,-0.,1.,-0.,-0.,-0.,-0.,-8.,0.,0.,0.,-8.,0.,0.,39.999996,0.,0.,0.,0.,0.,0.,0.,0.,0.,0.,0.,-6.400113,0.018951,-0.152915,3488.80127,4762.929688,5430.261719,5901.996094,1.576115,-11.23352,-43.12738,-4.728346,22.500101,86.053596,0.000634,-0.00796,0.061781,-6.399479,0.01099,-0.091133,-6.399595,0.012521,-0.157813,117,4898,0,66,0,0,-26208,-31,-516,-52708,90303,-185311,66,388,401
161.234,03:58:46.234,43.564133018,1.481298194,0.,-0.,-0.,-0.,1.,-0.,-0.,-0.,-0.,-8.,0.,0.,0.,-8.,0.,0.,39.999996,0.,0.,0.,0.,0.,0.,0.,0.,0.,0.,0.,-6.39945,0.010922,-0.154773,4710.601562,5498.429199,4679.681641,4695.276367,0.725309,-10.811265,11.677032,-2.175926,21.587372,-23.156624,0.000591,-0.000383,0.002183,-6.398859,0.01054,-0.15259,-6.398902,0.003856,-0.153971,117,4897,0,46,0,0,-26210,42,-358,-133173,73955,-294171,46,389,368
161.484,03:58:46.484,43.564133159,1.481298001,0.,-0.,-0.,-0.,1.,-0.,-0.,-0.,-0.,-8.,0.,0.,0.,-8.,0.,0.,39.999996,0.,0.,0.,0.,0.,0.,0.,0.,0.,0.,0.,-6.39892,0.004794,-0.154162,3792.176758,4556.291992,5721.939941,5513.580566,0.50172,-13.61464,-40.41872,-1.38595,27.31147,80.740585,0.006653,-0.008953,0.061138,-6.392267,-0.004159,-0.093025,-6.39883,0.002917,-0.153991,117,4896,0,50,0,0,-26193,-10,-644,41065,74539,-212234,50,393,364
161.734,03:58:46.734,43.564133440,1.481293843,0.,-0.,-0.,-0.,1.,-0.,-0.,-0.,-0.,-8.,0.,0.,0.,-8.,0.,0.,39.999996,0.,0.,0.,0.,0.,0.,0.,0.,0.,0.,0.,-6.398677,0.002808,-0.141779,4303.939941,4153.072754,5588.183105,5562.792969,-0.159118,1.756692,-37.715481,0.596563,-3.485968,76.425613,0.009099,-0.007738,-0.020669,-6.389578,-0.00493,-0.162448,-6.398707,0.001894,-0.107768,118,4896,0,27,0,0,-26168,2,-600,34149,120850,-610935,27,401,278
161.984,03:58:46.984,43.564133967,1.481289153,0.,-0.,-0.,-0.,1.,-0.,-0.,-0.,-0.,-8.,0.,0.,0.,-8.,0.,0.,39.999996,0.,0.,0.,0.,0.,0.,0.,0.,0.,0.,0.,-6.398585,0.00117,-0.047421,4530.824707,4043.802002,5297.668457,5711.693359,-0.065901,12.614668,-34.086296,0.197702,-25.196943,66.401215,0.003218,-3.9e-05,0.086552,-6.395367,0.001131,0.039131,-6.398605,0.,0.,118,4897,0,37,0,0,-26183,45,-119,86898,125281,-774275,37,416,181
162.234,03:58:47.234,43.564134565,1.481285720,0.,-0.,-0.,-0.,1.,-0.,-0.,-0.,-0.,-8.,0.,0.,0.,-8.,0.,0.,39.999996,0.,0.,0.,0.,0.,0.,0.,0.,0.,0.,0.,-6.398585,0.00048,-0.007053,3925.907471,4973.36084,5081.665527,5603.054199,1.416308,-7.364902,-24.996323,-4.248924,16.950863,49.538975,-0.000557,0.001626,0.063826,-6.399142,0.002106,0.056773,-6.398605,0.027816,1.5e-05,118,4898,0,50,0,0,-26204,-23,308,108849,173756,-571766,50,433,110
162.484,03:58:47.484,43.564135409,1.481282916,0.,-0.,-0.,-0.,1.,-0.,-0.,-0.,-0.,-8.,0.,0.,0.,-8.,0.,0.,39.999996,0.,0.,0.,0.,0.,0.,0.,0.,0.,0.,0.,-6.398585,0.060574,-0.001076,4414.99707,3858.703125,6212.946289,5097.341309,-1.509361,-7.83035,-42.512234,4.528083,15.08328,84.914307,0.002971,0.040317,0.056203,-6.395614,0.100891,0.055127,-6.398622,0.107665,-0.000314,118,4898,0,58,0,0,-26215,103,96,66520,229920,-451027,58,457,52
162.734,03:58:47.734,43.564136217,1.481280596,0.,-0.,-0.,-0.,1.,-0.,-0.,-0.,-0.,-8.,0.,0.,0.,-8.,0.,0.,39.999996,0.,0.,0.,0.,0.,0.,0.,0.,0.,0.,0.,-6.398585,0.10426,0.000542,4184.377441,4753.297852,4963.576172,5706.737305,1.184517,2.439373,-24.256933,-3.553551,-5.31088,48.481693,-0.001972,0.043524,0.017214,-6.400557,0.147784,0.017756,-6.398538,0.12108,0.001111,119,4898,0,55,0,0,-26227,607,-159,-19155,212406,-483075,55,480,4
162.984,03:58:47.984,43.564136815,1.481278081,0.,-0.,-0.,-0.,1.,-0.,-0.,-0.,-0.,-8.,0.,0.,0.,-8.,0.,0.,39.999996,0.,0.,0.,0.,0.,0.,0.,0.,0.,0.,0.,-6.398585,0.113431,0.000902,4238.317383,4928.605957,5169.736328,5271.328125,0.71489,-8.241754,-17.837978,-2.144671,15.38641,35.647087,-0.000767,0.008989,-0.026686,-6.399352,0.122421,-0.025785,-6.398602,0.088439,6.9e-05,119,4897,0,47,0,0,-26219,567,88,-80715,91042,-392541,47,497,-48
163.234,03:58:48.234,43.564136639,1.481276293,0.,-0.,-0.,-0.,1.,-0.,-0.,-0.,-0.,-8.,0.,0.,0.,-8.,0.,0.,39.999996,0.,0.,0.,0.,0.,0.,0.,0.,0.,0.,0.,-6.398585,0.091105,0.000116,4634.051758,4298.15918,5609.243164,5042.53418,-0.814851,-3.231434,-24.073929,2.444551,6.589528,48.152096,0.004166,-0.065988,-0.018495,-6.394419,0.025117,-0.018379,-6.398618,0.076903,-0.000323,119,4896,0,34,0,0,-26202,280,-123,-67592,-50005,-288613,34,492,-85
163.484,03:58:48.484,43.564136217,1.481275132,0.,-0.,-0.,-0.,1.,-0.,-0.,-0.,-0.,-8.,0.,0.,0.,-8.,0.,0.,39.999996,0.,0.,0.,0.,0.,0.,0.,0.,0.,0.,0.,-6.398585,0.071402,-0.000284,4614.825684,4742.322266,5164.179199,5062.661621,0.023453,-3.206194,-12.175706,-0.07036,7.80751,24.348785,0.006857,-0.043576,-0.032688,-6.391728,0.027826,-0.032972,-6.398624,0.073957,-0.000516,119,4899,0,30,0,0,-26184,223,-38,39647,-79933,-235998,30,480,-109
163.734,03:58:48.734,43.564135549,1.481272715,0.,-0.,-0.,-0.,1.,-0.,-0.,-0.,-0.,-8.,0.,0.,0.,-8.,0.,0.,39.999996,0.,0.,0.,0.,0.,0.,0.,0.,0.,0.,0.,-6.398585,0.068671,-0.000344,4612.193359,4997.359863,4931.276855,5067.158203,0.470388,-3.48999,-5.444355,-1.411164,7.074974,10.893439,0.002567,-0.014799,-0.014868,-6.396018,0.053872,-0.015212,-6.398611,0.067249,-0.000176,120,4898,0,38,0,0,-26187,102,-60,90144,-121816,-376764,38,461,-159
163.984,03:58:48.984,43.564135092,1.481271023,0.,-0.,-0.,-0.,1.,-0.,-0.,-0.,-0.,-8.,0.,0.,0.,-8.,0.,0.,39.999996,0.,0.,0.,0.,0.,0.,0.,0.,0.,0.,0.,-6.398585,0.093086,0.00022,4634.684082,5101.926758,5045.261719,4826.116699,0.223976,-9.609426,-1.886738,-0.671927,18.591139,3.764276,0.000554,0.006908,-0.015892,-6.398031,0.099994,-0.015672,-6.398556,0.115356,0.000851,120,4896,0,49,0,0,-26202,288,15,84605,-94163,-273052,49,448,-194
164.234,03:58:49.234,43.564134916,1.481270877,0.,-0.,-0.,-0.,1.,-0.,-0.,-0.,-0.,-8.,0.,0.,0.,-8.,0.,0.,39.999996,0.,0.,0.,0.,0.,0.,0.,0.,0.,0.,0.,-6.398585,0.095743,0.00055,5229.086914,5984.225586,4186.491699,4184.184082,0.679625,-10.604246,39.796925,-2.038875,21.098597,-79.623184,0.000125,0.001977,-0.041141,-6.398459,0.09772,-0.040591,-6.398606,0.081649,-2.8e-05,120,4898,0,49,0,0,-26206,485,98,-55145,-56533,57919,49,443,-197
164.484,03:58:49.484,43.564133616,1.481268218,0.,-0.,-0.,-0.,1.,-0.,-0.,-0.,-0.,-8.,0.,0.,0.,-8.,0.,0.,39.999996,0.,0.,0.,0.,0.,0.,0.,0.,0.,0.,0.,-6.398585,0.080315,0.000104,4390.103516,4667.762695,5108.112793,5418.009766,0.530429,0.451331,-20.555582,-1.591287,-0.686596,41.116863,0.000845,-0.02238,-0.004676,-6.39774,0.057935,-0.004571,-6.398608,0.073958,-6.4e-05,120,4895,0,51,0,0,-26207,233,25,-36713,-257760,-306154,51,406,-252
164.734,03:58:49.734,43.564132491,1.481267010,0.,-0.,-0.,-0.,1.,-0.,-0.,-0.,-0.,-8.,0.,0.,0.,-8.,0.,0.,39.999996,0.,0.,0.,0.,0.,0.,0.,0.,0.,0.,0.,-6.398585,0.076801,-7.3e-05,5075.000977,4677.661621,4753.164551,5102.161133,-0.04364,10.448705,-1.437294,0.130919,-20.740948,2.873624,0.002105,-0.034463,-0.020716,-6.39648,0.042338,-0.020789,-6.398612,0.08263,-0.00017,121,4897,0,41,0,0,-26202,223,-23,-93572,-258397,-182025,41,374,-277
164.984,03:58:49.984,43.564131225,1.481265994,0.,-0.,-0.,-0.,1.,-0.,-0.,-0.,-0.,-8.,0.,0.,0.,-8.,0.,0.,39.999996,0.,0.,0.,0.,0.,0.,0.,0.,0.,0.,0.,-6.398585,0.077785,-0.000185,4730.106445,4853.763672,5143.373047,4880.745605,-0.12546,-5.407988,-6.163477,0.376379,10.735883,12.327842,0.003654,-0.016334,-0.030712,-6.39493,0.06145,-0.030897,-6.398615,0.073958,-0.000264,121,4897,0,30,0,0,-26198,163,-162,-36233,-278879,-160520,28,338,-298
165.234,03:58:50.234,43.564129994,1.481265124,0.,-0.,-0.,-0.,1.,-0.,-0.,-0.,-0.,-8.,0.,0.,0.,-8.,0.,0.,39.999996,0.,0.,0.,0.,0.,0.,0.,0.,0.,0.,0.,-6.398585,0.072567,-0.000234,5342.868652,4832.678711,4525.869629,4882.571777,-0.138567,12.136487,10.739485,0.415702,-24.246897,-21.47488,0.00276,-0.036031,-0.026729,-6.395825,0.036536,-0.026962,-6.398611,0.067249,-0.00017,121,4900,0,35,0,0,-26193,229,-113,130769,-297011,-131603,35,303,-316
165.484,03:58:50.484,43.564129080,1.481264060,0.,-0.,-0.,-0.,1.,-0.,-0.,-0.,-0.,-8.,0.,0.,0.,-8.,0.,0.,39.999996,0.,0.,0.,0.,0.,0.,0.,0.,0.,0.,0.,-6.398585,0.066769,-0.000125,4447.006348,4974.614258,4774.561035,5435.807129,1.07327,1.870939,-11.042474,-3.219811,-3.998922,22.086224,-0.000447,-0.005698,0.036281,-6.399032,0.061071,0.036157,-6.398604,0.059559,2.5e-05,121,4899,0,41,0,0,-26202,180,-135,160367,-292068,-207094,42,277,-338
165.734,03:58:50.734,43.564127358,1.481262658,0.,-0.,-0.,-0.,1.,-0.,-0.,-0.,-0.,-8.,0.,0.,0.,-8.,0.,0.,39.999996,0.,0.,0.,0.,0.,0.,0.,0.,0.,0.,0.,-6.398585,0.058635,3.6e-05,4635.76709,5165.753418,5265.165527,5201.302246,0.420803,-8.313896,-9.30927,-1.262408,16.699505,18.617189,-0.001703,-0.004634,-0.015344,-6.400288,0.054001,-0.015308,-6.398603,0.052851,8.9e-05,122,4907,0,54,0,0,-26216,212,7,31659,-322963,-188139,54,228,-367
165.984,03:58:50.984,43.564126162,1.481262030,0.,-0.,-0.,-0.,1.,-0.,-0.,-0.,-0.,-8.,0.,0.,0.,-8.,0.,0.,39.999996,0.,0.,0.,0.,0.,0.,0.,0.,0.,0.,0.,-6.398585,0.049691,9.1e-05,4776.01416,5196.427734,4864.705078,5478.84082,0.933965,2.712109,-5.195458,-2.801894,-5.196043,10.390563,-0.002708,-0.01829,-0.011276,-6.401293,0.031401,-0.011185,-6.398602,0.046142,0.000114,122,5061,0,57,0,0,-26217,193,34,28913,-282382,-104334,57,194,-380
166.234,03:58:51.234,43.564125213,1.481261643,0.,-0.,-0.,-0.,1.,-0.,-0.,-0.,-0.,-8.,0.,0.,0.,-8.,0.,0.,39.999996,0.,0.,0.,0.,0.,0.,0.,0.,0.,0.,0.,-6.398585,0.050202,0.00012,4396.640625,4792.683105,5584.027344,5542.636719,0.320173,-6.124059,-27.122766,-0.960518,12.354288,54.245144,-0.002348,0.003181,0.005268,-6.400933,0.053383,0.005387,-6.398601,0.056696,0.000138,122,5078,0,56,0,0,-26219,162,-64,29611,-220954,-63669,56,167,-388
166.484,03:58:51.484,43.564123877,1.481261063,0.,-0.,-0.,-0.,1.,-0.,-0.,-0.,-0.,-8.,0.,0.,0.,-8.,0.,0.,39.999996,0.,0.,0.,0.,0.,0.,0.,0.,0.,0.,0.,-6.398585,0.058662,0.000144,4551.156738,5046.40918,5394.985352,5323.437012,0.382508,-7.935211,-15.691996,-1.147523,15.979387,31.383467,-0.002163,0.002866,-0.013918,-6.400748,0.061528,-0.013774,-6.3986,0.068231,0.000151,122,5078,0,55,0,0,-26218,210,-12,22249,-267086,-81237,55,129,-400
166.734,03:58:51.734,43.564122717,1.481260676,0.,-0.,-0.,-0.,1.,-0.,-0.,-0.,-0.,-8.,0.,0.,0.,-8.,0.,0.,39.999996,0.,0.,0.,0.,0.,0.,0.,0.,0.,0.,0.,-6.398585,0.068941,0.000139,5039.786621,5145.126465,4864.963867,5266.11084,0.457244,4.141301,0.753734,-1.371731,-8.399949,-1.509603,-0.001253,0.002351,-0.018385,-6.399838,0.071292,-0.018245,-6.398602,0.073058,9e-05,123,5078,0,53,0,0,-26216,280,-57,-22850,-267556,-55712,53,96,-408
166.984,03:58:51.984,43.564121557,1.481260337,0.,-0.,-0.,-0.,1.,-0.,-0.,-0.,-0.,-8.,0.,0.,0.,-8.,0.,0.,39.999996,0.,0.,0.,0.,0.,0.,0.,0.,0.,0.,0.,-6.398585,0.073776,0.000111,4658.297363,4999.682129,5373.039551,5284.969238,0.228685,-6.01238,-14.000405,-0.686055,11.965155,28.003323,-0.001544,-3.8e-05,0.006829,-6.400129,0.073737,0.00694,-6.3986,0.076903,0.000132,123,5078,0,51,0,0,-26214,313,-1,-14063,-280501,-40547,51,63,-415
167.234,03:58:52.234,43.564120221,1.481259951,0.,-0.,-0.,-0.,1.,-0.,-0.,-0.,-0.,-8.,0.,0.,0.,-8.,0.,0.,39.999996,0.,0.,0.,0.,0.,0.,0.,0.,0.,0.,0.,-6.398585,0.073237,0.000121,4457.551758,5045.621582,5391.287109,5421.527344,0.558194,-7.809618,-18.334974,-1.674582,15.552181,36.673397,-0.002156,0.000643,-0.004817,-6.400741,0.07388,-0.004696,-6.398599,0.069213,0.00017,123,5078,0,50,0,0,-26214,307,-42,10544,-300706,-30108,50,25,-423
167.484,03:58:52.484,43.564118779,1.481259709,0.,-0.,-0.,-0.,1.,-0.,-0.,-0.,-0.,-8.,0.,0.,0.,-8.,0.,0.,39.999996,0.,0.,0.,0.,0.,0.,0.,0.,0.,0.,0.,-6.398585,0.06887,0.000133,4747.369629,5177.387207,4623.54541,5767.686035,1.421112,9.997719,-6.530641,-4.263337,-19.913481,13.061391,-0.002159,-0.007635,0.006799,-6.400743,0.061234,0.006932,-6.398601,0.06725,0.000129,123,5078,0,50,0,0,-26217,277,49,-9395,-353021,-41424,50,-16,-428
167.734,03:58:52.734,43.564117267,1.481259757,0.,-0.,-0.,-0.,1.,-0.,-0.,-0.,-0.,-8.,0.,0.,0.,-8.,0.,0.,39.999996,0.,0.,0.,0.,0.,0.,0.,0.,0.,0.,0.,-6.398585,0.065008,0.000116,4934.228027,5340.348633,4789.216797,5252.195312,0.784604,0.796014,3.264314,-2.353811,-3.337327,-6.530934,-0.001697,-0.00828,0.004666,-6.400282,0.056728,0.004782,-6.398604,0.034607,5.8e-05,124,5078,0,50,0,0,-26214,233,-33,36476,-343216,44299,50,-59,-427
167.984,03:58:52.984,43.564115685,1.481259757,0.,-0.,-0.,-0.,1.,-0.,-0.,-0.,-0.,-8.,0.,0.,0.,-8.,0.,0.,39.999996,0.,0.,0.,0.,0.,0.,0.,0.,0.,0.,0.,-6.398585,0.01905,3.2e-05,4742.555664,4826.068848,4883.811035,5863.552246,0.959882,12.547194,-16.502354,-2.879646,-24.305094,33.006088,-0.000641,-0.047049,-0.016448,-6.399226,-0.027999,-0.016415,-6.398605,-0.,-0.,124,5078,0,50,0,0,-26213,162,36,10222,-344854,53036,50,-104,-427
168.234,03:58:53.234,43.564114173,1.481259999,0.,-0.,-0.,-0.,1.,-0.,-0.,-0.,-0.,-8.,0.,0.,0.,-8.,0.,0.,39.999996,0.,0.,0.,0.,0.,0.,0.,0.,0.,0.,0.,-6.398585,0.002753,5e-06,4929.627441,5072.564941,5265.954102,5047.841309,-0.067866,-5.054702,-4.362453,0.203597,10.290838,8.725214,0.000103,-0.012606,0.004832,-6.398481,-0.009852,0.004837,-6.398605,-0.,-0.,124,5078,0,50,0,0,-26209,-107,42,2018,-292529,60564,50,-147,-422
168.484,03:58:53.484,43.564113048,1.481260241,0.,-0.,-0.,-0.,1.,-0.,-0.,-0.,-0.,-8.,0.,0.,0.,-8.,0.,0.,39.999996,0.,0.,0.,0.,0.,0.,0.,0.,0.,0.,0.,-6.398585,0.000328,1e-06,5221.216797,5167.984375,4584.368164,5342.418457,0.636294,11.357965,6.4738,-1.908881,-22.690981,-12.947558,-0.,0.004496,0.002696,-6.398585,0.004825,0.002696,-6.398605,0.,0.,124,5078,0,50,0,0,-26209,21,-20,5494,-196834,72014,50,-179,-417
168.734,03:58:53.734,43.564112275,1.481260628,0.,-0.,-0.,-0.,1.,-0.,-0.,-0.,-0.,-8.,0.,0.,0.,-8.,0.,0.,39.999996,0.,0.,0.,0.,0.,0.,0.,0.,0.,0.,0.,-6.401036,3.6e-05,0.,4366.727051,4621.574219,5390.636719,5325.051758,0.170853,-4.48604,-24.183428,-0.750978,8.974993,48.366859,-0.0003,0.013033,0.000891,-6.401337,0.013069,0.000891,-6.413058,0.,0.,125,5035,0,52,0,0,-26207,54,-22,48692,-131867,68495,52,-201,-409
168.984,03:58:53.984,43.564111712,1.481261159,0.,-0.,-0.,-0.,1.,-0.,-0.,-0.,-0.,-8.,0.,0.,0.,-8.,0.,0.,39.999996,0.,0.,0.,0.,0.,0.,0.,0.,0.,0.,0.,-6.425226,4e-06,0.,4729.100586,4854.186523,5444.640625,5356.062012,0.032958,-2.99131,-17.043806,-0.456502,5.982934,34.087612,-0.010962,0.017163,-0.015647,-6.436189,0.017167,-0.015647,-6.462918,0.,0.,125,4980,0,51,0,0,-26259,20,-65,1506,-79798,134452,51,-217,-398
169.234,03:58:54.234,43.564111361,1.481261691,0.,-0.,-0.,-0.,1.,-0.,-0.,-0.,-0.,-8.,0.,0.,0.,-8.,0.,0.,39.999996,0.,0.,0.,0.,0.,0.,0.,0.,0.,0.,0.,-6.474551,0.,0.,5082.800293,5188.384766,4999.283691,5137.521484,0.220116,0.457145,1.881311,-0.660347,-0.914258,-3.762622,-0.025615,0.008193,-0.013299,-6.500166,0.008193,-0.013299,-6.520213,0.,0.,125,5096,0,49,0,0,-26474,35,2,5806,-28913,129285,49,-227,-387
169.484,03:58:54.484,43.564111115,1.481262271,0.,-0.,-0.,-0.,1.,-0.,-0.,-0.,-0.,-8.,0.,0.,0.,-8.,0.,0.,39.999996,0.,0.,0.,0.,0.,0.,0.,0.,0.,0.,0.,-6.535244,0.,0.,5115.041992,5201.790527,4933.84668,5721.30957,0.789213,9.810005,-4.736531,-2.486849,-19.620007,9.473063,-0.032166,0.00375,0.003319,-6.567409,0.00375,0.003319,-6.585749,0.,0.,125,5101,0,48,0,0,-26741,52,-13,28216,2569,91510,48,-234,-375
169.734,03:58:54.734,43.564111115,1.481262900,0.,-0.,-0.,-0.,1.,-0.,-0.,-0.,-0.,-8.,0.,0.,0.,-8.,0.,0.,39.999996,0.,0.,0.,0.,0.,0.,0.,0.,0.,0.,0.,-6.597341,0.,0.,4250.703125,5134.905273,5808.168457,5942.209961,0.919243,-10.502247,-33.106777,-2.876937,21.004494,66.213554,-0.031586,0.019224,0.005972,-6.628927,0.019224,0.005972,-6.645619,0.,0.,126,5253,0,52,0,0,-27016,19,-59,82891,69235,131396,53,-234,-362
169.984,03:58:54.984,43.564111255,1.481263577,0.,-0.,-0.,-0.,1.,-0.,-0.,-0.,-0.,-8.,0.,0.,0.,-8.,0.,0.,39.999996,0.,0.,0.,0.,0.,0.,0.,0.,0.,0.,0.,-6.663033,0.,0.,4631.313477,5388.242676,5135.862793,5676.568359,1.171468,-3.027121,-11.100249,-4.110449,6.054241,22.200499,-0.02852,0.020048,-0.010236,-6.691553,0.020048,-0.010236,-6.731405,0.,0.,126,5274,0,64,0,0,-27253,48,27,129716,94289,119869,64,-230,-348
170.234,03:58:55.234,43.564111466,1.481264399,0.,-0.,-0.,-0.,1.,-0.,-0.,-0.,-0.,-8.,0.,0.,0.,-8.,0.,0.,39.999996,0.,0.,0.,0.,0.,0.,0.,0.,0.,0.,0.,-6.759024,0.,0.,5257.291504,5022.12207,4594.82373,4757.750977,-0.065216,5.573352,12.97575,-0.281189,-11.146705,-25.9515,-0.039505,0.008009,-0.024732,-6.798529,0.008009,-0.024732,-6.855101,0.,0.,126,5185,0,79,0,0,-27574,107,-24,145955,100288,141657,79,-224,-331
170.484,03:58:55.484,43.564111783,1.481265172,0.,-0.,-0.,-0.,1.,-0.,-0.,-0.,-0.,-8.,0.,0.,0.,-8.,0.,0.,39.999996,0.,0.,0.,0.,0.,0.,0.,0.,0.,0.,0.,-6.88953,0.,0.,4687.102051,5005.639648,4982.204102,4933.04248,0.243185,-5.147786,-3.115073,-1.087182,10.295572,6.230145,-0.053186,0.018312,0.009509,-6.942716,0.018312,0.009509,-7.005616,0.,0.,126,4931,0,96,0,0,-28095,80,-106,162317,114494,103367,97,-215,-315
170.734,03:58:55.734,43.564112170,1.481266043,0.,-0.,-0.,-0.,1.,-0.,-0.,-0.,-0.,-8.,0.,0.,0.,-8.,0.,0.,39.999996,0.,0.,0.,0.,0.,0.,0.,0.,0.,0.,0.,-7.05192,0.,0.,4472.005859,4655.081543,5612.208984,4868.692383,-0.505958,-12.972295,-18.95339,-0.151056,25.94459,37.90678,-0.065706,0.014155,-0.004144,-7.117627,0.014155,-0.004144,-7.226276,0.,0.,127,4899,0,105,0,0,-28722,50,-18,2375,135840,130585,105,-204,-297
170.984,03:58:55.984,43.564112627,1.481266719,0.,-0.,-0.,-0.,1.,-0.,-0.,-0.,-0.,-8.,0.,0.,0.,-8.,0.,0.,39.999996,0.,0.,0.,0.,0.,0.,0.,0.,0.,0.,0.,-7.31456,0.,0.,6437.963867,2645.207275,7746.405273,2662.41333,-8.013721,-18.077295,-18.559076,22.133816,36.154591,37.118153,-0.106525,0.005996,-0.012591,-7.421085,0.005996,-0.012591,-7.596754,0.,0.,127,4899,0,103,0,0,-29615,15,22,-73593,161491,89919,103,-191,-283
171.234,03:58:56.234,43.564113154,1.481267300,0.,-0.,-0.,-0.,1.,-0.,-0.,-0.,-0.,-8.,0.,0.,0.,-8.,0.,0.,39.999996,0.,0.,0.,0.,0.,0.,0.,0.,0.,0.,0.,-7.676505,0.,0.,5537.898438,5948.413086,5056.049805,5937.625977,1.166477,6.594851,6.896906,-4.572314,-13.189703,-13.793813,-0.157836,0.001126,-0.009526,-7.834341,0.001126,-0.009526,-7.9911,0.,0.,127,4905,0,91,0,0,-31127,47,57,-119045,150740,64435,91,-176,-271
171.484,03:58:56.484,43.564113716,1.481267686,0.,-0.,-0.,-0.,1.,-0.,-0.,-0.,-0.,-8.,0.,0.,0.,-8.,0.,0.,39.999996,0.,0.,0.,0.,0.,0.,0.,0.,0.,0.,0.,-8.063672,0.,0.,4988.296387,5704.089844,5592.109375,6359.493164,1.33897,0.722267,-17.629034,-3.540074,-1.444533,35.258068,-0.165259,-0.003328,0.016957,-8.228931,-0.003328,0.016957,-8.371358,0.,0.,127,5650,0,75,0,0,-32817,-38,-23,-59334,158721,21046,75,-160,-263
171.734,03:58:56.734,43.564114209,1.481267783,0.,-0.,-0.,-0.,1.,-0.,-0.,-0.,-0.,-8.,0.,0.,0.,-8.,0.,0.,39.999996,0.,0.,0.,0.,0.,0.,0.,0.,0.,0.,0.,-8.454288,0.,0.,4793.566406,5235.886719,4825.035156,5649.5,1.143627,5.350022,-6.231134,-3.192461,-10.700045,12.462269,-0.145234,-0.002343,0.00431,-8.599523,-0.002343,0.00431,-8.765707,0.,0.,128,5357,0,76,0,0,-34375,24,75,96539,157811,-41650,76,-146,-261
171.984,03:58:56.984,43.564114806,1.481267541,0.,-0.,-0.,-0.,1.,-0.,-0.,-0.,-0.,-8.,0.,0.,0.,-8.,0.,0.,39.999996,0.,0.,0.,0.,0.,0.,0.,0.,0.,0.,0.,-8.845376,0.,0.,4475.487305,4962.512695,5378.818848,5287.170898,0.356935,-8.101422,-17.19186,-1.309224,16.202845,34.38372,-0.120865,-7.5e-05,-0.004747,-8.966241,-7.5e-05,-0.004747,-9.160056,0.,0.,128,5132,0,91,0,0,-35883,39,67,113382,118999,-84526,91,-129,-266
172.234,03:58:57.234,43.564115404,1.481266913,0.,-0.,-0.,-0.,1.,-0.,-0.,-0.,-0.,-8.,0.,0.,0.,-8.,0.,0.,39.999996,0.,0.,0.,0.,0.,0.,0.,0.,0.,0.,0.,-9.236759,0.,0.,4532.299316,5394.661133,4771.649414,5381.380371,1.328967,-3.536834,-3.164969,-4.225319,7.073668,6.329938,-0.100069,0.0015,0.003385,-9.336828,0.0015,0.003385,-9.554406,-0.,0.,128,5028,0,104,0,0,-37392,19,0,74959,108242,-136707,104,-112,-279
172.484,03:58:57.484,43.564115896,1.481266236,0.,-0.,-0.,-0.,1.,-0.,-0.,-0.,-0.,-8.,0.,0.,0.,-8.,0.,0.,39.999996,0.,0.,0.,0.,0.,0.,0.,0.,0.,0.,0.,-9.627759,0.,0.,4663.964844,4964.777832,4750.6875,5700.559082,1.129089,9.086822,-11.515056,-2.910429,-18.173643,23.030111,-0.083345,-0.000628,0.010525,-9.711104,-0.000628,0.010525,-9.934667,-0.,0.,128,5018,0,113,0,0,-38917,2,-55,26786,68709,-166583,113,-98,-293
172.734,03:58:57.734,43.564116177,1.481265462,0.,-0.,-0.,-0.,1.,-0.,-0.,-0.,-0.,-8.,0.,0.,0.,-8.,0.,0.,39.999996,0.,0.,0.,0.,0.,0.,0.,0.,0.,0.,0.,-10.018858,0.,0.,4760.804199,5343.876465,5188.103516,5399.205078,0.716959,-5.207592,-6.756784,-1.912459,10.415183,13.513568,-0.069016,0.000487,-0.005566,-10.087874,0.000487,-0.005566,-10.32904,-0.,0.,129,5019,0,116,0,0,-40455,-5,23,23890,-9609,-155051,116,-90,-309
172.984,03:58:57.984,43.564116318,1.481264737,0.,-0.,-0.,-0.,1.,-0.,-0.,-0.,-0.,-8.,0.,0.,0.,-8.,0.,0.,39.999996,0.,0.,0.,0.,0.,0.,0.,0.,0.,0.,0.,-10.410203,0.,0.,4347.953125,4989.709961,5530.495605,5727.829102,0.757506,-6.221923,-26.889275,-2.272517,12.443847,53.778549,-0.058467,0.000549,0.004754,-10.46867,0.000549,0.004754,-10.723388,-0.,0.,129,5180,0,112,0,0,-42006,-6,-50,21041,-32359,-116422,112,-86,-324
173.234,03:58:58.234,43.564116213,1.481264109,0.,-0.,-0.,-0.,1.,-0.,-0.,-0.,-0.,-8.,0.,0.,0.,-8.,0.,0.,39.999996,0.,0.,0.,0.,0.,0.,0.,0.,0.,0.,0.,-10.801545,0.,0.,5029.140137,5164.091797,4889.833984,5420.921875,0.601289,5.545899,-1.645345,-2.042284,-11.091799,3.29069,-0.049142,-0.004969,0.008122,-10.850687,-0.004969,0.008122,-11.117733,-0.,0.,129,5145,0,108,0,0,-43567,-6,43,-34270,-90970,-82560,108,-89,-337
173.484,03:58:58.484,43.564116002,1.481263674,0.,-0.,-0.,-0.,1.,-0.,-0.,-0.,-0.,-8.,0.,0.,0.,-8.,0.,0.,39.999996,0.,0.,0.,0.,0.,0.,0.,0.,0.,0.,0.,-11.192778,0.,0.,4154.661621,4929.634277,5794.077637,5625.614258,0.547536,-13.208101,-32.695549,-2.596283,26.416203,65.391098,-0.040691,0.00255,0.018843,-11.233469,0.00255,0.018843,-11.512079,-0.,0.,129,5128,0,103,0,0,-45134,2,79,-44140,-91591,-36247,103,-95,-346
173.734,03:58:58.734,43.564115650,1.481263577,0.,-0.,-0.,-0.,1.,-0.,-0.,-0.,-0.,-8.,0.,0.,0.,-8.,0.,0.,39.999996,0.,0.,0.,0.,0.,0.,0.,0.,0.,0.,0.,-11.584105,0.,0.,4667.380371,4897.889648,5193.492188,5625.227539,0.597858,2.817173,-17.548288,-1.555156,-5.634347,35.096577,-0.033792,-0.000848,0.010979,-11.617896,-0.000848,0.010979,-11.892338,-0.,0.,130,5125,0,97,0,0,-46705,19,63,-57597,-119833,33979,97,-105,-348
173.984,03:58:58.984,43.564115193,1.481263819,0.,-0.,-0.,-0.,1.,-0.,-0.,-0.,-0.,-8.,0.,0.,0.,-8.,0.,0.,39.999996,0.,0.,0.,0.,0.,0.,0.,0.,0.,0.,0.,-11.975169,0.,0.,4343.365234,5670.667969,5299.92334,5822.03125,1.6696,-11.272733,-15.510896,-4.77038,22.545465,31.021791,-0.02716,0.000142,0.003913,-12.002329,0.000142,0.003913,-12.286685,-0.,0.,130,5090,0,89,0,0,-48281,-8,40,-37482,-112162,95775,89,-118,-343
174.234,03:58:59.234,43.564114841,1.481264205,0.,-0.,-0.,-0.,1.,-0.,-0.,-0.,-0.,-8.,0.,0.,0.,-8.,0.,0.,39.999996,0.,0.,0.,0.,0.,0.,0.,0.,0.,0.,0.,-12.366227,0.,0.,5065.896484,5398.499512,5041.655762,5865.937012,1.044408,6.883498,-6.204741,-3.133225,-13.766995,12.409482,-0.023641,-0.006767,0.003409,-12.389868,-0.006767,0.003409,-12.681031,0.,0.,130,5293,0,80,0,0,-49859,0,-28,-36503,-73751,129676,80,-128,-335
174.484,03:58:59.484,43.564114560,1.481264931,0.,-0.,-0.,-0.,1.,-0.,-0.,-0.,-0.,-8.,0.,0.,0.,-8.,0.,0.,39.999996,0.,0.,0.,0.,0.,0.,0.,0.,0.,0.,0.,-12.757616,0.,0.,4447.24707,5168.767578,5398.681641,5513.291504,0.754836,-8.496739,-18.143417,-2.741346,16.993479,36.286835,-0.01989,-0.009518,-0.013638,-12.777506,-0.009518,-0.013638,-13.075378,0.,0.,130,5313,0,76,0,0,-51447,19,-8,29506,-16644,168548,76,-136,-320
174.734,03:58:59.734,43.564114384,1.481265656,0.,-0.,-0.,-0.,1.,-0.,-0.,-0.,-0.,-8.,0.,0.,0.,-8.,0.,0.,39.999996,0.,0.,0.,0.,0.,0.,0.,0.,0.,0.,0.,-13.149018,0.,0.,4658.457031,5295.475586,5356.716309,5193.339355,0.427588,-11.205545,-8.345731,-0.805926,22.411091,16.691462,-0.014988,0.006354,0.013524,-13.164006,0.006354,0.013524,-13.455637,0.,0.,131,5137,0,79,0,0,-53031,-20,-38,44712,35109,143849,79,-141,-305
174.984,03:58:59.984,43.564114490,1.481266526,0.,-0.,-0.,-0.,1.,-0.,-0.,-0.,-0.,-8.,0.,0.,0.,-8.,0.,0.,39.999996,0.,0.,0.,0.,0.,0.,0.,0.,0.,0.,0.,-13.539997,0.,0.,4723.864258,4984.469727,4945.442383,5850.210938,1.052074,9.018284,-15.222472,-2.917803,-18.036568,30.444944,-0.011592,-0.001722,0.013775,-13.551589,-0.001722,0.013775,-13.850007,0.,0.,131,5128,0,83,0,0,-54617,-27,44,49065,96875,151667,83,-138,-287
175.234,03:59:0.234,43.564114666,1.481267396,0.,-0.,-0.,-0.,1.,-0.,-0.,-0.,-0.,-8.,0.,0.,0.,-8.,0.,0.,39.999996,0.,0.,0.,0.,0.,0.,0.,0.,0.,0.,0.,-13.931394,0.,0.,5132.823242,5169.378906,4927.940918,5273.845215,0.345274,4.330882,1.40583,-1.035822,-8.661764,-2.81166,-0.009515,-0.004984,-0.003079,-13.940908,-0.004984,-0.003079,-14.244353,0.,0.,131,5126,0,83,0,0,-56208,25,83,25800,131914,134332,83,-133,-269
175.484,03:59:0.484,43.564115123,1.481268170,0.,-0.,-0.,-0.,1.,-0.,-0.,-0.,-0.,-8.,0.,0.,0.,-8.,0.,0.,39.999996,0.,0.,0.,0.,0.,0.,0.,0.,0.,0.,0.,-14.322804,0.,0.,4586.355957,4994.521484,5424.65918,5966.452637,0.8576,1.870794,-25.343277,-3.049638,-3.741588,50.686554,-0.008092,-0.004284,0.002154,-14.330896,-0.004284,0.002154,-14.6387,0.,0.,131,5128,0,82,0,0,-57805,-22,-50,-3492,155741,91308,82,-120,-253
175.734,03:59:0.734,43.564115439,1.481268750,0.,-0.,-0.,-0.,1.,-0.,-0.,-0.,-0.,-8.,0.,0.,0.,-8.,0.,0.,39.999996,0.,0.,0.,0.,0.,0.,0.,0.,0.,0.,0.,-14.713836,0.,0.,4332.420898,5265.419434,5529.074219,6105.073242,1.362285,-4.997995,-28.508307,-4.563691,9.99599,57.016613,-0.006731,0.001895,0.018169,-14.720567,0.001895,0.018169,-15.033049,0.,0.,132,5278,0,82,0,0,-59399,22,77,10871,105118,57159,82,-111,-241
175.984,03:59:0.984,43.564115826,1.481269040,0.,-0.,-0.,-0.,1.,-0.,-0.,-0.,-0.,-8.,0.,0.,0.,-8.,0.,0.,39.999996,0.,0.,0.,0.,0.,0.,0.,0.,0.,0.,0.,-15.105173,0.,0.,4631.356445,5368.681641,5302.935059,5765.016113,1.082789,-3.853413,-14.950781,-2.294692,7.706825,29.901562,-0.006745,-0.002224,0.000745,-15.111918,-0.002224,0.000745,-15.413309,0.,0.,132,5300,0,86,0,0,-61000,-21,51,86102,93115,-1668,86,-100,-235
176.234,03:59:1.234,43.564116177,1.481269089,0.,-0.,-0.,-0.,1.,-0.,-0.,-0.,-0.,-8.,0.,0.,0.,-8.,0.,0.,39.999996,0.,0.,0.,0.,0.,0.,0.,0.,0.,0.,0.,-15.496268,0.,0.,4857.533691,5026.324219,5049.111328,5383.019043,0.453825,2.311637,-7.675818,-1.123058,-4.623274,15.351636,-0.005464,0.005828,-0.014217,-15.501732,0.005828,-0.014217,-15.807659,-0.,0.,132,5255,0,95,0,0,-62604,36,-4,107749,60440,-60368,96,-90,-234
176.484,03:59:1.484,43.564116388,1.481268944,0.,-0.,-0.,-0.,1.,-0.,-0.,-0.,-0.,-8.,0.,0.,0.,-8.,0.,0.,39.999996,0.,0.,0.,0.,0.,0.,0.,0.,0.,0.,0.,-15.88754,0.,0.,4873.59082,4917.862793,4523.736816,4800.799805,0.290093,3.259075,6.536824,-0.87028,-6.51815,-13.073647,-0.002886,0.008914,-0.015352,-15.890426,0.008914,-0.015352,-16.202005,-0.,0.,132,4986,0,109,0,0,-64198,38,-22,142580,18485,-46532,110,-84,-237
176.734,03:59:1.734,43.564116459,1.481268847,0.,-0.,-0.,-0.,1.,-0.,-0.,-0.,-0.,-8.,0.,0.,0.,-8.,0.,0.,39.999996,0.,0.,0.,0.,0.,0.,0.,0.,0.,0.,0.,-16.278442,0.,0.,4123.532227,4907.694336,5048.790039,4895.972168,0.569956,-13.117718,-12.789502,-2.186705,26.235435,25.579004,-0.000561,0.026746,0.014547,-16.279003,0.026746,0.014547,-16.596355,-0.,0.,133,4761,0,117,0,0,-65789,78,-40,-4291,-19223,-21448,118,-82,-239
176.984,03:59:1.984,43.564116529,1.481268750,0.,-0.,-0.,-0.,1.,-0.,-0.,-0.,-0.,-8.,0.,0.,0.,-8.,0.,0.,39.999996,0.,0.,0.,0.,0.,0.,0.,0.,0.,0.,0.,-16.66988,0.,0.,5179.952637,5712.478027,5453.306152,6062.250488,1.030492,1.069864,-8.723757,-2.614638,-2.139727,17.447514,-0.002831,0.009488,0.000937,-16.67271,0.009488,0.000937,-16.976616,-0.,0.,133,4859,0,109,0,0,-67384,137,20,-133297,-39825,-23025,109,-80,-241
177.234,03:59:2.234,43.564116424,1.481268605,0.,-0.,-0.,-0.,1.,-0.,-0.,-0.,-0.,-8.,0.,0.,0.,-8.,0.,0.,39.999996,0.,0.,0.,0.,0.,0.,0.,0.,0.,0.,0.,-17.061304,0.,-0.,4999.493164,5554.911621,5423.549316,5394.035156,0.474784,-8.189064,-3.684518,-1.424353,16.378128,7.369036,-0.005817,0.003772,-0.005069,-17.067122,0.003772,-0.005069,-17.370985,-0.,0.,133,5562,0,93,0,0,-69003,14,-17,-59331,-98946,-21449,93,-83,-244
177.484,03:59:2.484,43.564116283,1.481268557,0.,-0.,-0.,-0.,1.,-0.,-0.,-0.,-0.,-8.,0.,0.,0.,-8.,0.,0.,39.999996,0.,0.,0.,0.,0.,0.,0.,0.,0.,0.,0.,-17.452492,0.,-0.,5277.01416,5315.739258,5172.857422,5514.37793,0.343281,4.239128,-1.32276,-1.50668,-8.478256,2.645521,0.034491,-0.000609,-0.007645,-17.418001,-0.000609,-0.007645,-17.765331,-0.,0.,133,5359,0,88,0,0,-70529,3,-41,42099,-89072,27548,88,-87,-245
177.734,03:59:2.734,43.564115967,1.481268798,0.,-0.,-0.,-0.,1.,-0.,-0.,-0.,-0.,-8.,0.,0.,0.,-8.,0.,0.,39.999996,0.,0.,0.,0.,0.,0.,0.,0.,0.,0.,0.,-17.803188,0.,-0.,324.449524,9250.639648,1608.682129,9600.,16.46192,-13.088209,-22.870293,-44.140549,26.176418,45.740585,0.05505,0.001413,-0.012752,-17.748138,0.001413,-0.012752,-17.934038,-0.,0.,134,5232,0,95,0,0,-72020,19,-42,78175,-80727,82477,95,-96,-240
177.984,03:59:2.984,43.564115615,1.481269234,0.,-0.,-0.,-0.,1.,-0.,-0.,-0.,-0.,-8.,0.,0.,0.,-8.,0.,0.,39.999996,0.,0.,0.,0.,0.,0.,0.,0.,0.,0.,0.,-17.914099,-0.,-0.,5354.302734,4481.738281,5515.868164,4892.078613,-1.350871,3.48285,-8.006682,5.483125,-6.965699,16.013365,0.170847,-0.017598,-0.024109,-17.743252,-0.017598,-0.024109,-17.933439,-0.,0.,134,5196,0,106,0,0,-72805,-18,-47,134412,-80341,132148,106,-106,-231
178.234,03:59:3.234,43.564115334,1.481269959,0.,-0.,-0.,-0.,1.,-0.,-0.,-0.,-0.,-8.,0.,0.,0.,-8.,0.,0.,39.999996,0.,0.,0.,0.,0.,0.,0.,0.,0.,0.,0.,-17.985191,-0.,-0.,6122.029785,4877.174805,5969.899414,4122.884766,-2.791266,-8.430242,12.689879,5.512776,16.860483,-25.379759,0.209141,0.018102,-0.021134,-17.776051,0.018102,-0.021134,-18.129107,-0.,0.,134,5106,0,121,0,0,-72583,-34,-119,118796,-49907,183941,121,-114,-216
178.484,03:59:3.484,43.564115193,1.481270926,0.,-0.,-0.,-0.,1.,-0.,-0.,-0.,-0.,-8.,0.,0.,0.,-8.,0.,0.,39.999996,0.,0.,0.,0.,0.,0.,0.,0.,0.,0.,0.,-18.201078,-0.,-0.,5123.705566,5219.264648,5195.893066,5597.125,0.448487,4.279419,-6.300673,-1.822297,-8.558838,12.601346,0.115231,0.008818,-0.006058,-18.085848,0.008818,-0.006058,-18.416046,-0.,0.,134,5268,0,139,0,0,-73288,82,-86,175525,-4964,197876,139,-118,-196
178.734,03:59:3.734,43.564115263,1.481271941,0.,-0.,-0.,-0.,1.,-0.,-0.,-0.,-0.,-8.,0.,0.,0.,-8.,0.,0.,39.999996,0.,0.,0.,0.,0.,0.,0.,0.,0.,0.,0.,-18.477625,-0.,-0.,4399.49707,5306.829102,5281.935547,5703.727539,1.199901,-6.797563,-17.910723,-4.076539,13.595125,35.821445,0.040543,-0.001809,-0.015275,-18.437082,-0.001809,-0.015275,-18.710171,-0.,0.,135,5286,0,156,0,0,-74726,44,-29,169025,25535,232958,157,-116,-175
178.984,03:59:3.984,43.564115545,1.481273295,0.,-0.,-0.,-0.,1.,-0.,-0.,-0.,-0.,-8.,0.,0.,0.,-8.,0.,0.,39.999996,0.,0.,0.,0.,0.,0.,0.,0.,0.,0.,0.,-18.748976,-0.,-0.,8944.126953,1224.473389,8962.435547,1560.953857,-13.650986,4.454406,-4.967054,45.244492,-8.908812,9.934109,0.043848,0.000827,-0.002174,-18.705128,0.000827,-0.002174,-18.868105,-0.,0.,135,5177,0,179,0,0,-76104,-40,-63,176560,102181,264480,179,-108,-147
179.234,03:59:4.234,43.564115791,1.481273875,0.,-0.,-0.,-0.,1.,-0.,-0.,-0.,-0.,-8.,0.,0.,0.,-8.,0.,0.,39.999996,0.,0.,0.,0.,0.,0.,0.,0.,0.,0.,0.,-18.849041,-0.,-0.,4838.390137,5508.032227,4762.382324,5607.18457,1.367205,2.452242,-0.324025,-3.147941,-4.904483,0.64805,0.139912,-0.012283,-0.018756,-18.709129,-0.012283,-0.018756,-18.865921,-0.,0.,135,5172,0,195,0,0,-76768,9,76,221903,131916,243856,195,-101,-135
179.484,03:59:4.484,43.564116353,1.481275519,0.,-0.,-0.,-0.,1.,-0.,-0.,-0.,-0.,-8.,0.,0.,0.,-8.,0.,0.,39.999996,0.,0.,0.,0.,0.,0.,0.,0.,0.,0.,0.,-18.864197,-0.,-0.,5474.376953,4682.953125,5748.509277,4786.150391,-1.58327,-2.39309,-5.282626,5.226648,4.78618,10.565251,0.199659,0.011841,-0.013653,-18.664537,0.011841,-0.013653,-18.865921,-0.,0.,135,5172,0,228,0,0,-76516,-22,-112,316716,207022,280749,228,-85,-101
179.734,03:59:4.734,43.564116916,1.481276583,0.,-0.,-0.,-0.,1.,-0.,-0.,-0.,-0.,-8.,0.,0.,0.,-8.,0.,0.,39.999996,0.,0.,0.,0.,0.,0.,0.,0.,0.,0.,0.,-18.880114,-0.230843,0.054524,4551.885742,5739.160645,5323.848145,5077.094727,0.849071,-20.076395,-1.538547,-3.02405,37.612141,2.689663,0.189232,0.009318,-0.008201,-18.690882,-0.221525,0.046323,-18.926893,-0.720634,0.16153,136,5172,0,251,0,0,-76439,37,-98,217364,202950,242830,252,-69,-79
179.984,03:59:4.984,43.564117970,1.481277888,0.,-0.,-0.,-0.,1.,-0.,-0.,-0.,-0.,-8.,0.,0.,0.,-8.,0.,0.,39.999996,0.,0.,0.,0.,0.,0.,0.,0.,0.,0.,0.,-18.895508,-0.447847,0.081055,6267.868164,4135.664062,3859.63623,6428.821289,0.394517,65.81945,1.611045,-1.183551,-103.311798,-6.513383,0.158049,-0.432568,-0.035198,-18.737459,-0.880415,0.045856,-18.868605,0.202091,-0.026476,136,5172,0,271,0,0,-76823,-3045,801,49957,491675,360180,271,-39,-52
180.234,03:59:5.234,43.564121803,1.481279435,0.,-0.,-0.,-0.,1.,-0.,-0.,-0.,-0.,-8.,0.,0.,0.,-8.,0.,0.,39.999996,0.,0.,0.,0.,0.,0.,0.,0.,0.,0.,0.,-18.872103,-0.083124,0.014644,3985.703125,5558.34668,7717.363281,3430.575195,-2.450278,-82.032059,-22.454453,6.873996,159.400055,45.743835,0.133467,0.582283,-0.018261,-18.738636,0.49916,-0.003617,-18.865921,-0.,0.,136,5172,0,259,0,0,-76778,-467,-117,-340138,1309165,280543,258,70,-20
180.484,03:59:5.484,43.564126514,1.481281417,0.,-0.,-0.,-0.,1.,-0.,-0.,-0.,-0.,-8.,0.,0.,0.,-8.,0.,0.,39.999996,0.,0.,0.,0.,0.,0.,0.,0.,0.,0.,0.,-18.866711,-0.010757,0.001881,4577.984375,5312.82666,5342.381836,5458.796875,0.768491,-8.657975,-12.745148,-2.305473,16.547377,25.625425,0.104689,0.149254,-0.051504,-18.762022,0.138497,-0.049623,-18.865921,-0.,0.,136,5172,0,232,0,0,-76775,1516,-191,-275162,1044063,412917,231,204,21
180.734,03:59:5.734,43.564128940,1.481282433,0.,-0.,-0.,-0.,1.,-0.,-0.,-0.,-0.,-8.,0.,0.,0.,-8.,0.,0.,39.999996,0.,0.,0.,0.,0.,0.,0.,0.,0.,0.,0.,-18.865574,-0.001221,0.000213,5589.014648,5221.899414,4649.320801,5231.755371,0.194399,13.293688,13.01773,-0.583198,-26.683739,-26.018631,0.078459,5.1e-05,-0.012748,-18.787115,-0.00117,-0.012535,-18.865921,-0.,0.,137,5172,0,198,0,0,-76910,593,0,-263012,554658,151662,198,273,42
180.984,03:59:5.984,43.564131049,1.481283641,0.,-0.,-0.,-0.,1.,-0.,-0.,-0.,-0.,-8.,0.,0.,0.,-8.,0.,0.,39.999996,0.,0.,0.,0.,0.,0.,0.,0.,0.,0.,0.,-18.865574,-0.000129,2.3e-05,4633.067871,5141.249512,5300.571289,5617.100586,0.74453,-2.683126,-16.006958,-2.23359,5.355487,32.015793,0.062475,-0.008405,0.003582,-18.803099,-0.008535,0.003605,-18.865921,-0.,0.,137,5172,0,151,0,0,-76986,42,2,-319695,516161,189270,151,333,67
181.234,03:59:6.234,43.564133510,1.481285140,0.,-0.,-0.,-0.,1.,-0.,-0.,-0.,-0.,-8.,0.,0.,0.,-8.,0.,0.,39.999996,0.,0.,0.,0.,0.,0.,0.,0.,0.,0.,0.,-18.865574,-1.3e-05,2e-06,5205.260254,6020.458008,6431.373047,6042.896484,0.385232,-16.851444,-17.479721,-1.155696,33.701759,34.959637,0.050888,-0.022038,0.017714,-18.814686,-0.022051,0.017716,-18.865921,-0.,0.,137,5174,0,89,0,0,-77037,-112,20,-445453,605243,242548,89,403,98
181.484,03:59:6.484,43.564135163,1.481285817,0.,-0.,-0.,-0.,1.,-0.,-0.,-0.,-0.,-8.,0.,0.,0.,-8.,0.,0.,39.999996,0.,0.,0.,0.,0.,0.,0.,0.,0.,0.,0.,-18.865574,-1e-06,0.,5597.184082,6067.520508,6676.097656,6699.18457,0.445433,-6.261488,-23.948097,-1.336299,12.522863,47.896214,0.040035,-0.038439,0.011171,-18.825539,-0.03844,0.011172,-18.865921,-0.,0.,137,5976,0,53,0,0,-77088,-95,81,-218020,532939,170206,53,450,112
181.734,03:59:6.734,43.564137307,1.481286784,0.,-0.,-0.,-0.,1.,-0.,-0.,-0.,-0.,-8.,0.,0.,0.,-8.,0.,0.,39.999996,0.,0.,0.,0.,0.,0.,0.,0.,0.,0.,0.,-18.865574,-0.,0.,5538.338379,6168.998047,6586.86377,6745.786621,0.712802,-6.604327,-22.754391,-2.138407,13.208642,45.508785,0.031883,-0.034371,0.008052,-18.833691,-0.034371,0.008052,-18.865921,-0.,0.,138,6252,0,48,0,0,-77124,-161,2,177403,610732,178383,48,511,132
181.984,03:59:6.984,43.564139768,1.481287558,0.,-0.,-0.,-0.,1.,-0.,-0.,-0.,-0.,-8.,0.,0.,0.,-8.,0.,0.,39.999996,0.,0.,0.,0.,0.,0.,0.,0.,0.,0.,0.,-18.879955,0.355098,-0.037116,4646.200195,7355.070312,6994.706055,6044.010742,1.587243,-51.233917,-14.524232,-7.145914,94.234947,23.464254,0.01449,0.071391,0.0093,-18.865465,0.426489,-0.027815,-18.93327,0.782348,-0.162998,138,6259,0,89,0,0,-77158,-91,42,518387,675530,146901,89,581,148
182.234,03:59:7.234,43.564141913,1.481288331,0.,-0.,-0.,-0.,1.,-0.,-0.,-0.,-0.,-8.,0.,0.,0.,-8.,0.,0.,39.999996,0.,0.,0.,0.,0.,0.,0.,0.,0.,0.,0.,-18.891706,0.421564,-0.064266,5600.992188,6740.055664,7942.187988,4756.751465,-1.847424,-60.543011,-5.010489,5.542272,135.487991,9.167887,0.079966,0.318803,0.037845,-18.811741,0.740367,-0.02642,-18.866962,0.197711,-0.010496,138,6259,0,168,0,0,-77370,4207,-331,727736,222526,159904,169,642,164
182.484,03:59:7.484,43.564140085,1.481289250,0.,-0.,-0.,-0.,1.,-0.,-0.,-0.,-0.,-8.,0.,0.,0.,-8.,0.,0.,39.999996,0.,0.,0.,0.,0.,0.,0.,0.,0.,0.,0.,-18.870977,0.089657,-0.012564,5613.507324,6230.380371,6223.320312,6972.779297,1.233511,1.85621,-18.930962,-3.700532,0.784005,37.19207,0.093142,-0.436893,0.015902,-18.777836,-0.347235,0.003338,-18.865921,-0.001874,0.000166,138,6259,0,236,0,0,-76953,-391,-65,534223,-683284,159083,237,590,183
182.734,03:59:7.734,43.564138081,1.481289492,0.,-0.,-0.,-0.,1.,-0.,-0.,-0.,-0.,-8.,0.,0.,0.,-8.,0.,0.,39.999996,0.,0.,0.,0.,0.,0.,0.,0.,0.,0.,0.,-18.866514,0.011833,-0.001634,5965.388184,6399.130859,6078.97168,6596.496582,0.858786,1.172952,-4.353295,-2.576359,-1.51144,8.590233,0.079458,-0.176021,0.037127,-18.787056,-0.164188,0.035494,-18.865921,-0.,0.,139,6259,0,287,0,0,-76921,-1067,126,553428,-146650,123752,287,533,188
182.984,03:59:7.984,43.564136850,1.481289975,0.,-0.,-0.,-0.,1.,-0.,-0.,-0.,-0.,-8.,0.,0.,0.,-8.,0.,0.,39.999996,0.,0.,0.,0.,0.,0.,0.,0.,0.,0.,0.,-18.872261,0.202057,-0.024622,6286.888184,5683.444336,6098.943848,6970.710938,0.24224,20.652956,-15.390523,-2.157232,-38.821144,26.992891,0.060143,-0.049676,0.008171,-18.812119,0.152381,-0.016451,-18.916492,0.652255,-0.149286,139,6260,0,410,0,0,-76981,-393,47,1068189,-18095,145660,411,498,198
183.234,03:59:8.234,43.564137166,1.481290410,0.,-0.,-0.,-0.,1.,-0.,-0.,-0.,-0.,-8.,0.,0.,0.,-8.,0.,0.,39.999996,0.,0.,0.,0.,0.,0.,0.,0.,0.,0.,0.,-18.919649,0.557249,-0.15223,5011.777832,7508.522949,8909.299805,3610.38623,-2.529742,-109.139221,0.008613,10.927085,184.601822,10.637103,0.046982,0.439421,-0.02764,-18.872667,0.996671,-0.17987,-18.865921,-0.011535,-9e-05,139,6261,0,547,0,0,-77294,2766,-498,1220266,-92756,37212,548,507,207
183.484,03:59:8.484,43.564134495,1.481290459,0.,-0.,-0.,-0.,1.,-0.,-0.,-0.,-0.,-8.,0.,0.,0.,-8.,0.,0.,39.999996,0.,0.,0.,0.,0.,0.,0.,0.,0.,0.,0.,-18.879827,0.151113,-0.040256,3377.157715,3260.852539,1239.734131,6042.24707,4.230589,68.863464,-9.015607,-13.168604,-132.414673,16.320374,0.07095,-0.450891,0.042167,-18.808878,-0.299778,0.001911,-18.869717,-0.001878,0.000114,139,6079,0,680,0,0,-77043,1912,-509,961941,-1174433,-8869,681,431,208
183.734,03:59:8.734,43.564129783,1.481289298,0.,-0.,-0.,-0.,1.,-0.,-0.,-0.,-0.,-8.,0.,0.,0.,-8.,0.,0.,39.999996,0.,0.,0.,0.,0.,0.,0.,0.,0.,0.,0.,-18.872938,0.022482,-0.005753,2830.26001,3075.890137,3130.951172,3566.892578,0.615306,2.664365,-11.083714,-1.845918,-3.876333,21.785122,0.048145,-0.238745,0.003362,-18.824793,-0.216264,-0.002391,-18.872774,-0.,0.,140,3458,0,785,0,0,-77069,-1494,-18,666285,-975479,-152954,785,297,184
183.984,03:59:8.984,43.564125705,1.481288138,0.,-0.,-0.,-0.,1.,-0.,-0.,-0.,-0.,-8.,0.,0.,0.,-8.,0.,0.,39.999996,0.,0.,0.,0.,0.,0.,0.,0.,0.,0.,0.,-18.872828,0.009324,-0.000961,2816.158203,3389.333008,2251.72583,4146.776367,2.228249,18.506266,-2.702159,-6.684746,-37.717308,5.390318,0.038614,-0.126537,0.010627,-18.834213,-0.117213,0.009666,-18.872774,0.005722,-0.000229,140,3158,0,841,0,0,-77122,-612,87,133128,-819481,-122319,841,181,160
184.234,03:59:9.234,43.564122576,1.481286929,0.,-0.,-0.,-0.,1.,-0.,-0.,-0.,-0.,-8.,0.,0.,0.,-8.,0.,0.,39.999996,0.,0.,0.,0.,0.,0.,0.,0.,0.,0.,0.,-18.872124,0.003871,-0.00022,3642.470215,3300.478027,3161.946289,4379.098145,0.79007,21.828016,-8.373347,-2.370209,-43.536591,16.736639,0.033762,-0.091146,-0.014666,-18.838362,-0.087275,-0.014886,-18.868645,-0.,0.,140,3151,0,822,0,0,-77155,-372,-58,-456683,-661811,-146321,821,92,135
184.484,03:59:9.484,43.564119974,1.481285866,0.,-0.,-0.,-0.,1.,-0.,-0.,-0.,-0.,-8.,0.,0.,0.,-8.,0.,0.,39.999996,0.,0.,0.,0.,0.,0.,0.,0.,0.,0.,0.,-18.869389,0.000602,-3.1e-05,5040.008789,4488.23877,4628.538086,5523.203125,0.309561,20.250093,-8.728907,-1.40552,-40.46254,17.455734,0.029123,-0.111814,0.003975,-18.840265,-0.111212,0.003944,-18.868563,-0.,0.,140,4086,0,730,0,0,-77162,-431,-33,-967513,-526886,-139422,729,18,113
184.734,03:59:9.734,43.564118181,1.481284947,0.,-0.,-0.,-0.,1.,-0.,-0.,-0.,-0.,-8.,0.,0.,0.,-8.,0.,0.,39.999996,0.,0.,0.,0.,0.,0.,0.,0.,0.,0.,0.,-18.868164,7.4e-05,-4e-06,3890.361328,4434.391113,5969.366211,5385.870117,-0.035631,-15.785358,-42.426773,0.106894,31.576204,84.853264,0.026747,0.03124,0.095662,-18.841417,0.031314,0.095658,-18.868563,-0.,0.,141,4895,0,592,0,0,-77164,-345,106,-1127052,-322040,-104873,591,-33,94
184.984,03:59:9.984,43.564117127,1.481284512,0.,-0.,-0.,-0.,1.,-0.,-0.,-0.,-0.,-8.,0.,0.,0.,-8.,0.,0.,39.999996,0.,0.,0.,0.,0.,0.,0.,0.,0.,0.,0.,-18.868271,8e-06,-0.,4762.525391,4874.416504,5992.818359,4050.228271,-1.652716,-28.762732,-5.685464,4.958148,57.526119,11.370895,0.037323,0.14202,0.028273,-18.830948,0.142028,0.028273,-18.868563,-0.,0.,141,4919,0,447,0,0,-77166,306,566,-1231001,-226101,24958,446,-63,85
185.234,03:59:10.234,43.564116107,1.481284850,0.,-0.,-0.,-0.,1.,-0.,-0.,-0.,-0.,-8.,0.,0.,0.,-8.,0.,0.,39.999996,0.,0.,0.,0.,0.,0.,0.,0.,0.,0.,0.,-18.868271,1e-06,-0.,5211.177246,5431.678223,5818.058594,6251.072754,0.589986,2.975181,-19.967863,-1.769959,-5.950291,39.935722,0.028692,0.059431,-0.053122,-18.839579,0.059432,-0.053122,-18.868563,-0.,0.,141,5329,0,301,0,0,-77124,548,-218,-1231058,-282082,109501,295,-92,92
185.484,03:59:10.484,43.564114701,1.481285237,0.,-0.,-0.,-0.,1.,-0.,-0.,-0.,-0.,-8.,0.,0.,0.,-8.,0.,0.,39.999996,0.,0.,0.,0.,0.,0.,0.,0.,0.,0.,0.,-18.868271,0.,-0.,6642.288574,6446.577148,6648.085938,6079.035156,-0.690394,-5.22675,5.064414,2.071182,10.453507,-10.128828,0.007936,0.008878,-0.128747,-18.860334,0.008878,-0.128747,-18.868526,0.,0.,141,5669,0,155,0,0,-77209,48,-304,-1026810,-318612,33877,154,-132,100
185.734,03:59:10.734,43.564113611,1.481284850,0.,-0.,-0.,-0.,1.,-0.,-0.,-0.,-0.,-8.,0.,0.,0.,-8.,0.,0.,39.999996,0.,0.,0.,0.,0.,0.,0.,0.,0.,0.,0.,-18.868271,0.,-0.,6315.398438,4847.693359,7910.178711,7426.716797,-1.761459,13.779396,-58.433254,5.284378,-27.558792,116.866508,-0.011332,0.163276,-0.082419,-18.879602,0.163276,-0.082419,-18.868526,-0.,-0.,142,6472,0,76,0,0,-77260,329,-482,-281968,-302348,-139523,75,-163,92
185.984,03:59:10.984,43.564110974,1.481284463,0.,-0.,-0.,-0.,1.,-0.,-0.,-0.,-0.,-8.,0.,0.,0.,-8.,0.,0.,39.999996,0.,0.,0.,0.,0.,0.,0.,0.,0.,0.,0.,-18.868271,0.,-0.,5057.083984,5761.518555,5895.075195,6234.30957,0.942205,-5.112801,-18.350945,-2.826616,10.225601,36.701889,-0.008829,0.023674,0.021856,-18.8771,0.023674,0.021856,-18.868526,-0.,-0.,142,6563,0,30,0,0,-77326,64,204,45524,-666241,-41529,30,-238,84
186.234,03:59:11.234,43.564111923,1.481284077,0.,-0.,-0.,-0.,1.,-0.,-0.,-0.,-0.,-8.,0.,0.,0.,-8.,0.,0.,39.999996,0.,0.,0.,0.,0.,0.,0.,0.,0.,0.,0.,-18.868271,0.,-0.,4717.810059,5262.586914,5314.40918,6033.183594,1.140706,2.435971,-19.140732,-3.422117,-4.871942,38.281464,-0.006887,0.006552,0.037493,-18.875158,0.006552,0.037493,-18.868526,-0.,-0.,142,5552,0,137,0,0,-77317,64,149,666941,-93904,9024,137,-211,76
186.484,03:59:11.484,43.564111677,1.481283835,0.,-0.,-0.,-0.,1.,-0.,-0.,-0.,-0.,-8.,0.,0.,0.,-8.,0.,0.,39.999996,0.,0.,0.,0.,0.,0.,0.,0.,0.,0.,0.,-18.868458,0.,-0.,3558.733887,4151.277832,4314.446289,4151.531738,0.387851,-10.576418,-10.583527,-1.163552,21.152836,21.167053,-0.003752,0.01609,0.02144,-18.87221,0.01609,0.02144,-18.870007,-0.,-0.,142,5263,0,311,0,0,-77308,60,119,1213213,-39371,43453,312,-218,71
186.734,03:59:11.734,43.564111361,1.481284512,0.,-0.,-0.,-0.,1.,-0.,-0.,-0.,-0.,-8.,0.,0.,0.,-8.,0.,0.,39.999996,0.,0.,0.,0.,0.,0.,0.,0.,0.,0.,0.,-18.870255,0.,-0.,3082.959473,3305.51123,3112.480469,3547.04126,0.593224,2.968135,-3.794715,-2.25651,-5.93627,7.589431,-0.002445,0.017255,-0.012371,-18.8727,0.017255,-0.012371,-18.870106,-0.,-0.,143,4128,0,473,0,0,-77301,98,119,1100098,-13597,141878,474,-227,85
186.984,03:59:11.984,43.564111255,1.481285430,0.,-0.,-0.,-0.,1.,-0.,-0.,-0.,-0.,-8.,0.,0.,0.,-8.,0.,0.,39.999996,0.,0.,0.,0.,0.,0.,0.,0.,0.,0.,0.,-18.870348,-0.091869,-9.5e-05,1512.838867,4704.056152,4930.284668,1924.811523,0.16765,-86.753654,-8.93482,-0.50295,151.788864,17.913877,0.000383,0.070883,-0.005954,-18.869965,-0.020986,-0.006049,-18.87015,-0.697777,0.000119,143,3316,0,542,0,0,-77301,41,-79,363444,19987,169789,543,-230,104
187.234,03:59:12.234,43.564111291,1.481286349,0.,-0.,-0.,-0.,1.,-0.,-0.,-0.,-0.,-8.,0.,0.,0.,-8.,0.,0.,39.999996,0.,0.,0.,0.,0.,0.,0.,0.,0.,0.,0.,-18.870214,-0.613811,0.000934,5334.708008,1567.875732,2021.79541,4147.613281,-1.481465,82.497108,10.264446,4.444396,-157.409531,-20.458431,0.003098,-0.423974,-0.026661,-18.867117,-1.037785,-0.025727,-18.870991,-0.780569,0.002152,143,3267,0,549,0,0,-77278,-1457,1,-230868,108500,236011,549,-229,123
187.484,03:59:12.484,43.564112451,1.481287123,0.,-0.,-0.,-0.,1.,-0.,-0.,-0.,-0.,-8.,0.,0.,0.,-8.,0.,0.,39.999996,0.,0.,0.,0.,0.,0.,0.,0.,0.,0.,0.,-18.870037,-0.480132,-0.000179,2910.293945,3803.475586,2618.436035,3739.786133,1.818665,3.194361,4.977665,-5.455995,4.131497,-9.722602,-0.013802,-0.042322,-0.067412,-18.883839,-0.522454,-0.067591,-18.869829,0.197966,0.002793,143,3266,0,463,0,0,-77317,-4336,-291,-1193449,594865,55972,462,-196,139
187.734,03:59:12.734,43.564115756,1.481287364,0.,-0.,-0.,-0.,1.,-0.,-0.,-0.,-0.,-8.,0.,0.,0.,-8.,0.,0.,39.999996,0.,0.,0.,0.,0.,0.,0.,0.,0.,0.,0.,-18.869892,0.429426,0.000735,1437.737549,4524.535156,4698.13916,2411.579834,0.722418,-75.226997,-16.064255,-2.64409,135.634796,30.572357,0.041727,0.874502,0.001647,-18.828165,1.303928,0.002381,-18.887329,0.784531,-0.041625,144,3267,0,293,0,0,-77339,1496,-169,-1810367,928107,-64835,292,-102,144
187.984,03:59:12.984,43.564118252,1.481288331,0.,-0.,-0.,-0.,1.,-0.,-0.,-0.,-0.,-8.,0.,0.,0.,-8.,0.,0.,39.999996,0.,0.,0.,0.,0.,0.,0.,0.,0.,0.,0.,-19.006182,0.312629,-0.023742,9600.,855.18811,0.,2635.447021,17.280001,268.799988,218.952789,-850.062744,-595.561462,-436.664124,0.112528,0.546619,-1.797269,-18.893654,0.859247,-1.821011,-18.870106,-0.003845,2.6e-05,144,3347,0,45,0,0,-89194,7447,-12428,-2621778,438747,767974,42,-31,164
188.234,03:59:13.234,43.564121275,1.481288621,0.,-0.,-0.,-0.,1.,-0.,-0.,-0.,-0.,-8.,0.,0.,0.,-8.,0.,0.,39.999996,0.,0.,0.,0.,0.,0.,0.,0.,0.,0.,0.,-18.923494,0.0521,-0.004565,9600.,2442.501465,0.,217.108032,-17.280001,206.488968,268.799988,148.846893,-409.755554,-654.975281,-3.206364,0.306222,-0.924552,-22.129858,0.358322,-0.929118,-25.15329,0.,0.,144,3587,0,15,0,0,-80687,-456,-10529,-1115017,605897,210812,14,55,170
188.484,03:59:13.484,43.564123174,1.481288766,0.,-0.,-0.,-0.,1.,-0.,-0.,-0.,-0.,-8.,0.,0.,0.,-8.,0.,0.,39.999996,0.,0.,0.,0.,0.,0.,0.,0.,0.,0.,0.,-23.433661,0.006432,-0.000396,9600.,0.,0.,0.,17.280001,268.799988,268.799988,-922.181885,-668.974304,-719.585266,0.09548,-0.323599,-1.98313,-23.338181,-0.317167,-1.983526,-25.153292,0.,0.,144,3739,0,0,0,0,-94418,502,-6928,-1717449,548716,-380612,-1,109,173
188.734,03:59:13.734,43.564123807,1.481289637,0.,-0.,-0.,-0.,1.,-0.,-0.,-0.,-0.,-8.,0.,0.,0.,-8.,0.,0.,39.999996,0.,0.,0.,0.,0.,0.,0.,0.,0.,0.,0.,-24.222113,0.000714,-3.4e-05,4.9e-05,6.9e-05,3760.798584,8983.837891,-17.280001,73.122566,-178.429382,131.508011,-146.187836,356.855408,2.108143,0.160576,-2.774682,-22.11397,0.161289,-2.774716,-25.15329,0.,0.,145,2914,0,11,0,0,-92534,-306,-8218,-1003746,372325,-306971,10,127,191
188.984,03:59:13.984,43.564124897,1.481290990,0.,-0.,-0.,-0.,1.,-0.,-0.,-0.,-0.,-8.,0.,0.,0.,-8.,0.,0.,39.999996,0.,0.,0.,0.,0.,0.,0.,0.,0.,0.,0.,-24.822227,7.5e-05,-3e-06,0.,1599.618896,1777.509033,0.,0.070156,-47.280979,-2.490457,12.187299,94.56823,4.980625,2.499735,0.05557,-2.812148,-22.322493,0.055645,-2.81215,-25.153292,0.,0.,145,2782,0,0,0,0,-90816,713,-11737,-291675,331910,113136,0,158,219
189.234,03:59:14.234,43.564124299,1.481291136,0.,-0.,-0.,-0.,1.,-0.,-0.,-0.,-0.,-8.,0.,0.,0.,-8.,0.,0.,39.999996,0.,0.,0.,0.,0.,0.,0.,0.,0.,0.,0.,-25.104164,7e-06,-0.,4292.314941,8163.005371,0.,0.,-17.280001,-54.189674,174.378845,58.484581,108.379997,-348.757721,2.70936,0.04269,-2.344692,-22.394804,0.042698,-2.344692,-25.153292,0.,0.,145,2031,0,-9,0,0,-91693,218,-9222,-212697,-235972,-408827,-1,141,222
189.484,03:59:14.484,43.564123947,1.481290700,0.,-0.,-0.,-0.,1.,-0.,-0.,-0.,-0.,-8.,0.,0.,0.,-8.,0.,0.,39.999996,0.,0.,0.,0.,0.,0.,0.,0.,0.,0.,0.,-25.143944,1e-06,-0.,4028.917236,7690.513672,0.000125,0.000164,-17.280001,-51.262352,164.076126,66.130287,102.524811,-328.152252,2.732656,0.026774,-2.528404,-22.411287,0.026775,-2.528404,-25.153292,0.,0.,145,3366,0,-3,0,0,-91766,138,-9997,-186695,-303911,-476210,-3,131,213
189.734,03:59:14.734,43.564123771,1.481290410,0.,-0.,-0.,-0.,1.,-0.,-0.,-0.,-0.,-8.,0.,0.,0.,-8.,0.,0.,39.999996,0.,0.,0.,0.,0.,0.,0.,0.,0.,0.,0.,-25.143944,1e-06,-0.,4028.917236,7690.513672,0.000125,0.000164,-17.280001,-51.262352,164.076126,66.130287,102.524811,-328.152252,2.732656,0.026774,-2.528404,-22.411287,0.026775,-2.528404,-25.153292,0.,0.,146,0,0,0,0,0,-91828,83,-10705,-135913,-289950,-445400,-2,126,207
189.984,03:59:14.984,43.564122998,1.481288815,0.,-0.,-0.,-0.,1.,-0.,-0.,-0.,-0.,-8.,0.,0.,0.,-8.,0.,0.,39.999996,0.,0.,0.,0.,0.,0.,0.,0.,0.,0.,0.,-25.143944,1e-06,-0.,4028.917236,7690.513672,0.000125,0.000164,-17.280001,-51.262352,164.076126,66.130287,102.524811,-328.152252,2.732656,0.026774,-2.528404,-22.411287,0.026775,-2.528404,-25.153292,0.,0.,146,0,0,0,0,0,-91852,63,-11001,-173467,-403213,-627533,-10,104,174
190.234,03:59:15.234,43.564124158,1.481291232,0.,-0.,-0.,-0.,1.,-0.,-0.,-0.,-0.,-8.,0.,0.,0.,-8.,0.,0.,39.999996,0.,0.,0.,0.,0.,0.,0.,0.,0.,0.,0.,-25.143944,1e-06,-0.,4028.917236,7690.513672,0.000125,0.000164,-17.280001,-51.262352,164.076126,66.130287,102.524811,-328.152252,2.732656,0.026774,-2.528404,-22.411287,0.026775,-2.528404,-25.153292,0.,0.,146,0,0,0,0,0,-91923,9,-11884,-27476,-139588,-140468,3,137,224
190.484,03:59:15.484,43.564124264,1.481291426,0.,-0.,-0.,-0.,1.,-0.,-0.,-0.,-0.,-8.,0.,0.,0.,-8.,0.,0.,39.999996,0.,0.,0.,0.,0.,0.,0.,0.,0.,0.,0.,-25.143944,1e-06,-0.,4028.917236,7690.513672,0.000125,0.000164,-17.280001,-51.262352,164.076126,66.130287,102.524811,-328.152252,2.732656,0.026774,-2.528404,-22.411287,0.026775,-2.528404,-25.153292,0.,0.,146,0,0,0,0,0,-91946,-5,-12173,-14657,-86994,-59099,3,140,228
190.734,03:59:15.734,43.564124229,1.481291426,0.,-0.,-0.,-0.,1.,-0.,-0.,-0.,-0.,-8.,0.,0.,0.,-8.,0.,0.,39.999996,0.,0.,0.,0.,0.,0.,0.,0.,0.,0.,0.,-25.143944,1e-06,-0.,4028.917236,7690.513672,0.000125,0.000164,-17.280001,-51.262352,164.076126,66.130287,102.524811,-328.152252,2.732656,0.026774,-2.528404,-22.411287,0.026775,-2.528404,-25.153292,0.,0.,146,0,0,0,0,0,-91972,-23,-12376,-13281,-90966,-33277,3,139,228
190.984,03:59:15.984,43.564124334,1.481291522,0.,-0.,-0.,-0.,1.,-0.,-0.,-0.,-0.,-8.,0.,0.,0.,-8.,0.,0.,39.999996,0.,0.,0.,0.,0.,0.,0.,0.,0.,0.,0.,-25.143944,1e-06,-0.,4028.917236,7690.513672,0.000125,0.000164,-17.280001,-51.262352,164.076126,66.130287,102.524811,-328.152252,2.732656,0.026774,-2.528404,-22.411287,0.026775,-2.528404,-25.153292,0.,0.,146,0,0,0,0,0,-91990,-35,-12526,-7703,-57862,-663,4,142,230
191.234,03:59:16.234,43.564124299,1.481291522,0.,-0.,-0.,-0.,1.,-0.,-0.,-0.,-0.,-8.,0.,0.,0.,-8.,0.,0.,39.999996,0.,0.,0.,0.,0.,0.,0.,0.,0.,0.,0.,-25.143944,1e-06,-0.,4028.917236,7690.513672,0.000125,0.000164,-17.280001,-51.262352,164.076126,66.130287,102.524811,-328.152252,2.732656,0.026774,-2.528404,-22.411287,0.026775,-2.528404,-25.153292,0.,0.,146,0,0,0,0,0,-92000,-42,-12593,-9138,-65072,13062,3,141,230
191.484,03:59:16.484,43.564124334,1.481291522,0.,-0.,-0.,-0.,1.,-0.,-0.,-0.,-0.,-8.,0.,0.,0.,-8.,0.,0.,39.999996,0.,0.,0.,0.,0.,0.,0.,0.,0.,0.,0.,-25.143944,1e-06,-0.,4028.917236,7690.513672,0.000125,0.000164,-17.280001,-51.262352,164.076126,66.130287,102.524811,-328.152252,2.732656,0.026774,-2.528404,-22.411287,0.026775,-2.528404,-25.153292,0.,0.,146,0,0,0,0,0,-92010,-49,-12658,-6378,-45171,19391,4,142,230
191.734,03:59:16.734,43.564124193,1.481291667,0.,-0.,-0.,-0.,1.,-0.,-0.,-0.,-0.,-8.,0.,0.,0.,-8.,0.,0.,39.999996,0.,0.,0.,0.,0.,0.,0.,0.,0.,0.,0.,-25.143944,1e-06,-0.,4028.917236,7690.513672,0.000125,0.000164,-17.280001,-51.262352,164.076126,66.130287,102.524811,-328.152252,2.732656,0.026774,-2.528404,-22.411287,0.026775,-2.528404,-25.153292,0.,0.,146,0,0,0,0,0,-92014,-51,-12673,-12303,-82382,44582,3,138,233
191.984,03:59:16.984,43.564124299,1.481291619,0.,-0.,-0.,-0.,1.,-0.,-0.,-0.,-0.,-8.,0.,0.,0.,-8.,0.,0.,39.999996,0.,0.,0.,0.,0.,0.,0.,0.,0.,0.,0.,-25.143944,1e-06,-0.,4028.917236,7690.513672,0.000125,0.000164,-17.280001,-51.262352,164.076126,66.130287,102.524811,-328.152252,2.732656,0.026774,-2.528404,-22.411287,0.026775,-2.528404,-25.153292,0.,0.,146,0,0,0,0,0,-92021,-56,-12709,-9603,-61304,43800,3,141,232
192.234,03:59:17.234,43.564124334,1.481291571,0.,-0.,-0.,-0.,1.,-0.,-0.,-0.,-0.,-8.,0.,0.,0.,-8.,0.,0.,39.999996,0.,0.,0.,0.,0.,0.,0.,0.,0.,0.,0.,-25.143944,1e-06,-0.,4028.917236,7690.513672,0.000125,0.000164,-17.280001,-51.262352,164.076126,66.130287,102.524811,-328.152252,2.732656,0.026774,-2.528404,-22.411287,0.026775,-2.528404,-25.153292,0.,0.,146,0,0,0,0,0,-92027,-59,-12727,-6921,-46202,35091,4,142,231
192.484,03:59:17.484,43.564124299,1.481291619,0.,-0.,-0.,-0.,1.,-0.,-0.,-0.,-0.,-8.,0.,0.,0.,-8.,0.,0.,39.999996,0.,0.,0.,0.,0.,0.,0.,0.,0.,0.,0.,-25.143944,1e-06,-0.,4028.917236,7690.513672,0.000125,0.000164,-17.280001,-51.262352,164.076126,66.130287,102.524811,-328.152252,2.732656,0.026774,-2.528404,-22.411287,0.026775,-2.528404,-25.153292,0.,0.,146,0,0,0,0,0,-92030,-60,-12736,-9117,-58491,49159,3,141,232
192.734,03:59:17.734,43.564124334,1.481291571,0.,-0.,-0.,-0.,1.,-0.,-0.,-0.,-0.,-8.,0.,0.,0.,-8.,0.,0.,39.999996,0.,0.,0.,0.,0.,0.,0.,0.,0.,0.,0.,-25.143944,1e-06,-0.,4028.917236,7690.513672,0.000125,0.000164,-17.280001,-51.262352,164.076126,66.130287,102.524811,-328.152252,2.732656,0.026774,-2.528404,-22.411287,0.026775,-2.528404,-25.153292,0.,0.,146,0,0,0,0,0,-92033,-62,-12744,-6550,-43961,36459,4,142,231
192.984,03:59:17.984,43.564124299,1.481291619,0.,-0.,-0.,-0.,1.,-0.,-0.,-0.,-0.,-8.,0.,0.,0.,-8.,0.,0.,39.999996,0.,0.,0.,0.,0.,0.,0.,0.,0.,0.,0.,-25.143944,1e-06,-0.,4028.917236,7690.513672,0.000125,0.000164,-17.280001,-51.262352,164.076126,66.130287,102.524811,-328.152252,2.732656,0.026774,-2.528404,-22.411287,0.026775,-2.528404,-25.153292,0.,0.,146,0,0,0,0,0,-92034,-63,-12748,-8217,-53293,47431,3,141,232
193.234,03:59:18.234,43.564124334,1.481291571,0.,-0.,-0.,-0.,1.,-0.,-0.,-0.,-0.,-8.,0.,0.,0.,-8.,0.,0.,39.999996,0.,0.,0.,0.,0.,0.,0.,0.,0.,0.,0.,-25.143944,1e-06,-0.,4028.917236,7690.513672,0.000125,0.000164,-17.280001,-51.262352,164.076126,66.130287,102.524811,-328.152252,2.732656,0.026774,-2.528404,-22.411287,0.026775,-2.528404,-25.153292,0.,0.,146,0,0,0,0,0,-92036,-64,-12752,-6090,-41419,35462,4,142,231
193.484,03:59:18.484,43.564124334,1.481291571,0.,-0.,-0.,-0.,1.,-0.,-0.,-0.,-0.,-8.,0.,0.,0.,-8.,0.,0.,39.999996,0.,0.,0.,0.,0.,0.,0.,0.,0.,0.,0.,-25.143944,1e-06,-0.,4028.917236,7690.513672,0.000125,0.000164,-17.280001,-51.262352,164.076126,66.130287,102.524811,-328.152252,2.732656,0.026774,-2.528404,-22.411287,0.026775,-2.528404,-25.153292,0.,0.,146,0,0,0,0,0,-92037,-64,-12751,-7434,-47450,41959,4,142,231
193.734,03:59:18.734,43.564124369,1.481291571,0.,-0.,-0.,-0.,1.,-0.,-0.,-0.,-0.,-8.,0.,0.,0.,-8.,0.,0.,39.999996,0.,0.,0.,0.,0.,0.,0.,0.,0.,0.,0.,-25.143944,1e-06,-0.,4028.917236,7690.513672,0.000125,0.000164,-17.280001,-51.262352,164.076126,66.130287,102.524811,-328.152252,2.732656,0.026774,-2.528404,-22.411287,0.026775,-2.528404,-25.153292,0.,0.,146,0,0,0,0,0,-92038,-65,-12754,-5838,-38462,33305,4,143,231
193.984,03:59:18.984,43.564124334,1.481291571,0.,-0.,-0.,-0.,1.,-0.,-0.,-0.,-0.,-8.,0.,0.,0.,-8.,0.,0.,39.999996,0.,0.,0.,0.,0.,0.,0.,0.,0.,0.,0.,-25.143944,1e-06,-0.,4028.917236,7690.513672,0.000125,0.000164,-17.280001,-51.262352,164.076126,66.130287,102.524811,-328.152252,2.732656,0.026774,-2.528404,-22.411287,0.026775,-2.528404,-25.153292,0.,0.,146,0,0,0,0,0,-92039,-65,-12752,-6566,-42413,36473,4,142,231
194.234,03:59:19.234,43.564124158,1.481291812,0.,-0.,-0.,-0.,1.,-0.,-0.,-0.,-0.,-8.,0.,0.,0.,-8.,0.,0.,39.999996,0.,0.,0.,0.,0.,0.,0.,0.,0.,0.,0.,-25.143944,1e-06,-0.,4028.917236,7690.513672,0.000125,0.000164,-17.280001,-51.262352,164.076126,66.130287,102.524811,-328.152252,2.732656,0.026774,-2.528404,-22.411287,0.026775,-2.528404,-25.153292,0.,0.,146,0,0,0,0,0,-92040,-66,-12755,-14027,-82396,81918,3,137,236
194.484,03:59:19.484,43.564124334,1.481291571,0.,-0.,-0.,-0.,1.,-0.,-0.,-0.,-0.,-8.,0.,0.,0.,-8.,0.,0.,39.999996,0.,0.,0.,0.,0.,0.,0.,0.,0.,0.,0.,-25.143944,1e-06,-0.,4028.917236,7690.513672,0.000125,0.000164,-17.280001,-51.262352,164.076126,66.130287,102.524811,-328.152252,2.732656,0.026774,-2.528404,-22.411287,0.026775,-2.528404,-25.153292,0.,0.,146,0,0,0,0,0,-92040,-65,-12750,-7205,-46667,40292,4,142,231
194.734,03:59:19.734,43.564124299,1.481291619,0.,-0.,-0.,-0.,1.,-0.,-0.,-0.,-0.,-8.,0.,0.,0.,-8.,0.,0.,39.999996,0.,0.,0.,0.,0.,0.,0.,0.,0.,0.,0.,-25.143944,1e-06,-0.,4028.917236,7690.513672,0.000125,0.000164,-17.280001,-51.262352,164.076126,66.130287,102.524811,-328.152252,2.732656,0.026774,-2.528404,-22.411287,0.026775,-2.528404,-25.153292,0.,0.,146,0,0,0,0,0,-92040,-66,-12759,-8850,-53226,51582,3,141,232
194.984,03:59:19.984,43.564124334,1.481291571,0.,-0.,-0.,-0.,1.,-0.,-0.,-0.,-0.,-8.,0.,0.,0.,-8.,0.,0.,39.999996,0.,0.,0.,0.,0.,0.,0.,0.,0.,0.,0.,-25.143944,1e-06,-0.,4028.917236,7690.513672,0.000125,0.000164,-17.280001,-51.262352,164.076126,66.130287,102.524811,-328.152252,2.732656,0.026774,-2.528404,-22.411287,0.026775,-2.528404,-25.153292,0.,0.,146,0,0,0,0,0,-92040,-66,-12758,-6506,-42142,38124,4,142,231
195.234,03:59:20.234,43.564124299,1.481291619,0.,-0.,-0.,-0.,1.,-0.,-0.,-0.,-0.,-8.,0.,0.,0.,-8.,0.,0.,39.999996,0.,0.,0.,0.,0.,0.,0.,0.,0.,0.,0.,-25.143944,1e-06,-0.,4028.917236,7690.513672,0.000125,0.000164,-17.280001,-51.262352,164.076126,66.130287,102.524811,-328.152252,2.732656,0.026774,-2.528404,-22.411287,0.026775,-2.528404,-25.153292,0.,0.,146,0,0,0,0,0,-92041,-67,-12758,-8184,-52441,49118,3,141,232
195.484,03:59:20.484,43.564124334,1.481291571,0.,-0.,-0.,-0.,1.,-0.,-0.,-0.,-0.,-8.,0.,0.,0.,-8.,0.,0.,39.999996,0.,0.,0.,0.,0.,0.,0.,0.,0.,0.,0.,-25.143944,1e-06,-0.,4028.917236,7690.513672,0.000125,0.000164,-17.280001,-51.262352,164.076126,66.130287,102.524811,-328.152252,2.732656,0.026774,-2.528404,-22.411287,0.026775,-2.528404,-25.153292,0.,0.,146,0,0,0,0,0,-92041,-67,-12757,-6112,-40347,35703,4,142,231
195.734,03:59:20.734,43.564124334,1.481291619,0.,-0.,-0.,-0.,1.,-0.,-0.,-0.,-0.,-8.,0.,0.,0.,-8.,0.,0.,39.999996,0.,0.,0.,0.,0.,0.,0.,0.,0.,0.,0.,-25.143944,1e-06,-0.,4028.917236,7690.513672,0.000125,0.000164,-17.280001,-51.262352,164.076126,66.130287,102.524811,-328.152252,2.732656,0.026774,-2.528404,-22.411287,0.026775,-2.528404,-25.153292,0.,0.,146,0,0,0,0,0,-92041,-67,-12757,-7731,-50127,46087,3,142,232
195.984,03:59:20.984,43.564124264,1.481291667,0.,-0.,-0.,-0.,1.,-0.,-0.,-0.,-0.,-8.,0.,0.,0.,-8.,0.,0.,39.999996,0.,0.,0.,0.,0.,0.,0.,0.,0.,0.,0.,-25.143944,1e-06,-0.,4028.917236,7690.513672,0.000125,0.000164,-17.280001,-51.262352,164.076126,66.130287,102.524811,-328.152252,2.732656,0.026774,-2.528404,-22.411287,0.026775,-2.528404,-25.153292,0.,0.,146,0,0,0,0,0,-92042,-67,-12756,-9436,-60718,57223,3,140,233
196.234,03:59:21.234,43.564124334,1.481291571,0.,-0.,-0.,-0.,1.,-0.,-0.,-0.,-0.,-8.,0.,0.,0.,-8.,0.,0.,39.999996,0.,0.,0.,0.,0.,0.,0.,0.,0.,0.,0.,-25.143944,1e-06,-0.,4028.917236,7690.513672,0.000125,0.000164,-17.280001,-51.262352,164.076126,66.130287,102.524811,-328.152252,2.732656,0.026774,-2.528404,-22.411287,0.026775,-2.528404,-25.153292,0.,0.,146,0,0,0,0,0,-92041,-67,-12756,-6989,-45378,40572,4,142,231
196.484,03:59:21.484,43.564124299,1.481291619,0.,-0.,-0.,-0.,1.,-0.,-0.,-0.,-0.,-8.,0.,0.,0.,-8.,0.,0.,39.999996,0.,0.,0.,0.,0.,0.,0.,0.,0.,0.,0.,-25.143944,1e-06,-0.,4028.917236,7690.513672,0.000125,0.000164,-17.280001,-51.262352,164.076126,66.130287,102.524811,-328.152252,2.732656,0.026774,-2.528404,-22.411287,0.026775,-2.528404,-25.153292,0.,0.,146,0,0,0,0,0,-92042,-67,-12756,-8834,-56415,52490,3,141,232
196.734,03:59:21.734,43.564124334,1.481291571,0.,-0.,-0.,-0.,1.,-0.,-0.,-0.,-0.,-8.,0.,0.,0.,-8.,0.,0.,39.999996,0.,0.,0.,0.,0.,0.,0.,0.,0.,0.,0.,-25.143944,1e-06,-0.,4028.917236,7690.513672,0.000125,0.000164,-17.280001,-51.262352,164.076126,66.130287,102.524811,-328.152252,2.732656,0.026774,-2.528404,-22.411287,0.026775,-2.528404,-25.153292,0.,0.,146,0,0,0,0,0,-92041,-67,-12756,-6876,-44111,39242,4,142,231
196.984,03:59:21.984,43.564124299,1.481291619,0.,-0.,-0.,-0.,1.,-0.,-0.,-0.,-0.,-8.,0.,0.,0.,-8.,0.,0.,39.999996,0.,0.,0.,0.,0.,0.,0.,0.,0.,0.,0.,-25.143944,1e-06,-0.,4028.917236,7690.513672,0.000125,0.000164,-17.280001,-51.262352,164.076126,66.130287,102.524811,-328.152252,2.732656,0.026774,-2.528404,-22.411287,0.026775,-2.528404,-25.153292,0.,0.,146,0,0,0,0,0,-92042,-67,-12757,-8875,-56167,53131,3,141,232
197.234,03:59:22.234,43.564124334,1.481291571,0.,-0.,-0.,-0.,1.,-0.,-0.,-0.,-0.,-8.,0.,0.,0.,-8.,0.,0.,39.999996,0.,0.,0.,0.,0.,0.,0.,0.,0.,0.,0.,-25.143944,1e-06,-0.,4028.917236,7690.513672,0.000125,0.000164,-17.280001,-51.262352,164.076126,66.130287,102.524811,-328.152252,2.732656,0.026774,-2.528404,-22.411287,0.026775,-2.528404,-25.153292,0.,0.,146,0,0,0,0,0,-92041,-67,-12757,-6447,-42495,37841,4,142,231
197.484,03:59:22.484,43.564124299,1.481291619,0.,-0.,-0.,-0.,1.,-0.,-0.,-0.,-0.,-8.,0.,0.,0.,-8.,0.,0.,39.999996,0.,0.,0.,0.,0.,0.,0.,0.,0.,0.,0.,-25.143944,1e-06,-0.,4028.917236,7690.513672,0.000125,0.000164,-17.280001,-51.262352,164.076126,66.130287,102.524811,-328.152252,2.732656,0.026774,-2.528404,-22.411287,0.026775,-2.528404,-25.153292,0.,0.,146,0,0,0,0,0,-92042,-66,-12757,-8160,-52106,48262,3,141,232
197.734,03:59:22.734,43.564124334,1.481291571,0.,-0.,-0.,-0.,1.,-0.,-0.,-0.,-0.,-8.,0.,0.,0.,-8.,0.,0.,39.999996,0.,0.,0.,0.,0.,0.,0.,0.,0.,0.,0.,-25.143944,1e-06,-0.,4028.917236,7690.513672,0.000125,0.000164,-17.280001,-51.262352,164.076126,66.130287,102.524811,-328.152252,2.732656,0.026774,-2.528404,-22.411287,0.026775,-2.528404,-25.153292,0.,0.,146,0,0,0,0,0,-92042,-66,-12757,-6112,-39932,35119,4,142,231
197.984,03:59:22.984,43.564124053,1.481291957,0.,-0.,-0.,-0.,1.,-0.,-0.,-0.,-0.,-8.,0.,0.,0.,-8.,0.,0.,39.999996,0.,0.,0.,0.,0.,0.,0.,0.,0.,0.,0.,-25.143944,1e-06,-0.,4028.917236,7690.513672,0.000125,0.000164,-17.280001,-51.262352,164.076126,66.130287,102.524811,-328.152252,2.732656,0.026774,-2.528404,-22.411287,0.026775,-2.528404,-25.153292,0.,0.,146,0,0,0,0,0,-92043,-67,-12758,-16478,-98714,99907,2,134,239
198.234,03:59:23.234,43.564124369,1.481291571,0.,-0.,-0.,-0.,1.,-0.,-0.,-0.,-0.,-8.,0.,0.,0.,-8.,0.,0.,39.999996,0.,0.,0.,0.,0.,0.,0.,0.,0.,0.,0.,-25.143944,1e-06,-0.,4028.917236,7690.513672,0.000125,0.000164,-17.280001,-51.262352,164.076126,66.130287,102.524811,-328.152252,2.732656,0.026774,-2.528404,-22.411287,0.026775,-2.528404,-25.153292,0.,0.,146,0,0,0,0,0,-92041,-67,-12759,-5210,-38669,32961,4,143,231
198.484,03:59:23.484,43.564124334,1.481291571,0.,-0.,-0.,-0.,1.,-0.,-0.,-0.,-0.,-8.,0.,0.,0.,-8.,0.,0.,39.999996,0.,0.,0.,0.,0.,0.,0.,0.,0.,0.,0.,-25.143944,1e-06,-0.,4028.917236,7690.513672,0.000125,0.000164,-17.280001,-51.262352,164.076126,66.130287,102.524811,-328.152252,2.732656,0.026774,-2.528404,-22.411287,0.026775,-2.528404,-25.153292,0.,0.,146,0,0,0,0,0,-92042,-67,-12758,-6920,-45437,42463,4,142,231
198.734,03:59:23.734,43.564124299,1.481291619,0.,-0.,-0.,-0.,1.,-0.,-0.,-0.,-0.,-8.,0.,0.,0.,-8.,0.,0.,39.999996,0.,0.,0.,0.,0.,0.,0.,0.,0.,0.,0.,-25.143944,1e-06,-0.,4028.917236,7690.513672,0.000125,0.000164,-17.280001,-51.262352,164.076126,66.130287,102.524811,-328.152252,2.732656,0.026774,-2.528404,-22.411287,0.026775,-2.528404,-25.153292,0.,0.,146,0,0,0,0,0,-92042,-67,-12757,-9005,-56289,52841,3,141,232
198.984,03:59:23.984,43.564124334,1.481291571,0.,-0.,-0.,-0.,1.,-0.,-0.,-0.,-0.,-8.,0.,0.,0.,-8.,0.,0.,39.999996,0.,0.,0.,0.,0.,0.,0.,0.,0.,0.,0.,-25.143944,1e-06,-0.,4028.917236,7690.513672,0.000125,0.000164,-17.280001,-51.262352,164.076126,66.130287,102.524811,-328.152252,2.732656,0.026774,-2.528404,-22.411287,0.026775,-2.528404,-25.153292,0.,0.,146,0,0,0,0,0,-92042,-68,-12756,-6856,-43439,38370,4,142,231
199.234,03:59:24.234,43.564123525,1.481290072,0.,-0.,-0.,-0.,1.,-0.,-0.,-0.,-0.,-8.,0.,0.,0.,-8.,0.,0.,39.999996,0.,0.,0.,0.,0.,0.,0.,0.,0.,0.,0.,-25.143944,1e-06,-0.,4028.917236,7690.513672,0.000125,0.000164,-17.280001,-51.262352,164.076126,66.130287,102.524811,-328.152252,2.732656,0.026774,-2.528404,-22.411287,0.026775,-2.528404,-25.153292,0.,0.,146,0,0,0,0,0,-92040,-30,-9234,-133228,-543298,-762564,-1,119,200
199.484,03:59:24.484,43.564122576,1.481290120,0.,-0.,-0.,-0.,1.,-0.,-0.,-0.,-0.,-8.,0.,0.,0.,-8.,0.,0.,39.999996,0.,0.,0.,0.,0.,0.,0.,0.,0.,0.,0.,-25.143944,1e-06,-0.,4028.917236,7690.513672,0.000125,0.000164,-17.280001,-51.262352,164.076126,66.130287,102.524811,-328.152252,2.732656,0.026774,-2.528404,-22.411287,0.026775,-2.528404,-25.153292,0.,0.,146,0,0,0,0,0,-91845,683,-11146,-255611,-1338816,-22432,18,92,201
199.734,03:59:24.734,43.564121240,1.481289443,0.,-0.,-0.,-0.,1.,-0.,-0.,-0.,-0.,-8.,0.,0.,0.,-8.,0.,0.,39.999996,0.,0.,0.,0.,0.,0.,0.,0.,0.,0.,0.,-25.143944,1e-06,-0.,4028.917236,7690.513672,0.000125,0.000164,-17.280001,-51.262352,164.076126,66.130287,102.524811,-328.152252,2.732656,0.026774,-2.528404,-22.411287,0.026775,-2.528404,-25.153292,0.,0.,146,0,0,0,0,0,-92016,2734,-13233,-35805,-1034065,182146,97,54,187
199.984,03:59:24.984,43.564121943,1.481286639,0.,-0.,-0.,-0.,1.,-0.,-0.,-0.,-0.,-8.,0.,0.,0.,-8.,0.,0.,39.999996,0.,0.,0.,0.,0.,0.,0.,0.,0.,0.,0.,-25.143944,1e-06,-0.,4028.917236,7690.513672,0.000125,0.000164,-17.280001,-51.262352,164.076126,66.130287,102.524811,-328.152252,2.732656,0.026774,-2.528404,-22.411287,0.026775,-2.528404,-25.153292,0.,0.,146,0,0,0,0,0,-92766,3758,-12085,-30140,-409318,106844,160,74,129
200.234,03:59:25.234,43.564120783,1.481285044,0.,-0.,-0.,-0.,1.,-0.,-0.,-0.,-0.,-8.,0.,0.,0.,-8.,0.,0.,39.999996,0.,0.,0.,0.,0.,0.,0.,0.,0.,0.,0.,-25.143944,1e-06,-0.,4028.917236,7690.513672,0.000125,0.000164,-17.280001,-51.262352,164.076126,66.130287,102.524811,-328.152252,2.732656,0.026774,-2.528404,-22.411287,0.026775,-2.528404,-25.153292,0.,0.,146,0,0,0,0,0,-92959,2843,-9283,-121321,-521235,293139,176,41,96
200.484,03:59:25.484,43.564117654,1.481280789,0.,-0.,-0.,-0.,1.,-0.,-0.,-0.,-0.,-8.,0.,0.,0.,-8.,0.,0.,39.999996,0.,0.,0.,0.,0.,0.,0.,0.,0.,0.,0.,-25.143944,1e-06,-0.,4028.917236,7690.513672,0.000125,0.000164,-17.280001,-51.262352,164.076126,66.130287,102.524811,-328.152252,2.732656,0.026774,-2.528404,-22.411287,0.026775,-2.528404,-25.153292,0.,0.,146,0,0,0,0,0,-93910,2806,-9344,-316140,-753090,47014,171,-48,8
200.734,03:59:25.734,43.564114138,1.481272328,0.,-0.,-0.,-0.,1.,-0.,-0.,-0.,-0.,-8.,0.,0.,0.,-8.,0.,0.,39.999996,0.,0.,0.,0.,0.,0.,0.,0.,0.,0.,0.,-25.143944,1e-06,-0.,4028.917236,7690.513672,0.000125,0.000164,-17.280001,-51.262352,164.076126,66.130287,102.524811,-328.152252,2.732656,0.026774,-2.528404,-22.411287,0.026775,-2.528404,-25.153292,0.,0.,146,0,0,0,0,0,-98943,3510,-12875,-440278,-342189,-529970,160,-148,-167
200.984,03:59:25.984,43.564110447,1.481266091,0.,-0.,-0.,-0.,1.,-0.,-0.,-0.,-0.,-8.,0.,0.,0.,-8.,0.,0.,39.999996,0.,0.,0.,0.,0.,0.,0.,0.,0.,0.,0.,-25.143944,1e-06,-0.,4028.917236,7690.513672,0.000125,0.000164,-17.280001,-51.262352,164.076126,66.130287,102.524811,-328.152252,2.732656,0.026774,-2.528404,-22.411287,0.026775,-2.528404,-25.153292,0.,0.,146,0,0,0,0,0,-99670,1625,-14235,-766106,74364,-414648,150,-253,-296
201.234,03:59:26.234,43.564106333,1.481261885,0.,-0.,-0.,-0.,1.,-0.,-0.,-0.,-0.,-8.,0.,0.,0.,-8.,0.,0.,39.999996,0.,0.,0.,0.,0.,0.,0.,0.,0.,0.,0.,-25.143944,1e-06,-0.,4028.917236,7690.513672,0.000125,0.000164,-17.280001,-51.262352,164.076126,66.130287,102.524811,-328.152252,2.732656,0.026774,-2.528404,-22.411287,0.026775,-2.528404,-25.153292,0.,0.,146,0,0,0,0,0,-98045,1028,-10812,-630943,-334575,-146758,154,-370,-383
201.484,03:59:26.484,43.564103380,1.481260483,0.,-0.,-0.,-0.,1.,-0.,-0.,-0.,-0.,-8.,0.,0.,0.,-8.,0.,0.,39.999996,0.,0.,0.,0.,0.,0.,0.,0.,0.,0.,0.,-25.143944,1e-06,-0.,4028.917236,7690.513672,0.000125,0.000164,-17.280001,-51.262352,164.076126,66.130287,102.524811,-328.152252,2.732656,0.026774,-2.528404,-22.411287,0.026775,-2.528404,-25.153292,0.,0.,146,0,0,0,0,0,-98111,144,-9616,-999541,-33793,595700,122,-454,-412
201.734,03:59:26.734,43.564100286,1.481255599,0.,-0.,-0.,-0.,1.,-0.,-0.,-0.,-0.,-8.,0.,0.,0.,-8.,0.,0.,39.999996,0.,0.,0.,0.,0.,0.,0.,0.,0.,0.,0.,-25.143944,1e-06,-0.,4028.917236,7690.513672,0.000125,0.000164,-17.280001,-51.262352,164.076126,66.130287,102.524811,-328.152252,2.732656,0.026774,-2.528404,-22.411287,0.026775,-2.528404,-25.153292,0.,0.,146,0,0,0,0,0,-98722,174,-5811,-732168,-197539,-179366,149,-542,-513
201.984,03:59:26.984,43.564096419,1.481250619,0.,-0.,-0.,-0.,1.,-0.,-0.,-0.,-0.,-8.,0.,0.,0.,-8.,0.,0.,39.999996,0.,0.,0.,0.,0.,0.,0.,0.,0.,0.,0.,-25.143944,1e-06,-0.,4028.917236,7690.513672,0.000125,0.000164,-17.280001,-51.262352,164.076126,66.130287,102.524811,-328.152252,2.732656,0.026774,-2.528404,-22.411287,0.026775,-2.528404,-25.153292,0.,0.,146,0,0,0,0,0,-98264,693,-3714,-437587,-363747,9686,144,-652,-616
202.234,03:59:27.234,43.564093360,1.481249943,0.,-0.,-0.,-0.,1.,-0.,-0.,-0.,-0.,-8.,0.,0.,0.,-8.,0.,0.,39.999996,0.,0.,0.,0.,0.,0.,0.,0.,0.,0.,0.,-25.143944,1e-06,-0.,4028.917236,7690.513672,0.000125,0.000164,-17.280001,-51.262352,164.076126,66.130287,102.524811,-328.152252,2.732656,0.026774,-2.528404,-22.411287,0.026775,-2.528404,-25.153292,0.,0.,146,0,0,0,0,0,-98682,728,-3780,-1134568,-389938,475968,95,-739,-630
202.484,03:59:27.484,43.564093325,1.481256711,0.,-0.,-0.,-0.,1.,-0.,-0.,-0.,-0.,-8.,0.,0.,0.,-8.,0.,0.,39.999996,0.,0.,0.,0.,0.,0.,0.,0.,0.,0.,0.,-25.143944,1e-06,-0.,4028.917236,7690.513672,0.000125,0.000164,-17.280001,-51.262352,164.076126,66.130287,102.524811,-328.152252,2.732656,0.026774,-2.528404,-22.411287,0.026775,-2.528404,-25.153292,0.,0.,146,0,0,0,0,0,-98980,-185,-3786,-1949666,556731,1989970,-94,-740,-490
202.734,03:59:27.734,43.564097192,1.481271313,0.,-0.,-0.,-0.,1.,-0.,-0.,-0.,-0.,-8.,0.,0.,0.,-8.,0.,0.,39.999996,0.,0.,0.,0.,0.,0.,0.,0.,0.,0.,0.,-25.143944,1e-06,-0.,4028.917236,7690.513672,0.000125,0.000164,-17.280001,-51.262352,164.076126,66.130287,102.524811,-328.152252,2.732656,0.026774,-2.528404,-22.411287,0.026775,-2.528404,-25.153292,0.,0.,146,0,0,0,0,0,-98594,-431,-3465,-3198121,1099433,2838223,-407,-630,-188
202.984,03:59:27.984,43.564102642,1.481292634,0.,-0.,-0.,-0.,1.,-0.,-0.,-0.,-0.,-8.,0.,0.,0.,-8.,0.,0.,39.999996,0.,0.,0.,0.,0.,0.,0.,0.,0.,0.,0.,-25.143944,1e-06,-0.,4028.917236,7690.513672,0.000125,0.000164,-17.280001,-51.262352,164.076126,66.130287,102.524811,-328.152252,2.732656,0.026774,-2.528404,-22.411287,0.026775,-2.528404,-25.153292,0.,0.,146,0,0,0,0,0,-97923,734,-2971,-3644807,1355268,4344744,-828,-475,253
203.234,03:59:28.234,43.564108830,1.481320725,0.,-0.,-0.,-0.,1.,-0.,-0.,-0.,-0.,-8.,0.,0.,0.,-8.,0.,0.,39.999996,0.,0.,0.,0.,0.,0.,0.,0.,0.,0.,0.,-25.143944,1e-06,-0.,4028.917236,7690.513672,0.000125,0.000164,-17.280001,-51.262352,164.076126,66.130287,102.524811,-328.152252,2.732656,0.026774,-2.528404,-22.411287,0.026775,-2.528404,-25.153292,0.,0.,146,0,0,0,0,0,-99101,107,-3631,-4461954,1647053,5226933,-1320,-299,834
203.484,03:59:28.484,43.564118498,1.481356213,0.,-0.,-0.,-0.,1.,-0.,-0.,-0.,-0.,-8.,0.,0.,0.,-8.,0.,0.,39.999996,0.,0.,0.,0.,0.,0.,0.,0.,0.,0.,0.,-25.143944,1e-06,-0.,4028.917236,7690.513672,0.000125,0.000164,-17.280001,-51.262352,164.076126,66.130287,102.524811,-328.152252,2.732656,0.026774,-2.528404,-22.411287,0.026775,-2.528404,-25.153292,0.,0.,146,0,0,0,0,0,-100377,-1617,-4151,-5467262,2849737,6726180,-1920,-24,1568
203.734,03:59:28.734,43.564132631,1.481398663,0.,-0.,-0.,-0.,1.,-0.,-0.,-0.,-0.,-8.,0.,0.,0.,-8.,0.,0.,39.999996,0.,0.,0.,0.,0.,0.,0.,0.,0.,0.,0.,-25.143944,1e-06,-0.,4028.917236,7690.513672,0.000125,0.000164,-17.280001,-51.262352,164.076126,66.130287,102.524811,-328.152252,2.732656,0.026774,-2.528404,-22.411287,0.026775,-2.528404,-25.153292,0.,0.,146,0,0,0,0,0,-100400,-1688,-4002,-6635542,3619040,7532958,-2656,378,2446
203.984,03:59:28.984,43.564150034,1.481445755,0.,-0.,-0.,-0.,1.,-0.,-0.,-0.,-0.,-8.,0.,0.,0.,-8.,0.,0.,39.999996,0.,0.,0.,0.,0.,0.,0.,0.,0.,0.,0.,-25.143944,1e-06,-0.,4028.917236,7690.513672,0.000125,0.000164,-17.280001,-51.262352,164.076126,66.130287,102.524811,-328.152252,2.732656,0.026774,-2.528404,-22.411287,0.026775,-2.528404,-25.153292,0.,0.,146,0,0,0,0,0,-99762,-267,-3718,-7550639,4625502,8630193,-3528,873,3420
204.234,03:59:29.234,43.564170742,1.481499035,0.,-0.,-0.,-0.,1.,-0.,-0.,-0.,-0.,-8.,0.,0.,0.,-8.,0.,0.,39.999996,0.,0.,0.,0.,0.,0.,0.,0.,0.,0.,0.,-25.143944,1e-06,-0.,4028.917236,7690.513672,0.000125,0.000164,-17.280001,-51.262352,164.076126,66.130287,102.524811,-328.152252,2.732656,0.026774,-2.528404,-22.411287,0.026775,-2.528404,-25.153292,0.,0.,146,0,0,0,0,0,-99185,1428,-4160,-8369217,5046384,9428224,-4503,1462,4522
204.484,03:59:29.484,43.564194473,1.481558649,0.,-0.,-0.,-0.,1.,-0.,-0.,-0.,-0.,-8.,0.,0.,0.,-8.,0.,0.,39.999996,0.,0.,0.,0.,0.,0.,0.,0.,0.,0.,0.,-25.143944,1e-06,-0.,4028.917236,7690.513672,0.000125,0.000164,-17.280001,-51.262352,164.076126,66.130287,102.524811,-328.152252,2.732656,0.026774,-2.528404,-22.411287,0.026775,-2.528404,-25.153292,0.,0.,146,0,0,0,0,0,-98671,-14,-3181,-8707752,5966687,10810962,-5538,2137,5755
204.734,03:59:29.734,43.564220490,1.481624549,0.,-0.,-0.,-0.,1.,-0.,-0.,-0.,-0.,-8.,0.,0.,0.,-8.,0.,0.,39.999996,0.,0.,0.,0.,0.,0.,0.,0.,0.,0.,0.,-25.143944,1e-06,-0.,4028.917236,7690.513672,0.000125,0.000164,-17.280001,-51.262352,164.076126,66.130287,102.524811,-328.152252,2.732656,0.026774,-2.528404,-22.411287,0.026775,-2.528404,-25.153292,0.,0.,146,0,0,0,0,0,-97820,-604,-2844,-9813209,6170455,11709797,-6672,2877,7118
204.984,03:59:29.984,43.564247209,1.481698426,0.,-0.,-0.,-0.,1.,-0.,-0.,-0.,-0.,-8.,0.,0.,0.,-8.,0.,0.,39.999996,0.,0.,0.,0.,0.,0.,0.,0.,0.,0.,0.,-25.143944,1e-06,-0.,4028.917236,7690.513672,0.000125,0.000164,-17.280001,-51.262352,164.076126,66.130287,102.524811,-328.152252,2.732656,0.026774,-2.528404,-22.411287,0.026775,-2.528404,-25.153292,0.,0.,146,0,0,0,0,0,-98099,-723,-1905,-10935784,6295547,13276303,-7934,3637,8646
205.234,03:59:30.234,43.564274738,1.481779992,0.,-0.,-0.,-0.,1.,-0.,-0.,-0.,-0.,-8.,0.,0.,0.,-8.,0.,0.,39.999996,0.,0.,0.,0.,0.,0.,0.,0.,0.,0.,0.,-25.143944,1e-06,-0.,4028.917236,7690.513672,0.000125,0.000164,-17.280001,-51.262352,164.076126,66.130287,102.524811,-328.152252,2.732656,0.026774,-2.528404,-22.411287,0.026775,-2.528404,-25.153292,0.,0.,146,0,0,0,0,0,-98304,-956,-2706,-12303807,6560245,14436198,-9351,4420,10333
205.484,03:59:30.484,43.564304059,1.481870598,0.,-0.,-0.,-0.,1.,-0.,-0.,-0.,-0.,-8.,0.,0.,0.,-8.,0.,0.,39.999996,0.,0.,0.,0.,0.,0.,0.,0.,0.,0.,0.,-25.143944,1e-06,-0.,4028.917236,7690.513672,0.000125,0.000164,-17.280001,-51.262352,164.076126,66.130287,102.524811,-328.152252,2.732656,0.026774,-2.528404,-22.411287,0.026775,-2.528404,-25.153292,0.,0.,146,0,0,0,0,0,-98137,-2802,-2670,-13903487,7062554,16145273,-10946,5254,12207
205.734,03:59:30.734,43.564334470,1.481967974,0.,-0.,-0.,-0.,1.,-0.,-0.,-0.,-0.,-8.,0.,0.,0.,-8.,0.,0.,39.999996,0.,0.,0.,0.,0.,0.,0.,0.,0.,0.,0.,-25.143944,1e-06,-0.,4028.917236,7690.513672,0.000125,0.000164,-17.280001,-51.262352,164.076126,66.130287,102.524811,-328.152252,2.732656,0.026774,-2.528404,-22.411287,0.026775,-2.528404,-25.153292,0.,0.,146,0,0,0,0,0,-96195,-4429,-1925,-15823110,6985120,17173680,-12749,6119,14221
205.984,03:59:30.984,43.564362807,1.482072845,0.,-0.,-0.,-0.,1.,-0.,-0.,-0.,-0.,-8.,0.,0.,0.,-8.,0.,0.,39.999996,0.,0.,0.,0.,0.,0.,0.,0.,0.,0.,0.,-25.143944,1e-06,-0.,4028.917236,7690.513672,0.000125,0.000164,-17.280001,-51.262352,164.076126,66.130287,102.524811,-328.152252,2.732656,0.026774,-2.528404,-22.411287,0.026775,-2.528404,-25.153292,0.,0.,146,0,0,0,0,0,-92832,-5004,-3215,-18155558,6295634,18023266,-14830,6925,16390
206.234,03:59:31.234,43.564387944,1.482179505,0.,-0.,-0.,-0.,1.,-0.,-0.,-0.,-0.,-8.,0.,0.,0.,-8.,0.,0.,39.999996,0.,0.,0.,0.,0.,0.,0.,0.,0.,0.,0.,-25.143944,1e-06,-0.,4028.917236,7690.513672,0.000125,0.000164,-17.280001,-51.262352,164.076126,66.130287,102.524811,-328.152252,2.732656,0.026774,-2.528404,-22.411287,0.026775,-2.528404,-25.153292,0.,0.,146,0,0,0,0,0,-90371,-3896,-5982,-20312256,5371103,18067906,-17178,7640,18596
206.484,03:59:31.484,43.564408652,1.482285875,0.,-0.,-0.,-0.,1.,-0.,-0.,-0.,-0.,-8.,0.,0.,0.,-8.,0.,0.,39.999996,0.,0.,0.,0.,0.,0.,0.,0.,0.,0.,0.,-25.143944,1e-06,-0.,4028.917236,7690.513672,0.000125,0.000164,-17.280001,-51.262352,164.076126,66.130287,102.524811,-328.152252,2.732656,0.026774,-2.528404,-22.411287,0.026775,-2.528404,-25.153292,0.,0.,146,0,0,0,0,0,-88716,-4172,-7839,-22643558,4157056,17961940,-19791,8229,20796
206.734,03:59:31.734,43.564424754,1.482390892,0.,-0.,-0.,-0.,1.,-0.,-0.,-0.,-0.,-8.,0.,0.,0.,-8.,0.,0.,39.999996,0.,0.,0.,0.,0.,0.,0.,0.,0.,0.,0.,-25.143944,1e-06,-0.,4028.917236,7690.513672,0.000125,0.000164,-17.280001,-51.262352,164.076126,66.130287,102.524811,-328.152252,2.732656,0.026774,-2.528404,-22.411287,0.026775,-2.528404,-25.153292,0.,0.,146,0,0,0,0,0,-85734,-4172,-10073,-24650314,3505210,17604852,-22685,8687,22968
206.984,03:59:31.984,43.564437305,1.482492574,0.,-0.,-0.,-0.,1.,-0.,-0.,-0.,-0.,-8.,0.,0.,0.,-8.,0.,0.,39.999996,0.,0.,0.,0.,0.,0.,0.,0.,0.,0.,0.,-25.143944,1e-06,-0.,4028.917236,7690.513672,0.000125,0.000164,-17.280001,-51.262352,164.076126,66.130287,102.524811,-328.152252,2.732656,0.026774,-2.528404,-22.411287,0.026775,-2.528404,-25.153292,0.,0.,146,0,0,0,0,0,-86794,-3133,-8165,-26977174,2350274,16795646,-25837,9044,25071
207.234,03:59:32.234,43.564445777,1.482589904,0.,-0.,-0.,-0.,1.,-0.,-0.,-0.,-0.,-8.,0.,0.,0.,-8.,0.,0.,39.999996,0.,0.,0.,0.,0.,0.,0.,0.,0.,0.,0.,-25.143944,1e-06,-0.,4028.917236,7690.513672,0.000125,0.000164,-17.280001,-51.262352,164.076126,66.130287,102.524811,-328.152252,2.732656,0.026774,-2.528404,-22.411287,0.026775,-2.528404,-25.153292,0.,0.,146,0,0,0,0,0,-86386,-2901,-9192,-28850988,1561328,16148141,-29244,9285,27084
207.484,03:59:32.484,43.564450558,1.482682739,0.,-0.,-0.,-0.,1.,-0.,-0.,-0.,-0.,-8.,0.,0.,0.,-8.,0.,0.,39.999996,0.,0.,0.,0.,0.,0.,0.,0.,0.,0.,0.,-25.143944,1e-06,-0.,4028.917236,7690.513672,0.000125,0.000164,-17.280001,-51.262352,164.076126,66.130287,102.524811,-328.152252,2.732656,0.026774,-2.528404,-22.411287,0.026775,-2.528404,-25.153292,0.,0.,146,0,0,0,0,0,-85154,-2137,-9858,-30667142,653025,15229709,-32876,9421,29004
207.734,03:59:32.734,43.564451613,1.482768853,0.,-0.,-0.,-0.,1.,-0.,-0.,-0.,-0.,-8.,0.,0.,0.,-8.,0.,0.,39.999996,0.,0.,0.,0.,0.,0.,0.,0.,0.,0.,0.,-25.143944,1e-06,-0.,4028.917236,7690.513672,0.000125,0.000164,-17.280001,-51.262352,164.076126,66.130287,102.524811,-328.152252,2.732656,0.026774,-2.528404,-22.411287,0.026775,-2.528404,-25.153292,0.,0.,146,0,0,0,0,0,-84080,-1638,-9802,-32333366,-65468,13990707,-36724,9451,30785
207.984,03:59:32.984,43.564450241,1.482847909,0.,-0.,-0.,-0.,1.,-0.,-0.,-0.,-0.,-8.,0.,0.,0.,-8.,0.,0.,39.999996,0.,0.,0.,0.,0.,0.,0.,0.,0.,0.,0.,-25.143944,1e-06,-0.,4028.917236,7690.513672,0.000125,0.000164,-17.280001,-51.262352,164.076126,66.130287,102.524811,-328.152252,2.732656,0.026774,-2.528404,-22.411287,0.026775,-2.528404,-25.153292,0.,0.,146,0,0,0,0,0,-84197,-635,-9501,-33747432,-632653,12615210,-40759,9412,32420
208.234,03:59:33.234,43.564446514,1.482917876,0.,-0.,-0.,-0.,1.,-0.,-0.,-0.,-0.,-8.,0.,0.,0.,-8.,0.,0.,39.999996,0.,0.,0.,0.,0.,0.,0.,0.,0.,0.,0.,-25.143944,1e-06,-0.,4028.917236,7690.513672,0.000125,0.000164,-17.280001,-51.262352,164.076126,66.130287,102.524811,-328.152252,2.732656,0.026774,-2.528404,-22.411287,0.026775,-2.528404,-25.153292,0.,0.,146,0,0,0,0,0,-83790,418,-8780,-34847812,-975401,11225089,-44949,9306,33867
208.484,03:59:33.484,43.564442260,1.482980542,0.,-0.,-0.,-0.,1.,-0.,-0.,-0.,-0.,-8.,0.,0.,0.,-8.,0.,0.,39.999996,0.,0.,0.,0.,0.,0.,0.,0.,0.,0.,0.,-25.143944,1e-06,-0.,4028.917236,7690.513672,0.000125,0.000164,-17.280001,-51.262352,164.076126,66.130287,102.524811,-328.152252,2.732656,0.026774,-2.528404,-22.411287,0.026775,-2.528404,-25.153292,0.,0.,146,0,0,0,0,0,-83426,568,-9083,-35820496,-997936,9963990,-49260,9185,35163
208.734,03:59:33.734,43.564438182,1.483035859,0.,-0.,-0.,-0.,1.,-0.,-0.,-0.,-0.,-8.,0.,0.,0.,-8.,0.,0.,39.999996,0.,0.,0.,0.,0.,0.,0.,0.,0.,0.,0.,-25.143944,1e-06,-0.,4028.917236,7690.513672,0.000125,0.000164,-17.280001,-51.262352,164.076126,66.130287,102.524811,-328.152252,2.732656,0.026774,-2.528404,-22.411287,0.026775,-2.528404,-25.153292,0.,0.,146,0,0,0,0,0,-83118,1673,-9661,-36663480,-905670,8788637,-53687,9069,36307
208.984,03:59:33.984,43.564434490,1.483084843,0.,-0.,-0.,-0.,1.,-0.,-0.,-0.,-0.,-8.,0.,0.,0.,-8.,0.,0.,39.999996,0.,0.,0.,0.,0.,0.,0.,0.,0.,0.,0.,-25.143944,1e-06,-0.,4028.917236,7690.513672,0.000125,0.000164,-17.280001,-51.262352,164.076126,66.130287,102.524811,-328.152252,2.732656,0.026774,-2.528404,-22.411287,0.026775,-2.528404,-25.153292,0.,0.,146,0,0,0,0,0,-82481,2846,-9107,-37265456,-751823,7857616,-58202,8964,37320
209.234,03:59:34.234,43.564432697,1.483129089,0.,-0.,-0.,-0.,1.,-0.,-0.,-0.,-0.,-8.,0.,0.,0.,-8.,0.,0.,39.999996,0.,0.,0.,0.,0.,0.,0.,0.,0.,0.,0.,-25.143944,1e-06,-0.,4028.917236,7690.513672,0.000125,0.000164,-17.280001,-51.262352,164.076126,66.130287,102.524811,-328.152252,2.732656,0.026774,-2.528404,-22.411287,0.026775,-2.528404,-25.153292,0.,0.,146,0,0,0,0,0,-81822,3401,-8445,-37552236,2178,7121677,-62768,8913,38235
209.484,03:59:34.484,43.564433858,1.483168548,0.,-0.,-0.,-0.,1.,-0.,-0.,-0.,-0.,-8.,0.,0.,0.,-8.,0.,0.,39.999996,0.,0.,0.,0.,0.,0.,0.,0.,0.,0.,0.,-25.143944,1e-06,-0.,4028.917236,7690.513672,0.000125,0.000164,-17.280001,-51.262352,164.076126,66.130287,102.524811,-328.152252,2.732656,0.026774,-2.528404,-22.411287,0.026775,-2.528404,-25.153292,0.,0.,146,0,0,0,0,0,-84236,2481,-12050,-38217788,422559,6237275,-67386,8946,39051
209.734,03:59:34.734,43.564435827,1.483201964,0.,-0.,-0.,-0.,1.,-0.,-0.,-0.,-0.,-8.,0.,0.,0.,-8.,0.,0.,39.999996,0.,0.,0.,0.,0.,0.,0.,0.,0.,0.,0.,-25.143944,1e-06,-0.,4028.917236,7690.513672,0.000125,0.000164,-17.280001,-51.262352,164.076126,66.130287,102.524811,-328.152252,2.732656,0.026774,-2.528404,-22.411287,0.026775,-2.528404,-25.153292,0.,0.,146,0,0,0,0,0,-84812,835,-14274,-39797844,504350,5107542,-72132,9002,39742
209.984,03:59:34.984,43.564438992,1.483230643,0.,-0.,-0.,-0.,1.,-0.,-0.,-0.,-0.,-8.,0.,0.,0.,-8.,0.,0.,39.999996,0.,0.,0.,0.,0.,0.,0.,0.,0.,0.,0.,-25.143944,1e-06,-0.,4028.917236,7690.513672,0.000125,0.000164,-17.280001,-51.262352,164.076126,66.130287,102.524811,-328.152252,2.732656,0.026774,-2.528404,-22.411287,0.026775,-2.528404,-25.153292,0.,0.,146,0,0,0,0,0,-84371,-60,-15747,-42170212,1047080,4709039,-77131,9092,40335
210.234,03:59:35.234,43.564445005,1.483257774,0.,-0.,-0.,-0.,1.,-0.,-0.,-0.,-0.,-8.,0.,0.,0.,-8.,0.,0.,39.999996,0.,0.,0.,0.,0.,0.,0.,0.,0.,0.,0.,-25.143944,1e-06,-0.,4028.917236,7690.513672,0.000125,0.000164,-17.280001,-51.262352,164.076126,66.130287,102.524811,-328.152252,2.732656,0.026774,-2.528404,-22.411287,0.026775,-2.528404,-25.153292,0.,0.,146,0,0,0,0,0,-83515,333,-16191,-44515592,1766909,4541504,-82422,9263,40896
210.484,03:59:35.484,43.564454252,1.483284810,0.,-0.,-0.,-0.,1.,-0.,-0.,-0.,-0.,-8.,0.,0.,0.,-8.,0.,0.,39.999996,0.,0.,0.,0.,0.,0.,0.,0.,0.,0.,0.,-25.143944,1e-06,-0.,4028.917236,7690.513672,0.000125,0.000164,-17.280001,-51.262352,164.076126,66.130287,102.524811,-328.152252,2.732656,0.026774,-2.528404,-22.411287,0.026775,-2.528404,-25.153292,0.,0.,146,0,0,0,0,0,-83244,807,-16127,-46837464,2566901,4558026,-87996,9526,41455
210.734,03:59:35.734,43.564467086,1.483310879,0.,-0.,-0.,-0.,1.,-0.,-0.,-0.,-0.,-8.,0.,0.,0.,-8.,0.,0.,39.999996,0.,0.,0.,0.,0.,0.,0.,0.,0.,0.,0.,-25.143944,1e-06,-0.,4028.917236,7690.513672,0.000125,0.000164,-17.280001,-51.262352,164.076126,66.130287,102.524811,-328.152252,2.732656,0.026774,-2.528404,-22.411287,0.026775,-2.528404,-25.153292,0.,0.,146,0,0,0,0,0,-82893,943,-15949,-49181760,3464640,4261228,-93854,9891,41994
210.984,03:59:35.984,43.564483542,1.483335643,0.,-0.,-0.,-0.,1.,-0.,-0.,-0.,-0.,-8.,0.,0.,0.,-8.,0.,0.,39.999996,0.,0.,0.,0.,0.,0.,0.,0.,0.,0.,0.,-25.143944,1e-06,-0.,4028.917236,7690.513672,0.000125,0.000164,-17.280001,-51.262352,164.076126,66.130287,102.524811,-328.152252,2.732656,0.026774,-2.528404,-22.411287,0.026775,-2.528404,-25.153292,0.,0.,146,0,0,0,0,0,-82868,1154,-15997,-51515864,4231368,4141588,-99999,10359,42506
211.234,03:59:36.234,43.564503549,1.483359876,0.,-0.,-0.,-0.,1.,-0.,-0.,-0.,-0.,-8.,0.,0.,0.,-8.,0.,0.,39.999996,0.,0.,0.,0.,0.,0.,0.,0.,0.,0.,0.,-25.143944,1e-06,-0.,4028.917236,7690.513672,0.000125,0.000164,-17.280001,-51.262352,164.076126,66.130287,102.524811,-328.152252,2.732656,0.026774,-2.528404,-22.411287,0.026775,-2.528404,-25.153292,0.,0.,146,0,0,0,0,0,-83027,1401,-16688,-53707584,5127761,4093861,-106422,10928,43007
211.484,03:59:36.484,43.564527599,1.483384642,0.,-0.,-0.,-0.,1.,-0.,-0.,-0.,-0.,-8.,0.,0.,0.,-8.,0.,0.,39.999996,0.,0.,0.,0.,0.,0.,0.,0.,0.,0.,0.,-25.143944,1e-06,-0.,4028.917236,7690.513672,0.000125,0.000164,-17.280001,-51.262352,164.076126,66.130287,102.524811,-328.152252,2.732656,0.026774,-2.528404,-22.411287,0.026775,-2.528404,-25.153292,0.,0.,146,0,0,0,0,0,-82985,1393,-16741,-55804028,6091688,4278720,-113106,11612,43519
211.734,03:59:36.734,43.564555799,1.483410375,0.,-0.,-0.,-0.,1.,-0.,-0.,-0.,-0.,-8.,0.,0.,0.,-8.,0.,0.,39.999996,0.,0.,0.,0.,0.,0.,0.,0.,0.,0.,0.,-25.143944,1e-06,-0.,4028.917236,7690.513672,0.000125,0.000164,-17.280001,-51.262352,164.076126,66.130287,102.524811,-328.152252,2.732656,0.026774,-2.528404,-22.411287,0.026775,-2.528404,-25.153292,0.,0.,146,0,0,0,0,0,-82980,1385,-16716,-57903500,7055676,4429651,-120045,12414,44051
211.984,03:59:36.984,43.564588148,1.483436980,0.,-0.,-0.,-0.,1.,-0.,-0.,-0.,-0.,-8.,0.,0.,0.,-8.,0.,0.,39.999996,0.,0.,0.,0.,0.,0.,0.,0.,0.,0.,0.,-25.143944,1e-06,-0.,4028.917236,7690.513672,0.000125,0.000164,-17.280001,-51.262352,164.076126,66.130287,102.524811,-328.152252,2.732656,0.026774,-2.528404,-22.411287,0.026775,-2.528404,-25.153292,0.,0.,146,0,0,0,0,0,-82976,1377,-16690,-60008560,8015746,4580122,-127240,13334,44601
212.234,03:59:37.234,43.564624576,1.483464455,0.,-0.,-0.,-0.,1.,-0.,-0.,-0.,-0.,-8.,0.,0.,0.,-8.,0.,0.,39.999996,0.,0.,0.,0.,0.,0.,0.,0.,0.,0.,0.,-25.143944,1e-06,-0.,4028.917236,7690.513672,0.000125,0.000164,-17.280001,-51.262352,164.076126,66.130287,102.524811,-328.152252,2.732656,0.026774,-2.528404,-22.411287,0.026775,-2.528404,-25.153292,0.,0.,146,0,0,0,0,0,-82971,1368,-16665,-62118844,8971036,4730623,-134693,14370,45169
212.484,03:59:37.484,43.564665118,1.483492802,0.,-0.,-0.,-0.,1.,-0.,-0.,-0.,-0.,-8.,0.,0.,0.,-8.,0.,0.,39.999996,0.,0.,0.,0.,0.,0.,0.,0.,0.,0.,0.,-25.143944,1e-06,-0.,4028.917236,7690.513672,0.000125,0.000164,-17.280001,-51.262352,164.076126,66.130287,102.524811,-328.152252,2.732656,0.026774,-2.528404,-22.411287,0.026775,-2.528404,-25.153292,0.,0.,146,0,0,0,0,0,-82966,1360,-16639,-64234596,9921413,4880776,-142404,15523,45755
212.734,03:59:37.734,43.564709703,1.483522068,0.,-0.,-0.,-0.,1.,-0.,-0.,-0.,-0.,-8.,0.,0.,0.,-8.,0.,0.,39.999996,0.,0.,0.,0.,0.,0.,0.,0.,0.,0.,0.,-25.143944,1e-06,-0.,4028.917236,7690.513672,0.000125,0.000164,-17.280001,-51.262352,164.076126,66.130287,102.524811,-328.152252,2.732656,0.026774,-2.528404,-22.411287,0.026775,-2.528404,-25.153292,0.,0.,146,0,0,0,0,0,-82962,1352,-16614,-66355672,10866783,5030906,-150374,16791,46360
212.984,03:59:37.984,43.564758369,1.483552206,0.,-0.,-0.,-0.,1.,-0.,-0.,-0.,-0.,-8.,0.,0.,0.,-8.,0.,0.,39.999996,0.,0.,0.,0.,0.,0.,0.,0.,0.,0.,0.,-25.143944,1e-06,-0.,4028.917236,7690.513672,0.000125,0.000164,-17.280001,-51.262352,164.076126,66.130287,102.524811,-328.152252,2.732656,0.026774,-2.528404,-22.411287,0.026775,-2.528404,-25.153292,0.,0.,146,0,0,0,0,0,-82957,1343,-16588,-68482776,11806994,5181051,-158603,18175,46983
213.234,03:59:38.234,43.564811043,1.483583263,0.,-0.,-0.,-0.,1.,-0.,-0.,-0.,-0.,-8.,0.,0.,0.,-8.,0.,0.,39.999996,0.,0.,0.,0.,0.,0.,0.,0.,0.,0.,0.,-25.143944,1e-06,-0.,4028.917236,7690.513672,0.000125,0.000164,-17.280001,-51.262352,164.076126,66.130287,102.524811,-328.152252,2.732656,0.026774,-2.528404,-22.411287,0.026775,-2.528404,-25.153292,0.,0.,146,0,0,0,0,0,-82952,1335,-16563,-70615896,12742946,5331119,-167091,19673,47625
213.484,03:59:38.484,43.564867726,1.483615191,0.,-0.,-0.,-0.,1.,-0.,-0.,-0.,-0.,-8.,0.,0.,0.,-8.,0.,0.,39.999996,0.,0.,0.,0.,0.,0.,0.,0.,0.,0.,0.,-25.143944,1e-06,-0.,4028.917236,7690.513672,0.000125,0.000164,-17.280001,-51.262352,164.076126,66.130287,102.524811,-328.152252,2.732656,0.026774,-2.528404,-22.411287,0.026775,-2.528404,-25.153292,0.,0.,146,0,0,0,0,0,-82948,1327,-16537,-72754680,13673587,5481197,-175841,21285,48285
213.734,03:59:38.734,43.564928383,1.483647991,0.,-0.,-0.,-0.,1.,-0.,-0.,-0.,-0.,-8.,0.,0.,0.,-8.,0.,0.,39.999996,0.,0.,0.,0.,0.,0.,0.,0.,0.,0.,0.,-25.143944,1e-06,-0.,4028.917236,7690.513672,0.000125,0.000164,-17.280001,-51.262352,164.076126,66.130287,102.524811,-328.152252,2.732656,0.026774,-2.528404,-22.411287,0.026775,-2.528404,-25.153292,0.,0.,146,0,0,0,0,0,-82944,1319,-16512,-74898824,14599135,5631614,-184852,23010,48963
213.984,03:59:38.984,43.564993014,1.483681710,0.,-0.,-0.,-0.,1.,-0.,-0.,-0.,-0.,-8.,0.,0.,0.,-8.,0.,0.,39.999996,0.,0.,0.,0.,0.,0.,0.,0.,0.,0.,0.,-25.143944,1e-06,-0.,4028.917236,7690.513672,0.000125,0.000164,-17.280001,-51.262352,164.076126,66.130287,102.524811,-328.152252,2.732656,0.026774,-2.528404,-22.411287,0.026775,-2.528404,-25.153292,0.,0.,146,0,0,0,0,0,-82939,1310,-16487,-77048592,15519976,5781819,-194125,24848,49660
214.234,03:59:39.234,43.565061584,1.483716252,0.,-0.,-0.,-0.,1.,-0.,-0.,-0.,-0.,-8.,0.,0.,0.,-8.,0.,0.,39.999996,0.,0.,0.,0.,0.,0.,0.,0.,0.,0.,0.,-25.143944,1e-06,-0.,4028.917236,7690.513672,0.000125,0.000164,-17.280001,-51.262352,164.076126,66.130287,102.524811,-328.152252,2.732656,0.026774,-2.528404,-22.411287,0.026775,-2.528404,-25.153292,0.,0.,146,0,0,0,0,0,-82935,1301,-16462,-79203920,16435533,5932099,-203661,26798,50374
214.484,03:59:39.484,43.565134058,1.483751763,0.,-0.,-0.,-0.,1.,-0.,-0.,-0.,-0.,-8.,0.,0.,0.,-8.,0.,0.,39.999996,0.,0.,0.,0.,0.,0.,0.,0.,0.,0.,0.,-25.143944,1e-06,-0.,4028.917236,7690.513672,0.000125,0.000164,-17.280001,-51.262352,164.076126,66.130287,102.524811,-328.152252,2.732656,0.026774,-2.528404,-22.411287,0.026775,-2.528404,-25.153292,0.,0.,146,0,0,0,0,0,-82930,1293,-16437,-81364432,17345660,6082679,-213460,28859,51108
214.734,03:59:39.734,43.565210471,1.483788097,0.,-0.,-0.,-0.,1.,-0.,-0.,-0.,-0.,-8.,0.,0.,0.,-8.,0.,0.,39.999996,0.,0.,0.,0.,0.,0.,0.,0.,0.,0.,0.,-25.143944,1e-06,-0.,4028.917236,7690.513672,0.000125,0.000164,-17.280001,-51.262352,164.076126,66.130287,102.524811,-328.152252,2.732656,0.026774,-2.528404,-22.411287,0.026775,-2.528404,-25.153292,0.,0.,146,0,0,0,0,0,-82926,1285,-16411,-83529880,18250054,6233182,-223523,31032,51859
214.984,03:59:39.984,43.565290718,1.483825350,0.,-0.,-0.,-0.,1.,-0.,-0.,-0.,-0.,-8.,0.,0.,0.,-8.,0.,0.,39.999996,0.,0.,0.,0.,0.,0.,0.,0.,0.,0.,0.,-25.143944,1e-06,-0.,4028.917236,7690.513672,0.000125,0.000164,-17.280001,-51.262352,164.076126,66.130287,102.524811,-328.152252,2.732656,0.026774,-2.528404,-22.411287,0.026775,-2.528404,-25.153292,0.,0.,146,0,0,0,0,0,-82922,1276,-16386,-85700816,19149136,6383948,-233851,33314,52629
215.234,03:59:40.234,43.565374834,1.483863524,0.,-0.,-0.,-0.,1.,-0.,-0.,-0.,-0.,-8.,0.,0.,0.,-8.,0.,0.,39.999996,0.,0.,0.,0.,0.,0.,0.,0.,0.,0.,0.,-25.143944,1e-06,-0.,4028.917236,7690.513672,0.000125,0.000164,-17.280001,-51.262352,164.076126,66.130287,102.524811,-328.152252,2.732656,0.026774,-2.528404,-22.411287,0.026775,-2.528404,-25.153292,0.,0.,146,0,0,0,0,0,-82918,1268,-16361,-87877016,20043084,6534682,-244444,35706,53418
215.484,03:59:40.484,43.565462749,1.483902569,0.,-0.,-0.,-0.,1.,-0.,-0.,-0.,-0.,-8.,0.,0.,0.,-8.,0.,0.,39.999996,0.,0.,0.,0.,0.,0.,0.,0.,0.,0.,0.,-25.143944,1e-06,-0.,4028.917236,7690.513672,0.000125,0.000164,-17.280001,-51.262352,164.076126,66.130287,102.524811,-328.152252,2.732656,0.026774,-2.528404,-22.411287,0.026775,-2.528404,-25.153292,0.,0.,146,0,0,0,0,0,-82914,1259,-16336,-90058672,20932010,6685572,-255304,38206,54225
215.734,03:59:40.734,43.565554498,1.483942486,0.,-0.,-0.,-0.,1.,-0.,-0.,-0.,-0.,-8.,0.,0.,0.,-8.,0.,0.,39.999996,0.,0.,0.,0.,0.,0.,0.,0.,0.,0.,0.,-25.143944,1e-06,-0.,4028.917236,7690.513672,0.000125,0.000164,-17.280001,-51.262352,164.076126,66.130287,102.524811,-328.152252,2.732656,0.026774,-2.528404,-22.411287,0.026775,-2.528404,-25.153292,0.,0.,146,0,0,0,0,0,-82911,1251,-16311,-92245712,21815732,6836614,-266429,40815,55050
215.984,03:59:40.984,43.565650011,1.483983323,0.,-0.,-0.,-0.,1.,-0.,-0.,-0.,-0.,-8.,0.,0.,0.,-8.,0.,0.,39.999996,0.,0.,0.,0.,0.,0.,0.,0.,0.,0.,0.,-25.143944,1e-06,-0.,4028.917236,7690.513672,0.000125,0.000164,-17.280001,-51.262352,164.076126,66.130287,102.524811,-328.152252,2.732656,0.026774,-2.528404,-22.411287,0.026775,-2.528404,-25.153292,0.,0.,146,0,0,0,0,0,-82907,1242,-16286,-94438464,22694328,6987392,-277823,43531,55894
216.234,03:59:41.234,43.565749288,1.484025031,0.,-0.,-0.,-0.,1.,-0.,-0.,-0.,-0.,-8.,0.,0.,0.,-8.,0.,0.,39.999996,0.,0.,0.,0.,0.,0.,0.,0.,0.,0.,0.,-25.143944,1e-06,-0.,4028.917236,7690.513672,0.000125,0.000164,-17.280001,-51.262352,164.076126,66.130287,102.524811,-328.152252,2.732656,0.026774,-2.528404,-22.411287,0.026775,-2.528404,-25.153292,0.,0.,146,0,0,0,0,0,-82903,1233,-16261,-96636392,23567674,7138502,-289484,46354,56756
216.484,03:59:41.484,43.565852329,1.484067612,0.,-0.,-0.,-0.,1.,-0.,-0.,-0.,-0.,-8.,0.,0.,0.,-8.,0.,0.,39.999996,0.,0.,0.,0.,0.,0.,0.,0.,0.,0.,0.,-25.143944,1e-06,-0.,4028.917236,7690.513672,0.000125,0.000164,-17.280001,-51.262352,164.076126,66.130287,102.524811,-328.152252,2.732656,0.026774,-2.528404,-22.411287,0.026775,-2.528404,-25.153292,0.,0.,146,0,0,0,0,0,-82900,1225,-16236,-98839368,24435402,7289663,-301414,49284,57636
216.734,03:59:41.734,43.565959065,1.484111113,0.,-0.,-0.,-0.,1.,-0.,-0.,-0.,-0.,-8.,0.,0.,0.,-8.,0.,0.,39.999996,0.,0.,0.,0.,0.,0.,0.,0.,0.,0.,0.,-25.143944,1e-06,-0.,4028.917236,7690.513672,0.000125,0.000164,-17.280001,-51.262352,164.076126,66.130287,102.524811,-328.152252,2.732656,0.026774,-2.528404,-22.411287,0.026775,-2.528404,-25.153292,0.,0.,146,0,0,0,0,0,-82896,1216,-16211,-101047328,25297258,7441184,-313613,52319,58535
216.984,03:59:41.984,43.566069494,1.484155534,0.,-0.,-0.,-0.,1.,-0.,-0.,-0.,-0.,-8.,0.,0.,0.,-8.,0.,0.,39.999996,0.,0.,0.,0.,0.,0.,0.,0.,0.,0.,0.,-25.143944,1e-06,-0.,4028.917236,7690.513672,0.000125,0.000164,-17.280001,-51.262352,164.076126,66.130287,102.524811,-328.152252,2.732656,0.026774,-2.528404,-22.411287,0.026775,-2.528404,-25.153292,0.,0.,146,0,0,0,0,0,-82892,1208,-16186,-103260256,26153568,7592766,-326081,55459,59453
217.234,03:59:42.234,43.566183583,1.484200826,0.,-0.,-0.,-0.,1.,-0.,-0.,-0.,-0.,-8.,0.,0.,0.,-8.,0.,0.,39.999996,0.,0.,0.,0.,0.,0.,0.,0.,0.,0.,0.,-25.143944,1e-06,-0.,4028.917236,7690.513672,0.000125,0.000164,-17.280001,-51.262352,164.076126,66.130287,102.524811,-328.152252,2.732656,0.026774,-2.528404,-22.411287,0.026775,-2.528404,-25.153292,0.,0.,146,0,0,0,0,0,-82888,1199,-16161,-105477992,27004342,7744699,-338821,58703,60389
217.484,03:59:42.484,43.566301331,1.484246991,0.,-0.,-0.,-0.,1.,-0.,-0.,-0.,-0.,-8.,0.,0.,0.,-8.,0.,0.,39.999996,0.,0.,0.,0.,0.,0.,0.,0.,0.,0.,0.,-25.143944,1e-06,-0.,4028.917236,7690.513672,0.000125,0.000164,-17.280001,-51.262352,164.076126,66.130287,102.524811,-328.152252,2.732656,0.026774,-2.528404,-22.411287,0.026775,-2.528404,-25.153292,0.,0.,146,0,0,0,0,0,-82885,1190,-16136,-107701016,27849780,7896840,-351831,62051,61343
217.734,03:59:42.734,43.566422668,1.484294125,0.,-0.,-0.,-0.,1.,-0.,-0.,-0.,-0.,-8.,0.,0.,0.,-8.,0.,0.,39.999996,0.,0.,0.,0.,0.,0.,0.,0.,0.,0.,0.,-25.143944,1e-06,-0.,4028.917236,7690.513672,0.000125,0.000164,-17.280001,-51.262352,164.076126,66.130287,102.524811,-328.152252,2.732656,0.026774,-2.528404,-22.411287,0.026775,-2.528404,-25.153292,0.,0.,146,0,0,0,0,0,-82881,1181,-16112,-109929136,28689834,8049219,-365113,65501,62317
217.984,03:59:42.984,43.566547629,1.484342083,0.,-0.,-0.,-0.,1.,-0.,-0.,-0.,-0.,-8.,0.,0.,0.,-8.,0.,0.,39.999996,0.,0.,0.,0.,0.,0.,0.,0.,0.,0.,0.,-25.143944,1e-06,-0.,4028.917236,7690.513672,0.000125,0.000164,-17.280001,-51.262352,164.076126,66.130287,102.524811,-328.152252,2.732656,0.026774,-2.528404,-22.411287,0.026775,-2.528404,-25.153292,0.,0.,146,0,0,0,0,0,-82877,1173,-16087,-112162336,29524404,8201854,-378667,69054,63308
218.234,03:59:43.234,43.566676145,1.484391010,0.,-0.,-0.,-0.,1.,-0.,-0.,-0.,-0.,-8.,0.,0.,0.,-8.,0.,0.,39.999996,0.,0.,0.,0.,0.,0.,0.,0.,0.,0.,0.,-25.143944,1e-06,-0.,4028.917236,7690.513672,0.000125,0.000164,-17.280001,-51.262352,164.076126,66.130287,102.524811,-328.152252,2.732656,0.026774,-2.528404,-22.411287,0.026775,-2.528404,-25.153292,0.,0.,146,0,0,0,0,0,-82874,1164,-16062,-114400264,30353234,8354791,-392494,72708,64319
218.484,03:59:43.484,43.566808250,1.484440808,0.,-0.,-0.,-0.,1.,-0.,-0.,-0.,-0.,-8.,0.,0.,0.,-8.,0.,0.,39.999996,0.,0.,0.,0.,0.,0.,0.,0.,0.,0.,0.,-25.143944,1e-06,-0.,4028.917236,7690.513672,0.000125,0.000164,-17.280001,-51.262352,164.076126,66.130287,102.524811,-328.152252,2.732656,0.026774,-2.528404,-22.411287,0.026775,-2.528404,-25.153292,0.,0.,146,0,0,0,0,0,-82871,1155,-16037,-116643184,31176306,8507957,-406595,76464,65348
218.734,03:59:43.734,43.566943840,1.484491528,0.,-0.,-0.,-0.,1.,-0.,-0.,-0.,-0.,-8.,0.,0.,0.,-8.,0.,0.,39.999996,0.,0.,0.,0.,0.,0.,0.,0.,0.,0.,0.,-25.143944,1e-06,-0.,4028.917236,7690.513672,0.000125,0.000164,-17.280001,-51.262352,164.076126,66.130287,102.524811,-328.152252,2.732656,0.026774,-2.528404,-22.411287,0.026775,-2.528404,-25.153292,0.,0.,146,0,0,0,0,0,-82868,1146,-16013,-118891088,31993748,8661336,-420969,80319,66396
218.984,03:59:43.984,43.567082948,1.484543120,0.,-0.,-0.,-0.,1.,-0.,-0.,-0.,-0.,-8.,0.,0.,0.,-8.,0.,0.,39.999996,0.,0.,0.,0.,0.,0.,0.,0.,0.,0.,0.,-25.143944,1e-06,-0.,4028.917236,7690.513672,0.000125,0.000164,-17.280001,-51.262352,164.076126,66.130287,102.524811,-328.152252,2.732656,0.026774,-2.528404,-22.411287,0.026775,-2.528404,-25.153292,0.,0.,146,0,0,0,0,0,-82864,1137,-15988,-121143752,32805698,8815050,-435619,84274,67462
219.234,03:59:44.234,43.567225507,1.484595681,0.,-0.,-0.,-0.,1.,-0.,-0.,-0.,-0.,-8.,0.,0.,0.,-8.,0.,0.,39.999996,0.,0.,0.,0.,0.,0.,0.,0.,0.,0.,0.,-25.143944,1e-06,-0.,4028.917236,7690.513672,0.000125,0.000164,-17.280001,-51.262352,164.076126,66.130287,102.524811,-328.152252,2.732656,0.026774,-2.528404,-22.411287,0.026775,-2.528404,-25.153292,0.,0.,146,0,0,0,0,0,-82861,1129,-15964,-123401056,33611544,8968951,-450543,88327,68548
219.484,03:59:44.484,43.567371514,1.484649115,0.,-0.,-0.,-0.,1.,-0.,-0.,-0.,-0.,-8.,0.,0.,0.,-8.,0.,0.,39.999996,0.,0.,0.,0.,0.,0.,0.,0.,0.,0.,0.,-25.143944,1e-06,-0.,4028.917236,7690.513672,0.000125,0.000164,-17.280001,-51.262352,164.076126,66.130287,102.524811,-328.152252,2.732656,0.026774,-2.528404,-22.411287,0.026775,-2.528404,-25.153292,0.,0.,146,0,0,0,0,0,-82858,1120,-15939,-125663240,34411912,9123150,-465744,92478,69652
219.734,03:59:44.734,43.567520972,1.484703469,0.,-0.,-0.,-0.,1.,-0.,-0.,-0.,-0.,-8.,0.,0.,0.,-8.,0.,0.,39.999996,0.,0.,0.,0.,0.,0.,0.,0.,0.,0.,0.,-25.143944,1e-06,-0.,4028.917236,7690.513672,0.000125,0.000164,-17.280001,-51.262352,164.076126,66.130287,102.524811,-328.152252,2.732656,0.026774,-2.528404,-22.411287,0.026775,-2.528404,-25.153292,0.,0.,146,0,0,0,0,0,-82855,1111,-15914,-127930240,35206416,9277641,-481221,96727,70775
219.984,03:59:44.984,43.567673844,1.484758745,0.,-0.,-0.,-0.,1.,-0.,-0.,-0.,-0.,-8.,0.,0.,0.,-8.,0.,0.,39.999996,0.,0.,0.,0.,0.,0.,0.,0.,0.,0.,0.,-25.143944,1e-06,-0.,4028.917236,7690.513672,0.000125,0.000164,-17.280001,-51.262352,164.076126,66.130287,102.524811,-328.152252,2.732656,0.026774,-2.528404,-22.411287,0.026775,-2.528404,-25.153292,0.,0.,146,0,0,0,0,0,-82852,1102,-15890,-130202184,35995332,9432396,-496975,101073,71917
220.234,03:59:45.234,43.567830061,1.484814942,0.,-0.,-0.,-0.,1.,-0.,-0.,-0.,-0.,-8.,0.,0.,0.,-8.,0.,0.,39.999996,0.,0.,0.,0.,0.,0.,0.,0.,0.,0.,0.,-25.143944,1e-06,-0.,4028.917236,7690.513672,0.000125,0.000164,-17.280001,-51.262352,164.076126,66.130287,102.524811,-328.152252,2.732656,0.026774,-2.528404,-22.411287,0.026775,-2.528404,-25.153292,0.,0.,146,0,0,0,0,0,-82849,1093,-15865,-132478768,36778364,9587415,-513006,105514,73078
220.484,03:59:45.484,43.567989657,1.484872012,0.,-0.,-0.,-0.,1.,-0.,-0.,-0.,-0.,-8.,0.,0.,0.,-8.,0.,0.,39.999996,0.,0.,0.,0.,0.,0.,0.,0.,0.,0.,0.,-25.143944,1e-06,-0.,4028.917236,7690.513672,0.000125,0.000164,-17.280001,-51.262352,164.076126,66.130287,102.524811,-328.152252,2.732656,0.026774,-2.528404,-22.411287,0.026775,-2.528404,-25.153292,0.,0.,146,0,0,0,0,0,-82846,1084,-15841,-134760016,37555756,9742944,-529316,110051,74257
220.734,03:59:45.734,43.568152036,1.484929809,0.,-0.,-0.,-0.,1.,-0.,-0.,-0.,-0.,-8.,0.,0.,0.,-8.,0.,0.,39.999996,0.,0.,0.,0.,0.,0.,0.,0.,0.,0.,0.,-25.143944,1e-06,-0.,4028.917236,7690.513672,0.000125,0.000164,-17.280001,-51.262352,164.076126,66.130287,102.524811,-328.152252,2.732656,0.026774,-2.528404,-22.411287,0.026775,-2.528404,-25.153292,0.,0.,146,0,0,0,0,0,-81926,-1265,-12523,-137503808,37756428,9610453,-545926,114667,75451
220.984,03:59:45.984,43.568313575,1.484984900,0.,-0.,-0.,-0.,1.,-0.,-0.,-0.,-0.,-8.,0.,0.,0.,-8.,0.,0.,39.999996,0.,0.,0.,0.,0.,0.,0.,0.,0.,0.,0.,-25.143944,1e-06,-0.,4028.917236,7690.513672,0.000125,0.000164,-17.280001,-51.262352,164.076126,66.130287,102.524811,-328.152252,2.732656,0.026774,-2.528404,-22.411287,0.026775,-2.528404,-25.153292,0.,0.,146,0,0,0,0,0,-84867,-1628,-5210,-138995616,37663772,8942699,-562813,119259,76589
221.234,03:59:46.234,43.568476841,1.485035397,0.,-0.,-0.,-0.,1.,-0.,-0.,-0.,-0.,-8.,0.,0.,0.,-8.,0.,0.,39.999996,0.,0.,0.,0.,0.,0.,0.,0.,0.,0.,0.,-25.143944,1e-06,-0.,4028.917236,7690.513672,0.000125,0.000164,-17.280001,-51.262352,164.076126,66.130287,102.524811,-328.152252,2.732656,0.026774,-2.528404,-22.411287,0.026775,-2.528404,-25.153292,0.,0.,146,0,0,0,0,0,-84730,-737,-2509,-140625600,38559856,8282577,-579865,123900,77632
221.484,03:59:46.484,43.568644332,1.485084059,0.,-0.,-0.,-0.,1.,-0.,-0.,-0.,-0.,-8.,0.,0.,0.,-8.,0.,0.,39.999996,0.,0.,0.,0.,0.,0.,0.,0.,0.,0.,0.,-25.143944,1e-06,-0.,4028.917236,7690.513672,0.000125,0.000164,-17.280001,-51.262352,164.076126,66.130287,102.524811,-328.152252,2.732656,0.026774,-2.528404,-22.411287,0.026775,-2.528404,-25.153292,0.,0.,146,0,0,0,0,0,-85187,-272,-2027,-143212208,39352160,8155871,-597193,128661,78637
221.734,03:59:46.734,43.568814711,1.485131611,0.,-0.,-0.,-0.,1.,-0.,-0.,-0.,-0.,-8.,0.,0.,0.,-8.,0.,0.,39.999996,0.,0.,0.,0.,0.,0.,0.,0.,0.,0.,0.,-25.143944,1e-06,-0.,4028.917236,7690.513672,0.000125,0.000164,-17.280001,-51.262352,164.076126,66.130287,102.524811,-328.152252,2.732656,0.026774,-2.528404,-22.411287,0.026775,-2.528404,-25.153292,0.,0.,146,0,0,0,0,0,-85204,-270,-2001,-145607808,39988416,7930816,-614820,133504,79619
221.984,03:59:46.984,43.568987768,1.485177859,0.,-0.,-0.,-0.,1.,-0.,-0.,-0.,-0.,-8.,0.,0.,0.,-8.,0.,0.,39.999996,0.,0.,0.,0.,0.,0.,0.,0.,0.,0.,0.,-25.143944,1e-06,-0.,4028.917236,7690.513672,0.000125,0.000164,-17.280001,-51.262352,164.076126,66.130287,102.524811,-328.152252,2.732656,0.026774,-2.528404,-22.411287,0.026775,-2.528404,-25.153292,0.,0.,146,0,0,0,0,0,-85206,-261,-1977,-147999136,40621352,7696794,-632739,138423,80574
222.234,03:59:47.234,43.569163503,1.485222706,0.,-0.,-0.,-0.,1.,-0.,-0.,-0.,-0.,-8.,0.,0.,0.,-8.,0.,0.,39.999996,0.,0.,0.,0.,0.,0.,0.,0.,0.,0.,0.,-25.143944,1e-06,-0.,4028.917236,7690.513672,0.000125,0.000164,-17.280001,-51.262352,164.076126,66.130287,102.524811,-328.152252,2.732656,0.026774,-2.528404,-22.411287,0.026775,-2.528404,-25.153292,0.,0.,146,0,0,0,0,0,-85229,-263,-1953,-150407472,41222896,7473507,-650951,143418,81500
222.484,03:59:47.484,43.569341845,1.485266200,0.,-0.,-0.,-0.,1.,-0.,-0.,-0.,-0.,-8.,0.,0.,0.,-8.,0.,0.,39.999996,0.,0.,0.,0.,0.,0.,0.,0.,0.,0.,0.,-25.143944,1e-06,-0.,4028.917236,7690.513672,0.000125,0.000164,-17.280001,-51.262352,164.076126,66.130287,102.524811,-328.152252,2.732656,0.026774,-2.528404,-22.411287,0.026775,-2.528404,-25.153292,0.,0.,146,0,0,0,0,0,-85218,-251,-1930,-152815296,41823020,7243134,-669457,148487,82398
222.734,03:59:47.734,43.569522760,1.485308343,0.,-0.,-0.,-0.,1.,-0.,-0.,-0.,-0.,-8.,0.,0.,0.,-8.,0.,0.,39.999996,0.,0.,0.,0.,0.,0.,0.,0.,0.,0.,0.,-25.143944,1e-06,-0.,4028.917236,7690.513672,0.000125,0.000164,-17.280001,-51.262352,164.076126,66.130287,102.524811,-328.152252,2.732656,0.026774,-2.528404,-22.411287,0.026775,-2.528404,-25.153292,0.,0.,146,0,0,0,0,0,-85225,-244,-1906,-155226928,42422440,7012019,-688257,153629,83268
222.984,03:59:47.984,43.569706212,1.485349133,0.,-0.,-0.,-0.,1.,-0.,-0.,-0.,-0.,-8.,0.,0.,0.,-8.,0.,0.,39.999996,0.,0.,0.,0.,0.,0.,0.,0.,0.,0.,0.,-25.143944,1e-06,-0.,4028.917236,7690.513672,0.000125,0.000164,-17.280001,-51.262352,164.076126,66.130287,102.524811,-328.152252,2.732656,0.026774,-2.528404,-22.411287,0.026775,-2.528404,-25.153292,0.,0.,146,0,0,0,0,0,-85224,-233,-1882,-157641584,43013368,6784065,-707352,158843,84110
223.234,03:59:48.234,43.569892202,1.485388619,0.,-0.,-0.,-0.,1.,-0.,-0.,-0.,-0.,-8.,0.,0.,0.,-8.,0.,0.,39.999996,0.,0.,0.,0.,0.,0.,0.,0.,0.,0.,0.,-25.143944,1e-06,-0.,4028.917236,7690.513672,0.000125,0.000164,-17.280001,-51.262352,164.076126,66.130287,102.524811,-328.152252,2.732656,0.026774,-2.528404,-22.411287,0.026775,-2.528404,-25.153292,0.,0.,146,0,0,0,0,0,-85224,-223,-1859,-160060064,43597908,6555821,-726742,164129,84925
223.484,03:59:48.484,43.570080766,1.485426753,0.,-0.,-0.,-0.,1.,-0.,-0.,-0.,-0.,-8.,0.,0.,0.,-8.,0.,0.,39.999996,0.,0.,0.,0.,0.,0.,0.,0.,0.,0.,0.,-25.143944,1e-06,-0.,4028.917236,7690.513672,0.000125,0.000164,-17.280001,-51.262352,164.076126,66.130287,102.524811,-328.152252,2.732656,0.026774,-2.528404,-22.411287,0.026775,-2.528404,-25.153292,0.,0.,146,0,0,0,0,0,-85025,-63,-1087,-162670288,44207152,6365364,-746432,169488,85712
223.734,03:59:48.734,43.570271164,1.485465421,0.,-0.,-0.,-0.,1.,-0.,-0.,-0.,-0.,-8.,0.,0.,0.,-8.,0.,0.,39.999996,0.,0.,0.,0.,0.,0.,0.,0.,0.,0.,0.,-25.143944,1e-06,-0.,4028.917236,7690.513672,0.000125,0.000164,-17.280001,-51.262352,164.076126,66.130287,102.524811,-328.152252,2.732656,0.026774,-2.528404,-22.411287,0.026775,-2.528404,-25.153292,0.,0.,146,0,0,0,0,0,-84848,104,2252,-164980656,44400188,6904038,-766440,174899,86510
223.984,03:59:48.984,43.570462306,1.485508928,0.,-0.,-0.,-0.,1.,-0.,-0.,-0.,-0.,-8.,0.,0.,0.,-8.,0.,0.,39.999996,0.,0.,0.,0.,0.,0.,0.,0.,0.,0.,0.,-25.143944,1e-06,-0.,4028.917236,7690.513672,0.000125,0.000164,-17.280001,-51.262352,164.076126,66.130287,102.524811,-328.152252,2.732656,0.026774,-2.528404,-22.411287,0.026775,-2.528404,-25.153292,0.,0.,146,0,0,0,0,0,-84130,709,7537,-166406368,44601940,7766801,-786665,180331,87408
224.234,03:59:49.234,43.570655459,1.485557034,0.,-0.,-0.,-0.,1.,-0.,-0.,-0.,-0.,-8.,0.,0.,0.,-8.,0.,0.,39.999996,0.,0.,0.,0.,0.,0.,0.,0.,0.,0.,0.,-25.143944,1e-06,-0.,4028.917236,7690.513672,0.000125,0.000164,-17.280001,-51.262352,164.076126,66.130287,102.524811,-328.152252,2.732656,0.026774,-2.528404,-22.411287,0.026775,-2.528404,-25.153292,0.,0.,146,0,0,0,0,0,-82966,972,10111,-168476960,45403040,8385679,-807091,185820,88401
224.484,03:59:49.484,43.570852100,1.485606593,0.,-0.,-0.,-0.,1.,-0.,-0.,-0.,-0.,-8.,0.,0.,0.,-8.,0.,0.,39.999996,0.,0.,0.,0.,0.,0.,0.,0.,0.,0.,0.,-25.143944,1e-06,-0.,4028.917236,7690.513672,0.000125,0.000164,-17.280001,-51.262352,164.076126,66.130287,102.524811,-328.152252,2.732656,0.026774,-2.528404,-22.411287,0.026775,-2.528404,-25.153292,0.,0.,146,0,0,0,0,0,-83147,442,11005,-170946112,46023032,8336255,-827807,191408,89424
224.734,03:59:49.734,43.571050858,1.485655477,0.,-0.,-0.,-0.,1.,-0.,-0.,-0.,-0.,-8.,0.,0.,0.,-8.,0.,0.,39.999996,0.,0.,0.,0.,0.,0.,0.,0.,0.,0.,0.,-25.143944,1e-06,-0.,4028.917236,7690.513672,0.000125,0.000164,-17.280001,-51.262352,164.076126,66.130287,102.524811,-328.152252,2.732656,0.026774,-2.528404,-22.411287,0.026775,-2.528404,-25.153292,0.,0.,146,0,0,0,0,0,-83239,780,10400,-173378672,46572904,8245059,-848823,197056,90433
224.984,03:59:49.984,43.571252401,1.485704848,0.,-0.,-0.,-0.,1.,-0.,-0.,-0.,-0.,-8.,0.,0.,0.,-8.,0.,0.,39.999996,0.,0.,0.,0.,0.,0.,0.,0.,0.,0.,0.,-25.143944,1e-06,-0.,4028.917236,7690.513672,0.000125,0.000164,-17.280001,-51.262352,164.076126,66.130287,102.524811,-328.152252,2.732656,0.026774,-2.528404,-22.411287,0.026775,-2.528404,-25.153292,0.,0.,146,0,0,0,0,0,-83208,767,10226,-175721056,47262464,8422453,-870130,202783,91452
225.234,03:59:50.234,43.571456905,1.485755092,0.,-0.,-0.,-0.,1.,-0.,-0.,-0.,-0.,-8.,0.,0.,0.,-8.,0.,0.,39.999996,0.,0.,0.,0.,0.,0.,0.,0.,0.,0.,0.,-25.143944,1e-06,-0.,4028.917236,7690.513672,0.000125,0.000164,-17.280001,-51.262352,164.076126,66.130287,102.524811,-328.152252,2.732656,0.026774,-2.528404,-22.411287,0.026775,-2.528404,-25.153292,0.,0.,146,0,0,0,0,0,-83206,758,10252,-178060640,47958776,8571636,-891722,208594,92489
225.484,03:59:50.484,43.571664406,1.485806210,0.,-0.,-0.,-0.,1.,-0.,-0.,-0.,-0.,-8.,0.,0.,0.,-8.,0.,0.,39.999996,0.,0.,0.,0.,0.,0.,0.,0.,0.,0.,0.,-25.143944,1e-06,-0.,4028.917236,7690.513672,0.000125,0.000164,-17.280001,-51.262352,164.076126,66.130287,102.524811,-328.152252,2.732656,0.026774,-2.528404,-22.411287,0.026775,-2.528404,-25.153292,0.,0.,146,0,0,0,0,0,-83204,748,10275,-180402128,48648236,8721677,-913599,214490,93544
225.734,03:59:50.734,43.571874869,1.485858250,0.,-0.,-0.,-0.,1.,-0.,-0.,-0.,-0.,-8.,0.,0.,0.,-8.,0.,0.,39.999996,0.,0.,0.,0.,0.,0.,0.,0.,0.,0.,0.,-25.143944,1e-06,-0.,4028.917236,7690.513672,0.000125,0.000164,-17.280001,-51.262352,164.076126,66.130287,102.524811,-328.152252,2.732656,0.026774,-2.528404,-22.411287,0.026775,-2.528404,-25.153292,0.,0.,146,0,0,0,0,0,-83202,739,10300,-182748512,49332280,8873125,-935763,220470,94618
225.984,03:59:50.984,43.572088259,1.485911212,0.,-0.,-0.,-0.,1.,-0.,-0.,-0.,-0.,-8.,0.,0.,0.,-8.,0.,0.,39.999996,0.,0.,0.,0.,0.,0.,0.,0.,0.,0.,0.,-25.143944,1e-06,-0.,4028.917236,7690.513672,0.000125,0.000164,-17.280001,-51.262352,164.076126,66.130287,102.524811,-328.152252,2.732656,0.026774,-2.528404,-22.411287,0.026775,-2.528404,-25.153292,0.,0.,146,0,0,0,0,0,-83264,766,10368,-185101664,50007768,9032870,-958213,226533,95711
226.234,03:59:51.234,43.572304505,1.485964806,0.,-0.,-0.,-0.,1.,-0.,-0.,-0.,-0.,-8.,0.,0.,0.,-8.,0.,0.,39.999996,0.,0.,0.,0.,0.,0.,0.,0.,0.,0.,0.,-25.143944,1e-06,-0.,4028.917236,7690.513672,0.000125,0.000164,-17.280001,-51.262352,164.076126,66.130287,102.524811,-328.152252,2.732656,0.026774,-2.528404,-22.411287,0.026775,-2.528404,-25.153292,0.,0.,146,0,0,0,0,0,-83351,672,10498,-187480976,50654324,9074639,-980952,232677,96817
226.484,03:59:51.484,43.572523538,1.486018886,0.,-0.,-0.,-0.,1.,-0.,-0.,-0.,-0.,-8.,0.,0.,0.,-8.,0.,0.,39.999996,0.,0.,0.,0.,0.,0.,0.,0.,0.,0.,0.,-25.143944,1e-06,-0.,4028.917236,7690.513672,0.000125,0.000164,-17.280001,-51.262352,164.076126,66.130287,102.524811,-328.152252,2.732656,0.026774,-2.528404,-22.411287,0.026775,-2.528404,-25.153292,0.,0.,146,0,0,0,0,0,-83330,668,10400,-189843744,51316500,9217702,-1003982,238900,97933
226.734,03:59:51.734,43.572745464,1.486073792,0.,-0.,-0.,-0.,1.,-0.,-0.,-0.,-0.,-8.,0.,0.,0.,-8.,0.,0.,39.999996,0.,0.,0.,0.,0.,0.,0.,0.,0.,0.,0.,-25.143944,1e-06,-0.,4028.917236,7690.513672,0.000125,0.000164,-17.280001,-51.262352,164.076126,66.130287,102.524811,-328.152252,2.732656,0.026774,-2.528404,-22.411287,0.026775,-2.528404,-25.153292,0.,0.,146,0,0,0,0,0,-83329,659,10407,-192206880,51978332,9350826,-1027299,245205,99066
226.984,03:59:51.984,43.572970176,1.486129476,0.,-0.,-0.,-0.,1.,-0.,-0.,-0.,-0.,-8.,0.,0.,0.,-8.,0.,0.,39.999996,0.,0.,0.,0.,0.,0.,0.,0.,0.,0.,0.,-25.143944,1e-06,-0.,4028.917236,7690.513672,0.000125,0.000164,-17.280001,-51.262352,164.076126,66.130287,102.524811,-328.152252,2.732656,0.026774,-2.528404,-22.411287,0.026775,-2.528404,-25.153292,0.,0.,146,0,0,0,0,0,-83327,649,10432,-194573104,52635720,9487257,-1050905,251589,100215
227.234,03:59:52.234,43.573197746,1.486186033,0.,-0.,-0.,-0.,1.,-0.,-0.,-0.,-0.,-8.,0.,0.,0.,-8.,0.,0.,39.999996,0.,0.,0.,0.,0.,0.,0.,0.,0.,0.,0.,-25.143944,1e-06,-0.,4028.917236,7690.513672,0.000125,0.000164,-17.280001,-51.262352,164.076126,66.130287,102.524811,-328.152252,2.732656,0.026774,-2.528404,-22.411287,0.026775,-2.528404,-25.153292,0.,0.,146,0,0,0,0,0,-83326,640,10455,-196942048,53287068,9625941,-1074800,258054,101382
227.484,03:59:52.484,43.573428104,1.486243368,0.,-0.,-0.,-0.,1.,-0.,-0.,-0.,-0.,-8.,0.,0.,0.,-8.,0.,0.,39.999996,0.,0.,0.,0.,0.,0.,0.,0.,0.,0.,0.,-25.143944,1e-06,-0.,4028.917236,7690.513672,0.000125,0.000164,-17.280001,-51.262352,164.076126,66.130287,102.524811,-328.152252,2.732656,0.026774,-2.528404,-22.411287,0.026775,-2.528404,-25.153292,0.,0.,146,0,0,0,0,0,-83324,630,10479,-199314368,53931064,9766594,-1098985,264598,102565
227.734,03:59:52.734,43.573661215,1.486301577,0.,-0.,-0.,-0.,1.,-0.,-0.,-0.,-0.,-8.,0.,0.,0.,-8.,0.,0.,39.999996,0.,0.,0.,0.,0.,0.,0.,0.,0.,0.,0.,-25.143944,1e-06,-0.,4028.917236,7690.513672,0.000125,0.000164,-17.280001,-51.262352,164.076126,66.130287,102.524811,-328.152252,2.732656,0.026774,-2.528404,-22.411287,0.026775,-2.528404,-25.153292,0.,0.,146,0,0,0,0,0,-83323,621,10513,-201691200,54567788,9908387,-1123459,271220,103766
227.984,03:59:52.984,43.573897043,1.486360612,0.,-0.,-0.,-0.,1.,-0.,-0.,-0.,-0.,-8.,0.,0.,0.,-8.,0.,0.,39.999996,0.,0.,0.,0.,0.,0.,0.,0.,0.,0.,0.,-25.143944,1e-06,-0.,4028.917236,7690.513672,0.000125,0.000164,-17.280001,-51.262352,164.076126,66.130287,102.524811,-328.152252,2.732656,0.026774,-2.528404,-22.411287,0.026775,-2.528404,-25.153292,0.,0.,146,0,0,0,0,0,-83322,612,10520,-204070320,55199440,10053089,-1148223,277919,104984
228.234,03:59:53.234,43.574135624,1.486420522,0.,-0.,-0.,-0.,1.,-0.,-0.,-0.,-0.,-8.,0.,0.,0.,-8.,0.,0.,39.999996,0.,0.,0.,0.,0.,0.,0.,0.,0.,0.,0.,-25.143944,1e-06,-0.,4028.917236,7690.513672,0.000125,0.000164,-17.280001,-51.262352,164.076126,66.130287,102.524811,-328.152252,2.732656,0.026774,-2.528404,-22.411287,0.026775,-2.528404,-25.153292,0.,0.,146,0,0,0,0,0,-83321,603,10548,-206452864,55825496,10197868,-1173279,284696,106220
228.484,03:59:53.484,43.574376853,1.486481306,0.,-0.,-0.,-0.,1.,-0.,-0.,-0.,-0.,-8.,0.,0.,0.,-8.,0.,0.,39.999996,0.,0.,0.,0.,0.,0.,0.,0.,0.,0.,0.,-25.143944,1e-06,-0.,4028.917236,7690.513672,0.000125,0.000164,-17.280001,-51.262352,164.076126,66.130287,102.524811,-328.152252,2.732656,0.026774,-2.528404,-22.411287,0.026775,-2.528404,-25.153292,0.,0.,146,0,0,0,0,0,-83319,593,10571,-208838928,56446108,10347680,-1198624,291548,107474
228.734,03:59:53.734,43.574620730,1.486542965,0.,-0.,-0.,-0.,1.,-0.,-0.,-0.,-0.,-8.,0.,0.,0.,-8.,0.,0.,39.999996,0.,0.,0.,0.,0.,0.,0.,0.,0.,0.,0.,-25.143944,1e-06,-0.,4028.917236,7690.513672,0.000125,0.000164,-17.280001,-51.262352,164.076126,66.130287,102.524811,-328.152252,2.732656,0.026774,-2.528404,-22.411287,0.026775,-2.528404,-25.153292,0.,0.,146,0,0,0,0,0,-83318,584,10595,-211229008,57059820,10497343,-1224262,298475,108746
228.984,03:59:53.984,43.574867291,1.486605546,0.,-0.,-0.,-0.,1.,-0.,-0.,-0.,-0.,-8.,0.,0.,0.,-8.,0.,0.,39.999996,0.,0.,0.,0.,0.,0.,0.,0.,0.,0.,0.,-25.143944,1e-06,-0.,4028.917236,7690.513672,0.000125,0.000164,-17.280001,-51.262352,164.076126,66.130287,102.524811,-328.152252,2.732656,0.026774,-2.528404,-22.411287,0.026775,-2.528404,-25.153292,0.,0.,146,0,0,0,0,0,-83317,575,10618,-213622352,57667584,10649184,-1250192,305478,110037
229.234,03:59:54.234,43.575116430,1.486669003,0.,-0.,-0.,-0.,1.,-0.,-0.,-0.,-0.,-8.,0.,0.,0.,-8.,0.,0.,39.999996,0.,0.,0.,0.,0.,0.,0.,0.,0.,0.,0.,-25.143944,1e-06,-0.,4028.917236,7690.513672,0.000125,0.000164,-17.280001,-51.262352,164.076126,66.130287,102.524811,-328.152252,2.732656,0.026774,-2.528404,-22.411287,0.026775,-2.528404,-25.153292,0.,0.,146,0,0,0,0,0,-83315,565,10641,-216018816,58268456,10803001,-1276414,312554,111346
229.484,03:59:54.484,43.575368148,1.486733383,0.,-0.,-0.,-0.,1.,-0.,-0.,-0.,-0.,-8.,0.,0.,0.,-8.,0.,0.,39.999996,0.,0.,0.,0.,0.,0.,0.,0.,0.,0.,0.,-25.143944,1e-06,-0.,4028.917236,7690.513672,0.000125,0.000164,-17.280001,-51.262352,164.076126,66.130287,102.524811,-328.152252,2.732656,0.026774,-2.528404,-22.411287,0.026775,-2.528404,-25.153292,0.,0.,146,0,0,0,0,0,-83314,555,10665,-218418496,58863016,10958742,-1302929,319703,112674
229.734,03:59:54.734,43.575622409,1.486798686,0.,-0.,-0.,-0.,1.,-0.,-0.,-0.,-0.,-8.,0.,0.,0.,-8.,0.,0.,39.999996,0.,0.,0.,0.,0.,0.,0.,0.,0.,0.,0.,-25.143944,1e-06,-0.,4028.917236,7690.513672,0.000125,0.000164,-17.280001,-51.262352,164.076126,66.130287,102.524811,-328.152252,2.732656,0.026774,-2.528404,-22.411287,0.026775,-2.528404,-25.153292,0.,0.,146,0,0,0,0,0,-83313,546,10689,-220821056,59451644,11117109,-1329737,326924,114021
229.984,03:59:54.984,43.575879178,1.486864961,0.,-0.,-0.,-0.,1.,-0.,-0.,-0.,-0.,-8.,0.,0.,0.,-8.,0.,0.,39.999996,0.,0.,0.,0.,0.,0.,0.,0.,0.,0.,0.,-25.143944,1e-06,-0.,4028.917236,7690.513672,0.000125,0.000164,-17.280001,-51.262352,164.076126,66.130287,102.524811,-328.152252,2.732656,0.026774,-2.528404,-22.411287,0.026775,-2.528404,-25.153292,0.,0.,146,0,0,0,0,0,-83313,537,10713,-223227680,60033032,11275936,-1356838,334216,115388
230.234,03:59:55.234,43.576138457,1.486932160,0.,-0.,-0.,-0.,1.,-0.,-0.,-0.,-0.,-8.,0.,0.,0.,-8.,0.,0.,39.999996,0.,0.,0.,0.,0.,0.,0.,0.,0.,0.,0.,-25.143944,1e-06,-0.,4028.917236,7690.513672,0.000125,0.000164,-17.280001,-51.262352,164.076126,66.130287,102.524811,-328.152252,2.732656,0.026774,-2.528404,-22.411287,0.026775,-2.528404,-25.153292,0.,0.,146,0,0,0,0,0,-83312,528,10726,-225636576,60610276,11439576,-1384234,341579,116774
230.484,03:59:55.484,43.576400245,1.487000379,0.,-0.,-0.,-0.,1.,-0.,-0.,-0.,-0.,-8.,0.,0.,0.,-8.,0.,0.,39.999996,0.,0.,0.,0.,0.,0.,0.,0.,0.,0.,0.,-25.143944,1e-06,-0.,4028.917236,7690.513672,0.000125,0.000164,-17.280001,-51.262352,164.076126,66.130287,102.524811,-328.152252,2.732656,0.026774,-2.528404,-22.411287,0.026775,-2.528404,-25.153292,0.,0.,146,0,0,0,0,0,-83312,526,10750,-228046416,61184740,11606465,-1411923,349013,118181
230.734,03:59:55.734,43.576664472,1.487069522,0.,-0.,-0.,-0.,1.,-0.,-0.,-0.,-0.,-8.,0.,0.,0.,-8.,0.,0.,39.999996,0.,0.,0.,0.,0.,0.,0.,0.,0.,0.,0.,-25.143944,1e-06,-0.,4028.917236,7690.513672,0.000125,0.000164,-17.280001,-51.262352,164.076126,66.130287,102.524811,-328.152252,2.732656,0.026774,-2.528404,-22.411287,0.026775,-2.528404,-25.153292,0.,0.,146,0,0,0,0,0,-83289,505,10844,-230461456,61750384,11767566,-1439906,356516,119607
230.984,03:59:55.984,43.576931067,1.487139589,0.,-0.,-0.,-0.,1.,-0.,-0.,-0.,-0.,-8.,0.,0.,0.,-8.,0.,0.,39.999996,0.,0.,0.,0.,0.,0.,0.,0.,0.,0.,0.,-25.143944,1e-06,-0.,4028.917236,7690.513672,0.000125,0.000164,-17.280001,-51.262352,164.076126,66.130287,102.524811,-328.152252,2.732656,0.026774,-2.528404,-22.411287,0.026775,-2.528404,-25.153292,0.,0.,146,0,0,0,0,0,-83282,505,10936,-232897072,62283516,11903566,-1468186,364086,121052
231.234,03:59:56.234,43.577199962,1.487210338,0.,-0.,-0.,-0.,1.,-0.,-0.,-0.,-0.,-8.,0.,0.,0.,-8.,0.,0.,39.999996,0.,0.,0.,0.,0.,0.,0.,0.,0.,0.,0.,-25.143944,1e-06,-0.,4028.917236,7690.513672,0.000125,0.000164,-17.280001,-51.262352,164.076126,66.130287,102.524811,-328.152252,2.732656,0.026774,-2.528404,-22.411287,0.026775,-2.528404,-25.153292,0.,0.,146,0,0,0,0,0,-83285,453,10894,-235338400,62805036,12023968,-1496764,371721,122511
